node,mean_score,std_score,boot_times,stability_score,city
bus_BV10573494,3.969634850098378,0.01071216578718486,10,370.5722281786407,Wuxi
bus_BV10845466,4.405622886140433,0.012701619794316332,10,346.85492787011015,ningbo
bus_BV11070148,3.0819030880616873,0.013246201847434823,10,232.66297742765673,Wuhu
bus_BV10560460,4.94791081434161,0.02365910414850691,10,209.1333928770053,Nantong
bus_BV10852760,3.361145175389479,0.01750483551762984,10,192.0122729449016,Wuhu
bus_BV09406125,2.635977325358391,0.0181558095418331,10,145.18635852734684,Shenyang
bus_BV10124722,0.9862806842579424,0.008143598641715686,10,121.11101204025368,Wuxi
bus_BV11183612,2.5617262279222173,0.021168794154742522,10,121.01421550297184,Shenyang
bus_BV11625238,0.1840180885847273,0.001829249344299226,10,100.59704719191859,Wuxi
bus_BV09061634,0.7806443381542877,0.007885985003679265,10,98.99122910806724,Wuhu
bus_BV09234286,0.33741427608248087,0.0036353748519898795,10,92.81390824352266,Wuxi
bus_BV09136337,3.4050226236747205,0.0407793322320662,10,83.49871374328431,Xuzhou
bus_BV10673006,3.9460270400659203,0.048005138136260894,10,82.20008047606194,Changsha
bus_BV10124412,0.6747911773913478,0.00837788471808796,10,80.54424173348309,Wuxi
bus_BV10124947,0.46075447978221495,0.006030305892691283,10,76.40635880131046,Wuxi
bus_BV10416038,0.786495112918576,0.010921137393458766,10,72.01579509765138,Hefei
bus_BV10141960,0.8529773756086845,0.014700122715721594,10,58.02514794280984,Xuzhou
bus_BV10137144,0.485813740508963,0.008809197646370583,10,55.148403807818006,Nantong
bus_BV09165468,1.5228981049856265,0.027703277733083644,10,54.97174630168392,Shaoxing
bus_BV10654133,0.4573711005389304,0.008378611935309376,10,54.58786708246936,ningbo
bus_BV10194540,0.4517325817907987,0.00841871392938011,10,53.65808233885878,ningbo
bus_BV11372020,0.8085079392707041,0.015704320289892125,10,51.48312117397894,Changzhou
bus_BV10330341,3.0080060046644155,0.06703311167719833,10,44.873428678282856,Harbin
bus_BV10307819,2.634026907263311,0.058718222464885284,2,44.85875675563827,urumchi
bus_BV10856687,0.8029454654826018,0.01802065600784951,10,44.55692509549046,Shenyang
bus_BV10142296,0.6923841681223688,0.016318287188620408,10,42.42992759104816,Xuzhou
bus_BV09277590,0.8414105440778463,0.019964019976425666,10,42.14632742344195,ningbo
bus_BV11038075,0.7592811506902188,0.018566251377708256,10,40.89574822004048,Wenzhou
bus_BV10124634,0.3415194746886828,0.00854173779501336,10,39.98238801759759,Wuxi
bus_BV10244410,3.679793177792496,0.09208286514532878,10,39.96175371354232,Dongguan
bus_BV10731532,2.5776651458358626,0.06833325909156544,10,37.72196442675433,Harbin
bus_BV11259102,1.0581175064647708,0.028126984128974516,10,37.61928848894557,Wuhu
bus_BV09165358,0.29788562595367923,0.008551494238608064,10,34.8342955393502,ningbo
bus_BV10707090,0.28421622539757596,0.0082936092750318,10,34.269263631767835,Nantong
bus_BV10111557,0.3611964475526724,0.01080141849514061,10,33.43969251059421,Changchun
bus_BV09098772,0.4958011577600446,0.01497789948121331,9,33.10216010998895,Nantong
bus_BV11662674,0.8995179982713021,0.027486243712707015,10,32.726104025426025,Wuhu
bus_BV09277524,0.5849753921071548,0.01912026093251063,10,30.59451375830181,ningbo
bus_BV11121700,3.250915050622711,0.10860207595352639,10,29.934186089334055,Changchun
bus_BV11355508,1.3799009081553335,0.04668802042483529,10,29.55577469426312,Shenyang
bus_BV10719321,1.5240623531875372,0.05180552928169699,10,29.41890721183925,Xuzhou
bus_BV09385716,3.1178877106748253,0.10802539042907044,10,28.862542497327123,Lanzhou
bus_BV10654141,0.2702242909543361,0.009485985957734784,10,28.48665466001996,ningbo
bus_BV11401675,2.6894212955113357,0.09601836104422433,10,28.00944513287605,Hohhot
bus_BV10465326,0.7448040031125258,0.026737647739950736,10,27.85599286057351,Changsha
bus_BV10994114,1.4957394126843873,0.054064743963752424,10,27.665702755018582,Wuhan
bus_BV10858341,0.4356394376682421,0.01636429995542439,10,26.621314241474487,Chuzhou
bus_BV10565604,0.6580354882533861,0.024905034106525756,10,26.42177566274472,Nantong
bus_BV10994990,1.7399366304095825,0.0663096012622914,10,26.239584236547024,Changchun
bus_BV10053891,0.8024499516523879,0.03135316558984205,10,25.593897158933057,nanking
bus_BV10127575,0.5304586221588125,0.021447035569014766,10,24.733412369169532,Wuxi
bus_BV11547836,0.4871438319925228,0.020808334635649565,10,23.410984416219797,Hefei
bus_BV09242428,0.5117687864746159,0.02189826302918522,10,23.370280651471877,Harbin
bus_BV10147848,0.3736524152970656,0.016181950321032507,10,23.090676771182707,Changzhou
bus_BV10988137,0.27063926231579594,0.012622341261458175,10,21.441271654527764,ningbo
bus_BV10049323,0.36686242522175283,0.017863643381361868,10,20.53680831069643,Shenyang
bus_BV10944872,0.5973988802528327,0.02917888561304684,10,20.4736631631019,Shenyang
bus_BV11082535,0.8635939801353165,0.04318888359374096,10,19.995742152109003,Changchun
bus_BV10114326,0.31418910565179875,0.016452743794521104,10,19.096444861189507,Harbin
bus_BV09028593,0.5877129004459343,0.03139217828009903,10,18.721628935263265,Suzhou
bus_BV10142196,0.41022445550155917,0.02202413170131544,10,18.626126777828425,Xuzhou
bus_BV10114512,0.6720257359993137,0.036427910633772084,10,18.44809487633184,Harbin
bus_BV11192298,3.228514327761662,0.17612147826065552,10,18.331177868446918,sian
bus_BV10996960,4.655417002373502,0.2605979348702497,10,17.864365755805977,Chuzhou
bus_BV10868803,3.7831251692148435,0.2124629308581573,10,17.80604727551287,Wenzhou
bus_BV10127611,0.7361939064181372,0.041448790572802936,10,17.761524971634486,Wuxi
bus_BV10183694,0.4395475782420659,0.025176373659143783,10,17.45872577225471,Hangzhou
bus_BV10383571,0.7464627782051447,0.04282330145024664,10,17.43122502500552,Hangzhou
bus_BV10950793,0.16520510434238084,0.009648825300203969,10,17.12176643111408,nanking
bus_BV10137320,0.1810468142276577,0.010780146963409303,10,16.794450659872428,Nantong
bus_BV10940754,1.8103385582128424,0.1093909230224457,10,16.5492560324116,Wuhan
bus_BV10193640,0.2833541328486579,0.017341701561387347,10,16.339455990005487,ningbo
bus_BV11356405,0.5200855178620699,0.03252308074598477,10,15.991269769656764,Xuzhou
bus_BV10877845,0.2703045856402727,0.01697106502996764,10,15.927369666504156,nanking
bus_BV10595089,1.376054469905125,0.08655932004349007,10,15.8972402999625,Dongguan
bus_BV10273606,2.2389330482522736,0.1410256943064267,10,15.876063581908614,Nanchang
bus_BV10142194,0.5117564795343038,0.03233135118445894,10,15.828485432908256,Xuzhou
bus_BV10542418,0.5714532112572541,0.03613208579924541,10,15.81566744515242,Xuzhou
bus_BV11376426,0.6869832576274707,0.043929525654084145,10,15.638300004739557,Nantong
bus_BV10114485,0.2570332444687723,0.016798522505595284,10,15.300934434788228,Harbin
bus_BV10953798,0.7690866706393871,0.05069731985712639,10,15.170161284761994,Changzhou
bus_BV10974228,0.3340288745811862,0.022192621766282436,10,15.051341278445431,Wuhan
metro_BV10677765,0.6820601821622764,0.045455722770704775,9,15.004932064407269,Xiamen
bus_BV11627012,0.32356440844311674,0.021782701797367507,10,14.854183971814761,Chuzhou
bus_BV11040218,1.2047111406600381,0.08157180054848256,10,14.768718906196312,Zhengzhou
bus_BV11159503,2.7317117865656124,0.1860257864540183,10,14.68458589419793,Luoyang
bus_BV10844476,3.4607803216759527,0.24141956988809202,10,14.335126932455802,Hangzhou
bus_BV10157308,2.9658394690550685,0.2080281950646693,10,14.256910346042183,Qingdao
bus_BV11473612,2.6606291276419096,0.1901952122379586,10,13.988937767916807,Zhengzhou
bus_BV09244985,0.5329745194519505,0.03825124000839779,10,13.933519017939014,Foshan
bus_BV10057986,1.1396978379692022,0.08269448647081981,10,13.782027663368922,Wuhan
bus_BV10192143,0.0887478659348189,0.006443142686363168,10,13.77398150483883,ningbo
bus_BV10869016,2.758561129492971,0.2017063642598534,10,13.676122728472548,Shijiazhuang
bus_BV10624620,0.5345518657793557,0.03914452345312901,10,13.655849709370502,Qingdao
bus_BV10706408,0.0389941414559812,0.00289291421289632,10,13.47914379580006,ningbo
bus_BV10457807,1.5694740837682435,0.1248652181073499,10,12.569344625061875,Nanchang
bus_BV11470836,0.142723345828068,0.011362831718672715,10,12.56053277531172,Nantong
bus_BV11446275,1.7327686809300107,0.1391335559006479,10,12.453994618145137,Hefei
bus_BV09289872,1.1967288147714519,0.09713391323860633,10,12.320400276963245,sian
bus_BV09247007,0.9184754717786777,0.07528047127650953,10,12.200712006676268,Changzhou
bus_BV10203407,1.4186899950018361,0.11792021959351359,10,12.030929721662226,Wenzhou
bus_BV10273051,0.5953185234110647,0.050640191087230405,10,11.755848330570357,Nanchang
bus_BV10192194,0.17303801786461212,0.014726528345912149,10,11.750080962689015,ningbo
bus_BV10085752,3.9115778915349564,0.3338857377219916,10,11.715318543012245,Taiyuan
bus_BV10049757,0.2604638160230806,0.022262683070702442,10,11.69956461223684,Shenyang
bus_BV10295161,0.7598236087982302,0.06563080804231228,10,11.577238124753693,Lanzhou
bus_BV10264111,0.3221581054299695,0.0279075159210959,10,11.54377160988116,Dongguan
bus_BV10273610,1.4805367874946012,0.12991282627986658,10,11.396385683591218,Nanchang
bus_BV10922236,0.4641974109282313,0.04148151650899682,10,11.19046115208785,Shenyang
bus_BV10204150,0.39653294903134145,0.035631008244274835,10,11.128869411276396,Wenzhou
bus_BV09008219,0.49592268196041356,0.04473816307054301,10,11.085000748207671,Hohhot
bus_BV10091315,0.39512432079666493,0.03570048560542409,10,11.067754497409062,Zhengzhou
bus_BV09039001,0.33860999043183554,0.030889260782363644,10,10.96205840589692,Changchun
bus_BV11689332,0.42992936044665175,0.03924119185012327,10,10.956070155259559,Dongguan
bus_BV10412293,0.29175341890666356,0.026714601304203726,10,10.921117870083108,Hefei
bus_BV10244893,0.11318619617582605,0.010388061173026182,3,10.895785588158752,Shenzhen
bus_BV11689529,0.4888860701894546,0.044907290079532196,10,10.886561189909491,sian
bus_BV11222816,0.20862318377326045,0.019222053335673193,10,10.85331892472167,nanking
bus_BV10055450,0.2764312091747428,0.025525437327433155,10,10.829632312756837,nanking
bus_BV10648101,0.14737772836931423,0.013711677374182796,10,10.748329096738745,Wuhu
bus_BV10114428,0.6041534516663228,0.05626889812710349,10,10.736896658837342,Harbin
bus_BV10137437,0.6354882480428639,0.06070637211691205,10,10.468227983328044,Nantong
bus_BV11123651,0.7764619588075584,0.07476071816128088,10,10.385960355181421,Changchun
bus_BV11556857,0.7075909098659917,0.0681354261796675,10,10.385064652703377,Qingdao
bus_BV10129925,0.28173381365663314,0.027344787154629246,10,10.303013478706239,Suzhou
bus_BV10142303,0.3675003583959853,0.0356787329659182,10,10.300260823287323,Xuzhou
bus_BV10430171,1.2574353591756797,0.12251132341111583,10,10.26382885700915,Shanghai
bus_BV11401798,1.0900496242414646,0.10822031987105393,10,10.072503249068584,Hohhot
bus_BV10273227,0.7369860464513417,0.07396059179291607,10,9.964576120065184,Nanchang
bus_BV10268046,0.9754262638890264,0.0983024394696086,10,9.922705580094334,Nanning
bus_BV11458559,1.7660191205517002,0.17799429981441958,10,9.921772906072038,Wenzhou
bus_BV10251713,0.2153166065253731,0.021761664074869486,10,9.894303433853098,Foshan
bus_BV11596329,0.32511860785572405,0.0332734953097696,10,9.771095796157802,Hefei
bus_BV10690266,0.09505765297261541,0.00979662236738012,10,9.703094839929811,Xuzhou
bus_BV10058480,0.5729579301157812,0.05969989372526648,10,9.597300738582115,Wuhan
bus_BV11148787,0.32693856771394586,0.03411330419761226,10,9.583899289879895,Hangzhou
bus_BV11401447,1.0584165582377558,0.11045344358933977,10,9.582466856789232,Dongguan
bus_BV10765395,0.2782792817616184,0.029097130154722872,10,9.56380181288881,Shaoxing
bus_BV10734125,0.6609077489724728,0.06916672667645878,9,9.55528308446878,Shenzhen
bus_BV10114707,0.11672967611404048,0.012393519150261639,10,9.418598584695806,Harbin
bus_BV10626993,0.6241838828484284,0.06717896114105919,10,9.291358177215859,Shaoxing
bus_BV09040316,0.6766656941744246,0.07338982750508925,10,9.22015523099504,Changchun
bus_BV10208441,0.9670634308089141,0.1057294595049441,10,9.146583590525747,Fuzhou
bus_BV10244991,0.4609654975646304,0.05051577265480065,10,9.12517778284533,Shenzhen
bus_BV10307773,0.5242229797555431,0.057813108704572416,10,9.06754369080737,urumchi
bus_BV09005417,0.2412370044792623,0.026619688723735768,10,9.062349164160917,Harbin
bus_BV10615603,0.7109723675638858,0.07909230724898803,10,8.98914575135909,Hohhot
bus_BV10976884,0.5227220996350639,0.05832791686142431,10,8.961780878599523,nanking
bus_BV10624101,1.9770955347116932,0.2221015855576371,10,8.901761960546661,Changzhou
bus_BV10558085,0.22237200027884874,0.025110155142601537,10,8.855855746706167,Chongqing
bus_BV10181603,0.5917301483462275,0.06685217299551699,10,8.851321255820594,Hangzhou
bus_BV10053673,0.43423793823721146,0.04941739950084275,10,8.787144907500789,nanking
bus_BV10746891,1.164868693517946,0.13330753831280232,10,8.738205062361624,Tianjin
bus_BV10462898,0.5922183665510368,0.06778857825859697,10,8.736254608104064,Jinan
bus_BV10254208,2.8450930101747622,0.3279347651443277,10,8.675789290484992,Foshan
bus_BV10295754,0.6785921772886347,0.0784646802994692,10,8.64837641872685,Lanzhou
bus_BV10881705,0.7164308174872549,0.08332922151415496,10,8.597592999109278,urumchi
bus_BV10229999,0.4040449517097768,0.04735596510963294,10,8.532079653610337,Changsha
bus_BV10865090,0.5585127612854734,0.06563035478861368,10,8.509974964856067,Zhengzhou
bus_BV10397305,3.008151651679932,0.3549675055053538,10,8.474442083516687,nanking
bus_BV10273353,0.5581014765233834,0.06600535758475401,10,8.455395325338577,Nanchang
bus_BV11066649,0.5005171726641687,0.05934830756798833,10,8.433552848246887,Shenyang
bus_BV10938051,0.48139222601858106,0.05729140035449531,10,8.402520081805058,Zhengzhou
bus_BV11477650,0.3852204830787078,0.04606993975081039,10,8.361643222151152,Wenzhou
bus_BV10133347,0.6059617722018297,0.07329400126882138,10,8.267548217266155,Suzhou
bus_BV11192670,0.3595329584726992,0.04387830872162681,5,8.193863597045528,Changsha
bus_BV11340469,0.23116545771219382,0.028868360308423605,10,8.007568672650052,Changchun
bus_BV10377949,0.47668786981992756,0.060095957333603844,10,7.932110771655357,Luoyang
bus_BV10171581,0.17978346964163028,0.022701285768058545,10,7.919524571570554,Hefei
bus_BV11434560,0.8082018440766389,0.10207544702896723,10,7.917690183324727,Jinan
bus_BV10025013,1.111159524489685,0.14121104385925698,10,7.868785722661356,Shanghai
bus_BV09403774,0.26251773155080155,0.03343038702146943,10,7.852665685729346,Shenzhen
bus_BV10152750,0.8621289098571779,0.10997905673278581,10,7.839027330099802,Jinan
bus_BV10308088,0.43540171966477875,0.05599230023802455,10,7.776098500202552,urumchi
bus_BV09360551,0.22000428267743444,0.028985679160395704,10,7.5901001166477355,Guangzhou
bus_BV10600171,0.12207887030992744,0.016108020501044235,10,7.578758328152745,Nanchang
bus_BV10171847,0.19049883277912558,0.025593867515400257,10,7.44314075366264,Hefei
bus_BV09063181,0.4300745479408544,0.05781732358629355,10,7.438505397329667,Shenzhen
bus_BV10295518,0.6669197741710858,0.09101645152477073,10,7.327463219272476,Lanzhou
bus_BV11084447,0.3556025549892685,0.04866618301349076,10,7.306972930689111,Changsha
bus_BV10098850,0.3159098354475265,0.04333396724570631,10,7.290118644229176,Luoyang
bus_BV09306208,0.17896647304193594,0.024631354824406457,10,7.265796041663253,Foshan
bus_BV09140008,1.3778000870056615,0.1978050036539169,10,6.965445726346879,Luoyang
bus_BV10084988,1.1098455432643208,0.15963389625416524,10,6.952442430978615,Taiyuan
bus_BV10307774,0.4512424292452623,0.0650925873995604,10,6.932315613024066,urumchi
bus_BV10110355,0.3424510391945609,0.04969122052211965,10,6.891578968689889,Changchun
bus_BV10284875,1.9400788952715744,0.286102253294538,10,6.781067975244545,Guiyang
bus_BV11438562,1.375259309526014,0.20591879506311053,10,6.678648456145231,Wuhan
bus_BV10111955,0.7272898323880397,0.10905658094080505,10,6.668921393139881,Changchun
bus_BV10749245,0.22390213945301554,0.0336299361850439,10,6.65782033135071,Chongqing
bus_BV10565481,0.20934510946679877,0.03165067585954753,10,6.614236114685937,ningbo
bus_BV10053887,0.24888420061834454,0.037723816244327704,10,6.597533320357918,nanking
bus_BV11436659,0.39943904609592534,0.060840194212040725,10,6.565379772622022,Changsha
bus_BV11336643,0.368341777155163,0.05617201454755826,10,6.557388310675984,Chuzhou
bus_BV11096185,0.735529768597978,0.11248669529727895,10,6.53881511289824,Hohhot
bus_BV10426611,0.7354571133450482,0.11268301248033669,10,6.526778366043441,Chuzhou
bus_BV10013862,0.4553893902676395,0.0698595071626035,10,6.518644971560354,Guangzhou
bus_BV11049400,0.9984440191791603,0.15395584188621705,10,6.485261891292528,Shenzhen
bus_BV10284917,0.9379312027594227,0.14511870044746591,10,6.463199678851618,Guiyang
bus_BV09208763,0.5269813641531554,0.08210262565760461,10,6.418568173022407,Hangzhou
bus_BV10295149,0.5906790202021306,0.0924265849842988,10,6.390790662606079,Lanzhou
bus_BV10251602,0.3047827789010365,0.04807800426774339,10,6.33933791865281,Foshan
bus_BV11494087,0.6554275103030781,0.10348743827503831,10,6.333401018461197,Kunming
bus_BV10120761,0.9288546435491124,0.14695266271039295,10,6.320774072477424,Hohhot
metro_BV10104040,1.1170409287918994,0.1769573361291582,10,6.3124868971339,Dalian
bus_BV11694024,0.7742443823927908,0.12370053780078075,10,6.2590214526754435,Luoyang
bus_BV10308469,0.6505693981083902,0.10454651693380286,10,6.222773890139077,urumchi
bus_BV11116490,0.06655888688384923,0.010878025136698758,10,6.118649742112193,nanking
bus_BV10651963,0.22274222713951902,0.03661937492968711,10,6.08263157797998,Changsha
bus_BV09007760,0.3694439725694341,0.060837787331145206,10,6.072605991280712,Taiyuan
bus_BV10566219,0.8240091904770438,0.1361018339148302,10,6.054357286979097,sian
bus_BV10592935,2.97077043056232,0.4934481157099783,10,6.020431076291848,urumchi
bus_BV10062724,0.33355395244469077,0.055470730199497185,10,6.01315128020798,Chengdu
bus_BV10230324,0.4660205739597439,0.07808570828570816,10,5.9680641247944894,Changsha
bus_BV10479025,0.8971713098881537,0.15204128483016957,10,5.900839708648206,Changchun
bus_BV09000597,0.6036666341540304,0.1031093578466278,10,5.8546245288979675,Xiamen
bus_BV10955605,0.5262082505612031,0.08988610731957289,10,5.854165985280802,Hohhot
bus_BV10198825,0.2746504742367399,0.04700985140147156,10,5.842401276004239,Shaoxing
bus_BV10070157,0.468033357336879,0.08030021947240347,10,5.828543211046821,sian
bus_BV11031764,0.6260083799886941,0.10744443853360422,10,5.82634457649903,Tianjin
bus_BV10516835,0.34101880572793886,0.05866780357561927,10,5.812706916176213,Guiyang
bus_BV10801215,1.1265734950837096,0.197786119288866,10,5.695917601169861,Kunming
bus_BV10959043,1.5667067941479595,0.2753837092105416,10,5.6891772637806195,Shijiazhuang
bus_BV10860666,0.5561759591044297,0.09777504935679851,10,5.688321365010326,urumchi
bus_BV10153282,0.7634570458845132,0.13478056594392857,10,5.6644441570135955,Jinan
bus_BV10570155,0.22940746977505772,0.0405651594562049,10,5.655281929063094,Shenzhen
bus_BV11594387,0.48115826920968335,0.08654775151616366,10,5.5594536563469905,nanking
bus_BV09048174,1.2024040673525453,0.2170120943241836,10,5.540723505248968,Nanning
bus_BV10722782,0.2741555725913578,0.04970460103555033,10,5.515696972163669,Hefei
bus_BV10425068,1.6849481268506317,0.3059150021594813,10,5.507896179910992,Jinan
bus_BV10274536,0.7297201019038436,0.13276051267855898,10,5.496514228635938,Nanchang
bus_BV10058419,0.6151273687584587,0.11209910553733564,10,5.48735256125714,Wuhan
bus_BV11194086,0.4911108486620338,0.09033141656864317,10,5.436766220987741,Shenyang
bus_BV10801217,1.2261044938708245,0.2255793995601525,10,5.435356428414954,Kunming
bus_BV10085441,0.7936803591294349,0.14627943023578524,10,5.425782036423681,Taiyuan
bus_BV09006443,0.8398980768473919,0.15543925329894376,10,5.403384312444173,Nanchang
bus_BV11109018,1.3128446291134541,0.24414494757064392,10,5.377316173870105,sian
bus_BV10267705,1.7865112027786858,0.3371797766082821,10,5.298393538798225,Nanning
bus_BV10411597,1.6820768805042092,0.3177176635973407,10,5.294250274021546,Shijiazhuang
bus_BV10549854,0.4887929189079929,0.09237566570277196,10,5.291359605105714,Wuhan
bus_BV09010133,0.25479501229793866,0.048187698471847534,10,5.287551958333862,Tianjin
bus_BV10181431,0.650014418325674,0.12387714227920121,9,5.247250250479082,Hangzhou
bus_BV10103953,1.527689453975939,0.2911658798076925,10,5.2468009044086115,Dalian
bus_BV10026128,0.33182196095800326,0.06412111451537394,10,5.174924230757124,Shanghai
bus_BV10982411,0.14649839671902953,0.02836813540557621,10,5.164186612292002,nanking
bus_BV11047428,0.14994562591571814,0.02909481516436827,10,5.153687127130529,Chuzhou
bus_BV10964587,1.5548699792883482,0.30338991008069427,10,5.124988921434143,Hefei
bus_BV11407364,0.16964862826666846,0.033278419866394245,10,5.097855546303455,Changsha
bus_BV10420062,0.20761797334158355,0.04088616756584275,10,5.0779501949586106,Guiyang
bus_BV09060900,0.8276102888414363,0.16408263686809535,10,5.043862374470015,Harbin
bus_BV10880616,2.3930605732701937,0.4776151527339682,10,5.01043676999662,Shaoxing
bus_BV10198828,0.35642113480572407,0.07228645664568241,10,4.93067584217042,Shaoxing
bus_BV10243171,0.170000988711921,0.03450781141867163,10,4.926448026067973,Shenzhen
bus_BV10525622,1.6647164407983002,0.3381320300150471,10,4.923273289109837,Guangzhou
bus_BV10171956,0.17554579998220723,0.03568769801404279,10,4.918942956861549,Hefei
bus_BV10126137,0.04082617053838602,0.008304645809620707,10,4.916058109366804,Wuxi
bus_BV09079784,1.584006009814123,0.3224963630782146,3,4.911701780379268,Fuzhou
bus_BV10069695,0.317316678608246,0.06493791025688425,10,4.886461983275579,sian
bus_BV10295241,0.8101584077782984,0.16637189049960444,10,4.869562740735925,Lanzhou
bus_BV10006169,0.36448357975762224,0.07494352735383457,10,4.863442434492626,Beijing
bus_BV10422478,0.13717849382800973,0.028428379687961625,10,4.8254050030170985,Chongqing
bus_BV10839126,0.7552404796261232,0.156636509185946,10,4.821611738764214,Nanchang
bus_BV10247055,0.20060452712430518,0.041680719951320666,10,4.8128842119270265,Shenzhen
bus_BV10287843,0.5378254089445647,0.11193662049408107,10,4.804731092678402,Kunming
bus_BV10103229,0.3525721846602102,0.07356471957268583,10,4.792679680985578,Dalian
bus_BV09390673,0.5939023036643492,0.124185547097011,2,4.782378221328957,Beijing
bus_BV10070467,0.2596576223223913,0.05431630442145926,10,4.78047203843061,sian
bus_BV11004251,0.12369583727290263,0.02588363805541006,5,4.778918219259607,Hefei
bus_BV11187411,2.1696848060523988,0.46135869498885806,10,4.702815363817178,Shanghai
bus_BV10049974,0.29433220427284185,0.06313747215651509,10,4.661766580162399,Shenyang
bus_BV11434562,1.108732276414067,0.2388653013867515,10,4.641662993999564,Jinan
bus_BV10952243,0.29595145538749834,0.0639014565500896,5,4.631371881825511,Nanchang
bus_BV11411751,0.5002279947744755,0.10831236245277821,10,4.618382770560804,Xiamen
bus_BV10120747,0.2523466903994601,0.05473680448403632,10,4.6101822471429275,Hohhot
bus_BV11114118,1.3761561899313082,0.29889478079790816,10,4.6041491263786165,Changzhou
bus_BV10058710,0.390476015252536,0.08586846440521148,10,4.547373386534016,Wuhan
bus_BV10954420,0.2944495121345004,0.06503971148081407,10,4.527225907960867,Shenyang
bus_BV10986773,0.3001611475103621,0.06661097220172901,10,4.5061810768881125,Shijiazhuang
bus_BV10751440,1.4576750444657425,0.32478214789652693,10,4.488162323652479,Nanning
bus_BV10284737,1.643030510692439,0.36666659604902785,10,4.480993042689973,Guiyang
bus_BV11175200,0.9706333136923739,0.2173557784864131,10,4.465642808279974,Jinan
bus_BV10069584,0.28899397311105385,0.06550926852714453,10,4.411496807911048,sian
bus_BV10873756,0.31064561634123045,0.07043140655131064,9,4.410611507648993,Nanchang
bus_BV10120710,0.30881024447738703,0.07068931875071585,10,4.368555338336832,Hohhot
bus_BV10344996,1.231617829479021,0.2840734439131087,8,4.3355611462933235,Chengdu
bus_BV11291561,0.7149679059538034,0.16675726405528918,10,4.287476573386252,Wuhan
bus_BV11392282,0.16358234405005928,0.03816005807903481,10,4.286741410189769,Shaoxing
bus_BV10045471,0.2853643342249139,0.06658002669693315,10,4.286034498957531,Chongqing
bus_BV09028188,0.21525959113008453,0.05043307571204088,10,4.268221705868998,Changsha
bus_BV11321066,0.521903291086648,0.12268889881777353,5,4.2538750740852755,Jinan
bus_BV11211439,0.30369003732248834,0.07148521398092303,10,4.248291051078373,Chuzhou
bus_BV10676193,1.7559182155541808,0.41414091402705766,10,4.239905099162475,Xiamen
bus_BV10254754,1.8515505717214402,0.4404310182755112,10,4.203951249690802,Foshan
bus_BV11321892,0.648465231222615,0.1551008350166843,10,4.180926487878639,Taiyuan
bus_BV10295658,0.428998842301006,0.1030136615785535,10,4.164484536150827,Lanzhou
bus_BV09083383,2.303407956539595,0.5625499287487796,10,4.094583961137427,Suzhou
bus_BV10273467,0.4897789383826006,0.11981024176540472,10,4.087955172163528,Nanchang
bus_BV10014913,2.0604616904610342,0.5042856796017624,10,4.085901569184312,Guangzhou
bus_BV10964387,0.17622138141335872,0.04319241342537382,10,4.079914194160167,Suzhou
bus_BV11100558,0.30938358649261744,0.07589033121595179,10,4.076718875360472,urumchi
bus_BV10181063,0.3562475071419986,0.08817043356913241,10,4.040441362446738,Hangzhou
bus_BV10102675,1.153708243994727,0.28604817861597415,10,4.033265337483417,Dalian
bus_BV10148194,0.907379485694281,0.22528143582987134,10,4.027759509229705,Changzhou
bus_BV11283604,0.37443430363651886,0.09301002819117038,10,4.025740779365304,Shijiazhuang
bus_BV10295620,0.6757029260027083,0.16896824224693424,10,3.998993402708693,Lanzhou
bus_BV11471898,0.041862740985229664,0.010606834349808848,10,3.9467667861067555,Wuhu
bus_BV09313031,0.19153379618130464,0.04858542694198086,10,3.942205900299467,Changsha
bus_BV10102827,0.6212256194956666,0.1583668326636145,5,3.9227000364918934,Dalian
bus_BV11411663,0.9593489964712056,0.24458239166636037,10,3.9223958466965763,Zhengzhou
bus_BV10845699,0.43792392386654067,0.11340116350621837,10,3.8617230344845335,Hefei
bus_BV11049350,0.6041773834008153,0.1570526814557977,10,3.8469724892989836,Hohhot
bus_BV11363137,0.21587298562130558,0.05621508125311897,10,3.840125148054942,Xiamen
bus_BV11412783,0.9292263841328559,0.24342024348002864,10,3.8173749753698867,Hohhot
bus_BV10847061,0.8347775806315347,0.22001741183597018,2,3.794143089513554,Guangzhou
bus_BV11323156,0.427825795412795,0.11292395444308537,10,3.7886182753389144,Qingdao
bus_BV10243423,0.11482866379954235,0.030322325110350788,10,3.786933406733065,Shenzhen
bus_BV10614269,0.20276459651835857,0.053907565101289155,10,3.761337736623765,Qingdao
bus_BV11099351,0.09506524085703193,0.025378521050863696,8,3.745892174235853,sian
bus_BV09084757,0.13070222838032794,0.034904791556234736,10,3.7445343492285734,Shenzhen
bus_BV10659811,0.13240965627495077,0.036060995044951506,10,3.671823791652417,Changsha
bus_BV11338620,1.4292753337147057,0.38995999090774197,10,3.6651844558099906,Tianjin
bus_BV10075098,0.2837982416926899,0.07771948065794555,10,3.6515710446653085,Shijiazhuang
bus_BV10130683,0.614414172807773,0.1684104599110907,10,3.648313392463913,Suzhou
bus_BV10560174,1.9693857333260751,0.5451355003348645,10,3.612653543916678,Shaoxing
bus_BV10973226,0.4519980383530042,0.12597210616835727,10,3.5880800616933737,Dongguan
bus_BV10382406,0.16141010195748925,0.04507162853813981,10,3.581190016442454,Shenzhen
bus_BV10284835,0.4803361654433476,0.13428849274616506,10,3.5768971700525185,Guiyang
bus_BV10180736,0.4361081513920867,0.12196738653255307,10,3.575612530810146,Hangzhou
bus_BV10390489,1.3406397055979231,0.37643249815079444,10,3.5614344578892707,Changzhou
bus_BV10115682,0.1959944112808417,0.05515998416385731,10,3.5531985499966536,Harbin
bus_BV10411607,0.8783037217243187,0.24817310371457324,10,3.5390768507440575,Fuzhou
bus_BV10927678,0.6096062265822283,0.17233699186730853,10,3.5372915855388776,Chongqing
bus_BV10002226,1.0955321204337758,0.3101724083700869,10,3.5320101193737514,Beijing
bus_BV11688865,1.5501879223427388,0.44009990267871113,10,3.522354532877247,Xiamen
bus_BV11430593,0.2293723469794287,0.06533104035006923,10,3.5109239136729364,Xuzhou
bus_BV09067704,0.1894862993321977,0.05399460616762788,10,3.5093554280288224,Changsha
bus_BV10212673,1.452326667712418,0.41444608210864325,10,3.504259529443708,Xiamen
bus_BV10801214,1.462676939076126,0.41769212849458554,10,3.501806245020066,Guiyang
bus_BV10450600,0.7823857628532002,0.22410679686678767,10,3.4911289567311607,Foshan
bus_BV10243043,0.9678025108809554,0.2773543252443594,10,3.489408269130842,Shenzhen
bus_BV11470569,0.09564974163389102,0.02746430110036462,10,3.4826921849360044,Suzhou
bus_BV10912397,0.15171900461478752,0.043585154787075864,10,3.480978111611411,Nanchang
bus_BV10145431,0.05541755501232054,0.015956603904136394,10,3.4730147226257557,Changzhou
bus_BV10391236,0.8043249656379837,0.2321259043217957,10,3.4650373612441636,Dalian
bus_BV10110221,0.33466738124900264,0.09726491661025789,10,3.440781717648543,Changchun
bus_BV10849781,0.033423140416653105,0.009724385608990221,10,3.437040383852067,Xuzhou
bus_BV09046191,0.41233381385259005,0.12006792575786995,10,3.43417092373526,Nanning
bus_BV10114321,0.223281874417912,0.06531810275197222,10,3.4183760829980536,Harbin
bus_BV09048417,1.5993239756072912,0.46903366135445135,10,3.409827637723419,Qingdao
bus_BV09010803,0.11648373889585159,0.0341903551035662,10,3.406917081552365,Wenzhou
bus_BV09132272,0.4478236859954142,0.13190219135918343,10,3.3951191214462275,Shijiazhuang
bus_BV10120859,0.4265191955937618,0.12684127470340253,10,3.3626212206152495,Hohhot
bus_BV11027039,0.7661348103897608,0.22916850705633626,10,3.3431067243910415,Nanning
bus_BV10295153,0.09173890881186629,0.02752105530534334,10,3.3334068937387666,Lanzhou
bus_BV09062684,0.9256345125667546,0.27791694093234687,10,3.330615529068902,Hangzhou
bus_BV11654362,0.9635296944022859,0.2937870192243034,10,3.2796876599566986,Foshan
bus_BV11688952,0.19765815305013676,0.06049326417780699,10,3.2674401532501456,Xiamen
bus_BV10883822,0.49829042211643576,0.1538385567955511,10,3.239047480068216,Beijing
bus_BV11097964,0.20145471797522455,0.062215933250891975,10,3.2379918626780015,Suzhou
bus_BV11000139,0.32153893874856393,0.09951461614367438,10,3.2310721670635796,Kunming
bus_BV10102096,0.8551780093163174,0.26823142858483245,10,3.1882094575794993,Dalian
bus_BV10026905,1.2979895440108433,0.40810712136407834,10,3.1805117927549467,Shanghai
bus_BV10342666,0.6657927767747784,0.20987239586716738,10,3.1723692975443973,Shanghai
bus_BV10288066,3.170837444324177,0.0,1,3.170837444324177,Kunming
bus_BV10121193,0.5077747844379364,0.16076460694480685,10,3.158498394035697,Hohhot
bus_BV11688651,0.08716899871377914,0.028130449287549097,10,3.0987406861274125,Harbin
bus_BV10698458,1.6066911826031678,0.5199837938825976,10,3.089886974568015,Shenzhen
bus_BV10090543,0.32448854850693887,0.10505060541956979,10,3.0888781299465875,Zhengzhou
bus_BV11389126,0.18343170114928867,0.05963466353251785,10,3.0759236243536447,Jinan
bus_BV10897726,2.3742437184683824,0.7750697802369584,10,3.0632644290555,Kunming
bus_BV10956500,1.1056433563918169,0.3636759248359427,10,3.0401883943477923,Hefei
bus_BV11339990,0.40851060972813896,0.13560181509094585,10,3.012574568625148,Chengdu
bus_BV10412093,0.6617599024523344,0.2218839119706192,10,2.982459912259715,Dalian
bus_BV10050738,0.12322611212530248,0.04135454234931355,10,2.9797472134249308,Shenyang
bus_BV10200196,0.7877788546934685,0.26444094624009534,10,2.9790349645318033,Shaoxing
bus_BV10418062,2.1933747969507134,0.7416470252715625,10,2.957437558079881,Beijing
bus_BV09105369,2.0002988719447212,0.679509011218328,10,2.9437414507879214,Fuzhou
bus_BV10416315,0.8434308393131229,0.2890277642800364,10,2.9181653611459857,Chongqing
bus_BV09063340,0.4427588582370639,0.15205672286759436,10,2.9118004174310563,Harbin
bus_BV09269771,0.4240990936167715,0.14630095921640032,10,2.8988126045116456,Taiyuan
bus_BV11014692,0.7565963349889218,0.2613647107547321,10,2.8947913582373697,Taiyuan
bus_BV09007797,0.5895783439033513,0.20425886958462977,10,2.886426994519343,Dalian
bus_BV11177634,1.07747629533074,0.374935843054961,10,2.873761702305901,Nanning
bus_BV10098459,1.3268258717763175,0.46475690724257923,10,2.854881385409876,Luoyang
bus_BV10750208,1.2904609991629665,0.45504198316672895,10,2.83591628584076,Chengdu
bus_BV10063435,1.4688381454908686,0.5183125443150033,10,2.833884946954585,Chengdu
bus_BV10429026,1.3667590014828899,0.48316977832456726,10,2.8287344004314594,Tianjin
bus_BV10120802,0.35778609163079533,0.12652720353635885,10,2.8277402278204913,Hohhot
bus_BV11655120,0.13072155045693556,0.046250268260984065,10,2.8263948968975177,Shanghai
bus_BV10979404,0.37498157413274824,0.13313828433009325,10,2.816481734421553,Chongqing
bus_BV10110063,0.15499453680832376,0.05516341715662502,10,2.809733636894045,Changchun
bus_BV10252134,0.8104377865387364,0.2887164332239611,10,2.807037165909076,Foshan
bus_BV11276871,0.833464771364676,0.29806730496129585,10,2.796230010905093,Hefei
bus_BV10055338,0.10582647749672713,0.038112364033076156,10,2.7766960254138118,nanking
bus_BV11682316,0.1348580139280451,0.048588589689982406,6,2.775507316294382,Nanning
bus_BV10014194,0.09810865519990367,0.03561157448734132,10,2.754964616493767,Guangzhou
bus_BV10210992,0.5589623140670557,0.20357881539557615,10,2.745680023356703,Xiamen
bus_BV10026790,1.143813028260058,0.41667167608832595,10,2.745118198450357,Shanghai
bus_BV11171763,1.106844027982399,0.40548223036857106,10,2.72969791963345,Fuzhou
bus_BV10926067,0.38777859600266773,0.14231444435021023,10,2.7248012000834048,Lanzhou
bus_BV10287243,0.2053273557893885,0.07545871317565653,10,2.721055262377252,Kunming
bus_BV11237355,0.6736639614988229,0.24874966241627616,10,2.7082003966279147,Tianjin
bus_BV11300176,0.06785837046888547,0.025125159365002914,10,2.7008124595333487,Xuzhou
bus_BV10471293,0.2130009124479085,0.07904633197403971,10,2.694633390092384,Dongguan
bus_BV10267342,0.26421274760391383,0.09847706816438298,10,2.6829872750984385,Nanning
bus_BV11492771,0.938948626078101,0.35423097205149345,10,2.6506677102050014,Taiyuan
bus_BV10426941,0.09180502870403891,0.034902875322361505,10,2.630299124445779,Suzhou
bus_BV10973233,0.16424012199498045,0.06254048487853586,10,2.626140428117212,Dongguan
bus_BV10346826,0.3053031564737846,0.11648938388882128,10,2.620866555157538,Chongqing
bus_BV10448711,0.8110577132162696,0.3109980114744991,10,2.60791920595152,Shenzhen
bus_BV11144046,0.907588037207136,0.34819239493763215,10,2.6065704602881907,Jinan
bus_BV10044453,1.6322038419501368,0.6340039469202928,10,2.5744379418050505,Tianjin
bus_BV11207062,0.28230393353160504,0.10999862882289418,10,2.566431153626682,Shaoxing
bus_BV10338456,0.10553016120881245,0.04118190905109807,10,2.5625362693242097,Shanghai
bus_BV11262356,0.7144311682462103,0.2801783167087066,10,2.5499158933481105,Shaoxing
bus_BV10152939,0.4022603459593547,0.15827964846446135,10,2.5414532092238153,Jinan
bus_BV11121262,1.9643020814269185,0.7741321484083202,10,2.537424727924604,Chongqing
bus_BV09051313,0.10243184576900607,0.0404287524046172,10,2.5336379269751714,Wenzhou
bus_BV11688754,0.582942974874525,0.23126754010067965,10,2.5206431884661185,Guiyang
bus_BV10208690,0.20107253272043693,0.08037469620981517,9,2.501689178129555,Fuzhou
bus_BV11485472,1.2086298836191396,0.48535310378940744,10,2.4902073341669313,Zhengzhou
bus_BV10784461,0.24238253891639147,0.09800379595867388,10,2.4731951636510834,sian
bus_BV10564841,0.2794173510443735,0.11302670181413228,10,2.4721355382244834,Dalian
bus_BV10387555,0.08163068394929264,0.0330513718314161,7,2.4698115305938826,Shenzhen
bus_BV11411750,0.4618923661429738,0.18710319344273005,10,2.4686502296277,Xiamen
bus_BV10263175,0.17167040736298506,0.06961541738866736,10,2.465982237019652,Dongguan
bus_BV11400456,0.3207879172832231,0.13031334475598264,10,2.4616657124967145,Nanchang
bus_BV10295144,0.19082245027011607,0.07787731487345316,10,2.4502953918896577,Lanzhou
bus_BV09064313,2.0274772960843017,0.8304568843515661,10,2.4413998003681914,Chengdu
bus_BV10171768,0.06149199501406647,0.025498431397461357,10,2.4115981857694506,Hefei
bus_BV09095907,0.9274413902065479,0.3868399932323896,10,2.3974805667897754,Nanning
bus_BV11352425,0.16822305533285092,0.07028375607315389,10,2.3934837976348375,Wenzhou
bus_BV10383682,0.22278285160920264,0.09317415301785827,4,2.391036789528261,Shanghai
bus_BV11666002,0.1483367615467739,0.06259309104876093,10,2.36985800449825,Dalian
bus_BV10979110,0.18280621413431397,0.07831724674591921,10,2.3341754005427324,Fuzhou
bus_BV11688440,0.8172295387206487,0.35013772497019213,10,2.3340230346501243,Guangzhou
bus_BV10377927,0.21917150246944664,0.09413176461384272,10,2.3283477164703954,Luoyang
bus_BV10424709,0.3394926732803166,0.14666560289485522,10,2.3147394033235273,Shanghai
bus_BV10728372,0.064854359206326,0.028051625941288974,10,2.31196352833267,Shaoxing
bus_BV10006453,0.6002509518449302,0.26536674573900054,10,2.2619674049725447,Beijing
bus_BV10898628,0.7489748044744117,0.33127288286086104,10,2.2608997615418867,Suzhou
bus_BV10595775,0.7732650840537046,0.34231973028329704,10,2.2588971451478836,Jinan
bus_BV10000786,0.5440407948696062,0.24202184018387435,10,2.2478994952574536,Beijing
bus_BV09219058,0.9271075934422515,0.41327223337824076,10,2.243333803073078,Guiyang
bus_BV10308562,0.6075393286587281,0.27162845638898736,10,2.2366555933379137,urumchi
bus_BV10244410,1.263646114910253,0.5657413362846048,10,2.2336110365788193,Shenzhen
bus_BV09139106,0.4785651070481828,0.21458337808752964,10,2.2302057550371686,Shijiazhuang
bus_BV10251710,0.19526265058694264,0.08768533632544487,10,2.2268561255631445,Foshan
bus_BV10229997,0.04588282784202861,0.020651145766434488,10,2.2218043561806167,Changsha
bus_BV10002284,1.065649138278228,0.4800664562497125,10,2.2197949933955967,Beijing
bus_BV10026178,0.2535382950270665,0.11430451449372601,10,2.21809500673775,Shanghai
bus_BV10273165,0.3443138271255458,0.1553711004458338,10,2.2160736712091795,Nanchang
bus_BV10254120,0.9149821228590481,0.4136139407781078,10,2.2121645586125553,Foshan
bus_BV10335024,0.5589769092716473,0.25389009057813944,10,2.2016490914722047,Chongqing
bus_BV10307953,0.2254312431942897,0.10300051195455641,10,2.188641755560709,urumchi
bus_BV11038077,0.244570823814378,0.11241294021819408,10,2.1756463409212627,Wenzhou
bus_BV10049233,0.09042713533718852,0.04160366246458311,10,2.1735373340939663,Chongqing
bus_BV10330486,0.2647884173646342,0.12217439030589776,10,2.1672986869725768,Foshan
bus_BV11688821,0.5400287149230693,0.2550961380865371,10,2.116961463251392,Xiamen
bus_BV09041865,0.49639105231444186,0.2355659594465293,10,2.1072273447677117,Chongqing
bus_BV10120712,0.14239374904194732,0.0675791007585398,8,2.107067516036431,Hohhot
bus_BV10904753,0.20269337536309676,0.09661547437432073,10,2.0979388208394707,Hohhot
bus_BV10048671,1.1012523149031235,0.5250553447366135,10,2.0974023119058574,Chongqing
bus_BV11339064,0.5608902447096404,0.26956175359462686,10,2.080748535067162,Wuhan
bus_BV10393205,0.4040443485518749,0.19461538843210102,10,2.0761170586038755,Qingdao
bus_BV11689355,0.787742493134705,0.37968903290740474,10,2.0747043083010768,Guangzhou
bus_BV10416342,0.02614316884799457,0.01265257793667792,10,2.066230954397046,nanking
bus_BV11689033,0.5522008230736346,0.26803532080815334,10,2.060179236105531,Guangzhou
bus_BV10000343,0.5602484609303183,0.2756390837589216,10,2.032543545583997,Beijing
bus_BV10075078,0.6068215956566284,0.30169944018340134,10,2.011344718353796,Shijiazhuang
bus_BV11349187,0.023291313039131494,0.011630227280105819,10,2.0026515777947718,Changsha
bus_BV10393370,0.27833810472373943,0.13962495404657488,10,1.9934694817962055,Qingdao
bus_BV10061406,0.14166884705782068,0.07163284977354453,10,1.9777075424000015,Chengdu
bus_BV11208873,0.03105035724266683,0.015967314698497655,10,1.9446186401901326,Wenzhou
bus_BV10307776,0.17338002985137524,0.08924014052197883,10,1.9428477970649962,urumchi
bus_BV11081526,0.08447285728154784,0.04357185670791745,10,1.9387018198648407,Changsha
bus_BV10382748,0.639417620462034,0.3298317242553789,10,1.9386176466784484,Shenzhen
bus_BV11084136,0.16739234585198773,0.08641038839813665,10,1.9371782673738647,Suzhou
bus_BV11336642,0.11879213625127094,0.06184274930294156,10,1.9208738030164278,Chuzhou
bus_BV10378128,0.13599500251917407,0.07141002681132094,10,1.904424204100315,Shaoxing
bus_BV10295148,0.2744780176926032,0.14432008952599462,10,1.9018696535971058,Lanzhou
bus_BV10090686,0.14954669107208823,0.07900728302107629,10,1.892821350456781,Zhengzhou
bus_BV11687972,0.18802961608378768,0.10070593171217947,10,1.867115414313704,Guangzhou
bus_BV09006347,0.6510691325251582,0.35042733448037133,10,1.8579290194679052,Zhengzhou
bus_BV10102078,0.39853060437766297,0.21454203435278424,10,1.8575874280490001,Dalian
bus_BV10074978,0.23233573268280483,0.12527154591857095,10,1.8546567173942325,Shijiazhuang
bus_BV10085034,0.1650116539165946,0.08912730426903899,10,1.8514150826815194,Taiyuan
bus_BV10398382,0.1682628503789212,0.09142246191458393,10,1.8404977119425219,Qingdao
bus_BV11380524,0.2665469392059524,0.1453388301749307,10,1.8339690813903213,Luoyang
bus_BV10287088,0.17121706936306086,0.09352817183855384,10,1.8306468274836323,Kunming
bus_BV10946669,0.279906551107816,0.15291686892062378,10,1.830449019647531,Zhengzhou
bus_BV10529468,0.2447121812019127,0.1341077785732983,10,1.824742498592184,Dongguan
bus_BV10295293,0.22383478265722187,0.12326796375600693,10,1.8158389063835347,Lanzhou
bus_BV10145072,0.14703447554051072,0.08145780516743834,10,1.8050382917621608,Changzhou
bus_BV11111615,1.094163891280442,0.6077072699656976,10,1.8004784990270357,Guangzhou
bus_BV10945271,0.34785665578647035,0.19374756933102683,10,1.7954116226254417,Tianjin
bus_BV09043574,0.40819655250588127,0.22948687367937323,10,1.778735873533372,Hefei
bus_BV10579336,0.17781720140812757,0.10047330143743026,10,1.7697953701751257,Chuzhou
bus_BV10110415,0.12348310861093963,0.07056417844283268,10,1.749940179797845,Changchun
bus_BV09320876,0.32165577241514365,0.18383732838694206,10,1.749675964836482,Nanning
bus_BV10308030,0.14576122648074086,0.08355185141999091,10,1.7445598937412246,urumchi
bus_BV11329603,0.5800624374948279,0.33334519377153954,10,1.7401253443333708,Lanzhou
bus_BV10584910,1.0018342806094978,0.5774244273457697,10,1.7350049908081489,Tianjin
bus_BV10915430,0.719541831322091,0.41703829845025797,10,1.7253614757741471,Shenzhen
bus_BV10052514,0.05630881097107342,0.032697848817077844,10,1.7220947489584164,nanking
bus_BV09302017,1.1522511959423862,0.6710605418748452,10,1.7170599474565515,Chongqing
bus_BV10070392,0.2194170671411529,0.12830784017645203,10,1.7100829515840636,sian
bus_BV11611145,0.28806485809540716,0.1707055888376456,10,1.6874950795807195,urumchi
bus_BV11688495,0.7693931955568315,0.4580931782563379,10,1.6795560712994004,Zhengzhou
bus_BV09000969,0.08963104423260994,0.05341544332628491,10,1.6779983815751667,Harbin
bus_BV11452742,0.09404489662290108,0.05652609803818069,10,1.663742647191953,Shanghai
bus_BV10072266,0.2223018198334199,0.1350685157465843,10,1.6458447192242462,sian
bus_BV10889437,0.5160681151272437,0.31422866512150105,10,1.6423329759058385,Foshan
bus_BV10101768,0.6067303672895109,0.37336416072028655,10,1.6250363984284273,Dalian
bus_BV11028888,0.27478615514476046,0.1697692728536581,10,1.618585827340906,Wenzhou
bus_BV10906644,0.19907795325889346,0.123007623800567,7,1.618419500546281,Fuzhou
bus_BV10288123,0.5754159024348963,0.35820492790529507,10,1.6063874099553286,Kunming
bus_BV10345488,0.19633204567428925,0.12257268901089186,10,1.6017599943429746,sian
bus_BV09121113,0.3427666221028036,0.215131261749591,10,1.5932905491386578,Qingdao
bus_BV11689104,0.32146577815700167,0.2039000000964103,10,1.5765853959742455,Taiyuan
bus_BV10884814,0.11273897894146756,0.07159235411604076,10,1.5747346848154666,Suzhou
bus_BV10130695,0.16783468454325945,0.10725498712118192,10,1.5648192536300352,Suzhou
bus_BV09159750,0.022149281523918103,0.014262417152051359,10,1.5529812203620883,Changzhou
bus_BV11048550,0.6143713985944215,0.395671103732065,10,1.5527325025057372,Taiyuan
bus_BV09015235,0.1217568792792367,0.07996176427094594,10,1.522688564496711,Chengdu
bus_BV10070190,0.03374094456034431,0.022166034359333245,10,1.5221906089048012,sian
bus_BV11688664,0.43066284808183586,0.2851760520176661,10,1.5101647909534466,Qingdao
bus_BV10535353,0.6325702524033344,0.4230062710943332,6,1.4954157436311615,nanking
bus_BV10263365,0.2474744354802727,0.16641324138058516,10,1.4871077478938355,Dongguan
bus_BV11303244,0.25647241979353036,0.173281724614009,10,1.4800891759586285,Taiyuan
bus_BV10145002,0.1571994498097748,0.10715535782759063,10,1.467023565844162,Changzhou
bus_BV10585056,0.5355052898091097,0.36604416748151686,10,1.4629526236246435,Guiyang
bus_BV11294785,0.7619196643917772,0.5243700746078391,10,1.453018939784855,Chengdu
bus_BV11692835,0.21540678163555013,0.14860818419191849,10,1.449494644671917,Wuhan
bus_BV11688964,0.5840082386412062,0.4032218121096558,2,1.448354743266811,Xiamen
bus_BV11317787,0.6657248071126282,0.46010949731024475,10,1.4468833973990027,Suzhou
bus_BV10475999,0.24924834557816516,0.17291363300719384,10,1.4414614211083132,nanking
bus_BV10208832,0.2764616692337499,0.19199685257088572,10,1.4399280568018633,Fuzhou
bus_BV10171971,0.043050648614110246,0.03003357495059664,10,1.4334169125972092,Hefei
bus_BV10025630,0.8445995391231499,0.5898332400643003,10,1.4319293444902883,Shanghai
bus_BV11402631,0.40572744165609065,0.28443716329336993,10,1.4264220001849806,Luoyang
bus_BV11007931,0.3135325472994301,0.2210066245339396,10,1.4186567202410454,Kunming
bus_BV11245928,0.2399529992949315,0.17008085441162515,10,1.410817143510064,Qingdao
bus_BV10264572,0.11414845140602244,0.08124954945309688,10,1.4049116348983675,Dongguan
bus_BV10284606,0.633492030939933,0.45321523461488294,10,1.397772997415917,Guiyang
bus_BV10284936,0.6174747615753093,0.44248807631314285,10,1.3954607608086669,Guiyang
metro_BV10425284,0.26543024452613595,0.1912918739999223,10,1.387566680697461,Qingdao
bus_BV10204327,0.0810328616377046,0.0588351132300797,10,1.3772871915440505,Wenzhou
bus_BV10322789,0.8266075818010254,0.6017285386679054,10,1.3737217282293697,Beijing
bus_BV10153140,0.4351159116120539,0.31722739337359923,10,1.371621451945049,Jinan
bus_BV11375043,0.767366020345275,0.5615868722954057,10,1.3664244029503976,Guangzhou
bus_BV10759178,1.256306078474952,0.9234898032585142,10,1.360389752478268,Chengdu
bus_BV10074673,0.058917490760546934,0.04357476049549071,10,1.3521009999729994,Shijiazhuang
bus_BV10257076,0.12248729404895461,0.09149262164739785,10,1.3387667601584208,Foshan
bus_BV10346096,0.4593916715623669,0.3457245054100319,10,1.3287795660586141,Beijing
bus_BV11277091,0.30326022374337125,0.2284412889181494,10,1.3275192584683626,Chuzhou
bus_BV10267430,0.32592560398561954,0.24974095491307632,10,1.3050546357064796,Nanning
bus_BV10065923,0.8492259824647436,0.654255344280706,10,1.2980038709784651,Chengdu
bus_BV10101883,0.4988262156101776,0.3861839890573259,5,1.291680175325262,Dalian
bus_BV09041182,0.46877794314346116,0.36465767877892624,2,1.285528750849013,Nanning
bus_BV11432331,0.03913686139162975,0.03110230970802632,10,1.2583261235505216,Wuhan
bus_BV10308039,0.7034751834819558,0.5670426699920975,10,1.2406035882374138,urumchi
bus_BV10390265,0.12636010094868094,0.1024269458560587,10,1.233660611043207,Changzhou
bus_BV09005187,0.37274471409622456,0.3028567192844941,10,1.2307625291233992,Guangzhou
bus_BV10869062,0.2704789864253412,0.22130148970563834,10,1.2222194010664895,Shijiazhuang
bus_BV10619428,0.1265108267845923,0.1036759267428684,10,1.2202525557917823,Foshan
bus_BV11119023,1.2018814129743165,0.0,1,1.2018814129743165,Chengdu
bus_BV10070320,0.16467978200795433,0.13846404258713235,10,1.1893323857780704,sian
bus_BV10101853,0.38181795760210124,0.3216091968422476,10,1.1872109052816595,Dalian
bus_BV10204428,0.15776727405837804,0.13355597035047623,10,1.1812819886040804,Wenzhou
bus_BV10396616,0.013524344030306288,0.011720348929302253,10,1.1539189296066577,nanking
bus_BV10040250,0.49129054827898544,0.4276922804904836,10,1.1487009684358969,Tianjin
bus_BV11677290,0.04708419012526805,0.04124037126451775,9,1.14170113567253,Shijiazhuang
bus_BV10152608,0.37630224623977154,0.3310098736682169,10,1.1368308464678742,Jinan
bus_BV10058485,0.049185997300083724,0.04336734557334224,10,1.1341710060439603,Wuhan
bus_BV10054810,0.06487170943641402,0.05728071607567795,10,1.1325224710089574,nanking
bus_BV09219044,0.08970385864402657,0.07957709410291876,10,1.1272571382845331,Foshan
bus_BV10053928,0.5345925911890751,0.4779467745578972,10,1.1185190662671274,nanking
bus_BV10324935,0.2512144972187956,0.2247751241568771,10,1.1176258359764373,Suzhou
bus_BV09053351,0.022538503016933387,0.0204074146746686,10,1.1044266180685727,Qingdao
bus_BV10845720,0.37341381813846786,0.3428921460244246,10,1.0890124243958184,Hefei
bus_BV11324789,0.1538525484754521,0.14163767611656142,10,1.086240199863463,Xiamen
bus_BV10412073,0.26862592566469523,0.24830048535139818,10,1.0818581947834307,Dalian
bus_BV10464455,0.27044810687813714,0.25075658666409156,10,1.0785283836038975,Chengdu
bus_BV11125256,0.08337132231518926,0.07757578622862159,10,1.074707916235727,Guiyang
bus_BV11688951,0.18974328372284083,0.18229757480935324,10,1.0408436508979222,Xiamen
bus_BV11261542,0.06739745786381068,0.06552917330767799,10,1.0285105728749986,Changsha
bus_BV10460325,0.012420540150643348,0.012099527750771034,10,1.0265301374717275,Nantong
bus_BV10391663,0.23102728269038986,0.2254988656892861,10,1.0245163395347539,Kunming
bus_BV10615058,0.09702232157902708,0.09615165162602123,10,1.0090550692341882,Suzhou
metro_BV09371882,1.0056948015124196,0.0,1,1.0056948015124196,Fuzhou
bus_BV10061325,0.09125519864564964,0.09279942201818156,10,0.9833594523269349,Chengdu
bus_BV11271879,0.2596023037847617,0.26544925355552573,10,0.977973343408651,Hefei
bus_BV11440759,0.036844757729843226,0.037706660829498924,7,0.9771416282399187,Nanchang
bus_BV11027035,0.14475922290652515,0.14839537873201739,10,0.9754967734741498,Nanning
bus_BV10208927,0.22476061994722502,0.23198239693258318,10,0.968869247108653,Fuzhou
bus_BV09156951,0.2284889607725989,0.237070664107024,10,0.9638010337349826,urumchi
bus_BV10209089,0.3373466895557797,0.36126586152151957,10,0.9337906404914446,Fuzhou
bus_BV10001933,0.21315158584368504,0.22844218841634784,10,0.933065726566005,Beijing
bus_BV09005518,0.3948773618759226,0.4239366218064223,10,0.9314537415493533,Xiamen
bus_BV10404737,0.04397374780898951,0.04776996287485879,10,0.9205311446206154,Wuhan
bus_BV10120848,0.08809424828150532,0.09593631863238229,10,0.9182574478024171,Hohhot
bus_BV10208520,0.4909209832030951,0.548390957149441,10,0.8952025336137878,Fuzhou
bus_BV09180217,0.014714304006850249,0.01648245546285144,2,0.8927246982566828,Fuzhou
bus_BV11321606,0.2753738513813307,0.31729064557717723,10,0.8678914633663053,Chengdu
bus_BV09088597,0.3331986573860526,0.3852830735788662,10,0.8648151750941017,Tianjin
bus_BV10074810,0.8607066969103713,0.0,1,0.8607066969103713,Shijiazhuang
bus_BV10898672,0.37402670073934974,0.43794141417953186,10,0.8540564561575235,Tianjin
bus_BV11428658,0.19196331682861656,0.22578027696020053,10,0.8502217771671755,Shaoxing
bus_BV10046327,0.14205063506552193,0.16795657210221834,10,0.8457580720419159,Chongqing
bus_BV11606004,0.033451776470095125,0.04043886750673528,10,0.8272182249500762,Suzhou
bus_BV09003001,0.20670559283520742,0.2531620872634358,10,0.8164950246091278,Guangzhou
bus_BV11671399,0.16865714207843904,0.20759658997533043,10,0.8124272849289501,Lanzhou
bus_BV10600263,0.03552115939561458,0.04432317937792026,10,0.8014125313217996,Xuzhou
bus_BV10060985,0.10099910951179707,0.12999761386198627,10,0.776930427736311,Chengdu
bus_BV10569567,0.11891281524221949,0.15553981512486673,10,0.7645168377086496,Fuzhou
bus_BV10955172,0.2623002338518524,0.34472483329274495,10,0.7608973909347855,Luoyang
bus_BV11328734,0.18589459160628044,0.24501146984328537,10,0.7587178842606993,Chuzhou
bus_BV10018425,0.28182725179371226,0.3737114642095618,10,0.7541305826635532,Guangzhou
bus_BV10430375,0.24562484870962545,0.337620849916785,10,0.7275168032276376,Kunming
bus_BV11126417,0.11647601800336241,0.16110369337969827,9,0.7229878367776884,sian
bus_BV10267409,0.13399302798577462,0.19002580951982487,10,0.7051306413221151,Nanning
bus_BV10128100,0.01334723142994804,0.019385979875013025,10,0.6884988342613106,Wuxi
bus_BV11105034,0.03653526933230622,0.05308500239348746,10,0.6882407610926434,Chuzhou
bus_BV10308849,0.10314690560257689,0.15192740152813253,10,0.6789222864069997,urumchi
bus_BV11688358,0.24108339716991084,0.35731783608650264,10,0.6747029285280849,Guangzhou
bus_BV10284682,0.055192400001444805,0.08248623084422368,10,0.6691103805503316,Guiyang
bus_BV11688489,0.0784920118213979,0.11825435739513011,3,0.6637557119487014,Shijiazhuang
bus_BV10045608,0.3990601142689674,0.602229816350324,9,0.6626375792234999,Chongqing
bus_BV10267262,0.18823536286600762,0.28925524816812864,10,0.6507586553762713,Nanning
bus_BV10053665,0.2377569182023624,0.3692023192639825,10,0.6439745888828463,nanking
bus_BV10152805,0.19160137391803525,0.2985127452397965,10,0.6418532225335601,Jinan
bus_BV09097112,0.20898383117208827,0.3301746889287397,10,0.632949259437933,Xiamen
bus_BV11320706,0.04523493788540165,0.07160649126666029,10,0.6317155158432921,Chengdu
bus_BV11249934,0.07480548247491339,0.1189266265817398,10,0.6290052811129374,Chuzhou
bus_BV10145199,0.09452875764967582,0.1506803945656247,10,0.6273460568557634,Changzhou
bus_BV10008612,0.02109345835403778,0.033916833929399,10,0.621916897631918,Beijing
bus_BV10951344,0.04905572068626624,0.0800454383082705,10,0.6128483470708188,Hohhot
bus_BV10405865,0.3917466431870024,0.6473192581015801,10,0.6051830410299602,Guangzhou
bus_BV10267197,0.1981735236122768,0.32770724662552925,10,0.6047272973229564,Nanning
bus_BV10615991,0.18241928277144928,0.3067352992052555,10,0.5947123702324772,Luoyang
bus_BV10101894,0.130624467646495,0.21980084251541587,10,0.5942855368922355,Dalian
bus_BV10181321,0.023702288970172854,0.04003623978407143,10,0.5920207086829321,Hangzhou
bus_BV10000437,0.30476017563496616,0.5227885557487453,10,0.5829511117912157,Beijing
bus_BV10853580,0.27388150859664284,0.476853813977332,10,0.5743510795661821,nanking
bus_BV10956945,0.037600287479302844,0.06554961293669616,10,0.5736156181342937,Chuzhou
bus_BV10287099,0.2184305959442207,0.3814000250493151,10,0.5727073305485606,Kunming
bus_BV10307968,0.10299871492593442,0.1809839472683242,10,0.5691041155279305,urumchi
bus_BV10844781,0.18027358166947094,0.31854553888212317,10,0.5659271721174816,Fuzhou
bus_BV10098576,0.56204290034214,0.0,1,0.56204290034214,Luoyang
bus_BV11688866,0.06747089858990993,0.12226634791082747,10,0.5518353514637157,Xiamen
bus_BV10426629,0.23021532929066008,0.41977565479456846,10,0.5484246672644156,Chuzhou
bus_BV10443264,0.014468496176032469,0.026404208016863003,10,0.5479615479160258,ningbo
bus_BV11121455,0.051216206703676416,0.09605231105927281,10,0.5332115469866832,ningbo
bus_BV10931518,0.10411998669528688,0.20853935341235535,10,0.49928217383787254,Wuhan
bus_BV10572587,0.040360722528733156,0.08183058909641124,10,0.4932228649723184,Jinan
bus_BV10750453,0.025178417323527234,0.05107236200661758,10,0.49299486854193497,Harbin
bus_BV10412693,0.03093211999706143,0.06302905257595029,10,0.49075963901236985,Dongguan
bus_BV11318669,0.061102945549937795,0.12686450286792236,10,0.48163938179900306,Taiyuan
bus_BV10208476,0.14675839544672278,0.3089883836937138,10,0.47496410364266867,Fuzhou
bus_BV11688591,0.08699658161141614,0.18777207992068098,10,0.46330943884240405,Shijiazhuang
bus_BV11688879,0.07221839250556522,0.16093526937100006,10,0.4487418345301528,Xiamen
bus_BV11374574,0.02375866091563328,0.05478864730315595,10,0.43364196322921617,Chuzhou
bus_BV10085169,0.059113003230721675,0.13668474580260812,10,0.4324769275374725,Taiyuan
bus_BV10287888,0.4280604615003916,0.0,1,0.4280604615003916,Kunming
bus_BV10814707,0.06607720235393484,0.15675129979522345,9,0.4215416282023843,sian
bus_BV11493641,0.17816151669799166,0.42285242427934644,10,0.42133260271192835,Beijing
bus_BV11553080,0.10048539132445132,0.24450925102566415,8,0.4109676292134562,Zhengzhou
bus_BV10047048,0.11286373314724825,0.2799965483761465,10,0.4030897158229619,Chongqing
bus_BV09015448,0.4030788905919357,0.0,1,0.4030788905919357,Zhengzhou
bus_BV10267907,0.08281871728285786,0.21134004701327916,10,0.3918742071582488,Nanning
bus_BV10295147,0.037992591921024076,0.09874820285581519,10,0.3847420709932041,Lanzhou
bus_BV10209418,0.19040013412864584,0.5232584890095304,10,0.3638739446928275,Fuzhou
bus_BV09354241,0.23306985379571027,0.6634677913057995,10,0.35129037661962714,Chongqing
bus_BV10468198,0.07983090076755905,0.22901760832897564,10,0.34857973526248454,Fuzhou
bus_BV10154505,0.025111376676787697,0.07551471751540262,7,0.33253614894744565,Qingdao
bus_BV10286896,0.10880448704964356,0.32750910550785367,10,0.33221819454070867,Kunming
bus_BV09362590,0.013716263421711417,0.042076418805137246,10,0.3259844956242283,Suzhou
bus_BV10208580,0.09295751110927286,0.28516482597527476,10,0.3259781690521364,Fuzhou
bus_BV10807199,0.03103402639717383,0.09676122351571077,10,0.32072789142497804,Kunming
bus_BV09369478,0.026648185557969217,0.08559384492122715,10,0.31133292901101134,Dongguan
bus_BV09007815,0.040568787657687524,0.1304530566418722,10,0.310983779086309,Nanning
bus_BV11115968,0.044744095050913854,0.1522585564897466,10,0.29386914695487437,Luoyang
bus_BV10873973,0.029904244822522026,0.10345863584213809,10,0.28904539179984323,Shijiazhuang
bus_BV10047759,0.07049091221065625,0.2520952065790124,10,0.27962018941586214,Chongqing
bus_BV09236442,0.013053475896574393,0.04722621532330118,10,0.2764031172767448,Xiamen
bus_BV11319534,0.08180876880531941,0.2989305057117417,10,0.27367152065601597,Qingdao
bus_BV09188577,0.2645887097219125,0.0,1,0.2645887097219125,Fuzhou
bus_BV11296533,0.037510216175104555,0.1437331824495016,10,0.26097114755370915,Tianjin
bus_BV09166275,0.04008405773010858,0.16839888202358044,10,0.23803041248332985,Xiamen
bus_BV10085157,0.03139694644177917,0.13289370517327181,10,0.23625606674358268,Taiyuan
bus_BV10285062,0.23476260742536204,0.0,1,0.23476260742536204,Guiyang
bus_BV11403329,0.020944370818129155,0.08998892326858438,10,0.2327438503534406,Foshan
bus_BV09002199,0.23183855130915065,0.0,1,0.23183855130915065,Shijiazhuang
bus_BV10854025,0.045808319781795566,0.20758396644141316,10,0.22067367899527707,Kunming
bus_BV11088950,0.06425071559984503,0.29166053048257556,10,0.22029279481392003,Shenzhen
bus_BV11688694,0.03214031684502339,0.15948092067158398,10,0.20153078308283343,Changsha
bus_BV10267559,0.031969683364667455,0.16456290432183981,10,0.19427027952448353,Nanning
bus_BV10396789,0.025047486440902777,0.1313917437759584,10,0.1906321037742772,nanking
bus_BV10495434,0.08778066754779004,0.46558099287303195,10,0.18854005426791137,Beijing
bus_BV10943646,0.002884437614103264,0.015553954665058713,10,0.18544709829404618,Nantong
bus_BV11114518,0.046503290312790144,0.2570136233698181,10,0.18093705654079584,Xiamen
bus_BV10156828,0.177385101824384,0.0,1,0.177385101824384,Qingdao
bus_BV10211960,0.02275505383908622,0.13579256265346312,10,0.16757215357541058,Xiamen
bus_BV10101844,0.022343679477033595,0.1360360053429631,10,0.16424826484885274,Dalian
bus_BV10284601,0.02916132961867308,0.18164374650354737,10,0.16054132649532374,Guiyang
bus_BV11258797,0.14884962189764545,0.0,1,0.14884962189764545,Nanning
bus_BV10308000,0.012052906964493107,0.08811126791227475,10,0.13679187557004008,urumchi
bus_BV11694439,0.100095252070584,0.7326089396140015,10,0.13662848662075774,Chongqing
bus_BV10133317,0.06045426596360901,0.4659762994895941,10,0.12973678003035696,Suzhou
bus_BV10054458,0.009112763620627276,0.0705224704150752,10,0.12921785460454807,nanking
bus_BV10147667,0.013917338397201722,0.11580307731485763,10,0.12018106528854276,Changzhou
bus_BV10110539,0.01634410285135463,0.13804628320156978,10,0.11839581108845575,Changchun
bus_BV10287260,0.009488034134112967,0.08033991508440311,10,0.11809861814216377,Kunming
bus_BV11023248,0.005131870619476466,0.05265419395674549,10,0.09746364456847943,Dongguan
bus_BV10203725,0.025108618491348655,0.26536983875990977,10,0.09461745035723852,Wenzhou
bus_BV11215313,0.013389074542346557,0.14705722536602348,10,0.09104669014769204,Taiyuan
bus_BV11472851,0.023730947294508142,0.27656250091165696,10,0.08580681169071602,Tianjin
bus_BV10060961,0.03037933830238467,0.3833265821914055,10,0.07925184143555435,Chengdu
bus_BV10183395,0.006093544172027875,0.0809438785993238,10,0.07528109011652771,Hangzhou
bus_BV10602152,0.02433496447480684,0.3283985256287259,10,0.07410192748946653,Shijiazhuang
bus_BV10045372,0.06928771527557605,0.0,1,0.06928771527557605,Chongqing
bus_BV10421575,0.003656124278842085,0.05984680726895726,10,0.061091373705156556,Dongguan
bus_BV11372100,0.028679329898568213,0.4782633975595832,10,0.05996555338596603,Tianjin
bus_BV11107170,0.053546178532017735,0.0,1,0.053546178532017735,Changsha
bus_BV11598603,0.005240656604673821,0.10260386263162151,10,0.051076596528567116,Zhengzhou
bus_BV10145019,0.002459594203329619,0.048606250576796094,10,0.05060241570000126,Changzhou
bus_BV10208850,0.0030145580239081078,0.09456234384240725,10,0.031879050186631515,Fuzhou
bus_BV11448548,0.004094502459536592,0.1292275829068619,10,0.03168442874648002,Guiyang
bus_BV10025889,0.0007514892566821985,0.03813480656414897,3,0.01970611961429187,Shanghai
bus_BV10204407,0.0012489878370408878,0.07141398196544327,7,0.01748939952334921,Wenzhou
bus_BV10398576,0.005572657197480291,0.35780374457651576,10,0.015574619120685015,Suzhou
bus_BV11688010,0.0016734400308333161,0.16270785117467254,10,0.010284936565153543,Qingdao
bus_BV10612808,-0.002511032761454418,0.36115221054503077,10,-0.0069528376640323785,Suzhou
bus_BV10430423,-0.0015926672692018363,0.17020002498259687,10,-0.009357620104864774,Tianjin
bus_BV10028403,-0.007104234302056471,0.21880100020692392,10,-0.032468928252835184,Shanghai
bus_BV11583925,-0.00955756388337318,0.2637339314366016,10,-0.03623941549317307,Fuzhou
bus_BV10532134,-0.005810241720657876,0.14052518468153782,10,-0.0413466192580285,Chuzhou
bus_BV09080093,-0.0015952721376067832,0.03131775299828015,10,-0.050938253083222744,Hohhot
bus_BV10074967,-0.006859662813794428,0.12965913753955532,10,-0.052905351793260405,Shijiazhuang
bus_BV11385819,-0.01156943524534171,0.21563445512306315,10,-0.05365299669855189,Wenzhou
bus_BV11433143,-0.014713244408978038,0.23194907159178046,10,-0.06343307896718754,Taiyuan
bus_BV11679540,-0.0030616637685162056,0.04533394220967166,10,-0.0675357787989864,Nanning
bus_BV10814439,-0.02644564770241316,0.39046664302245976,10,-0.06772831302675161,sian
bus_BV10101803,-0.028980500459635815,0.41376659417256123,10,-0.07004069484435604,Dalian
bus_BV10394032,-0.009339446441451658,0.12741866654832867,10,-0.07329731162220396,nanking
bus_BV10287256,-0.007319725470760477,0.09530517679439475,10,-0.07680301268966168,Kunming
bus_BV11048561,-0.023548065730100515,0.2856160543577892,10,-0.0824465731052229,Taiyuan
bus_BV10070158,-0.008240017910178785,0.0967201609883974,7,-0.08519441007985049,sian
bus_BV11494365,-0.019544494431979354,0.21462970501842601,10,-0.09106145637989341,Beijing
bus_BV11491670,-0.013728590683975084,0.13141532260058433,3,-0.10446719125005692,Chengdu
bus_BV10135608,-0.03147539212907262,0.2876199336377639,10,-0.10943396946323568,Suzhou
bus_BV10060070,-0.017368318309081254,0.15724998461969428,8,-0.11045035868577394,Wuhan
bus_BV10648495,-0.001177577724824426,0.009906199152179777,10,-0.11887268951567714,Hefei
bus_BV10308558,-0.1192154672843193,0.0,1,-0.1192154672843193,urumchi
bus_BV10181692,-0.03531494474459083,0.2827014478178572,10,-0.12491957069193477,Hangzhou
bus_BV10075669,-0.13089631954084574,0.0,1,-0.13089631954084574,Shijiazhuang
bus_BV10062896,-0.008773143420368315,0.06699047008666553,10,-0.13096104713712317,Chengdu
bus_BV10939599,-0.03292919848913008,0.23743180708115952,10,-0.1386890724838034,Chuzhou
bus_BV10133098,-0.04035841451568105,0.2781412012157243,10,-0.14510044857890317,Suzhou
bus_BV11689231,-0.015922777520828713,0.10876343047194231,10,-0.14639825157918124,Xiamen
bus_BV10145652,-0.002138476873518543,0.014047442304720895,10,-0.152232364070734,Changzhou
bus_BV10062123,-0.08346713911182543,0.5252369982279737,10,-0.15891328639126925,Chengdu
bus_BV09007984,-0.03444335591908702,0.19484226729939544,10,-0.17677557661760038,Dalian
bus_BV10450701,-0.1810757117386876,0.0,1,-0.1810757117386876,Changzhou
bus_BV10808632,-0.08870776338010704,0.4814844129178512,10,-0.18423807533071943,Chuzhou
bus_BV11047506,-0.020252274825824555,0.1050089974627418,10,-0.19286226310643168,Luoyang
bus_BV10666693,-0.0012699069243521655,0.006258223503238456,10,-0.2029177920087234,ningbo
bus_BV10000124,-0.05493112996983451,0.2692292430692626,10,-0.20403106030867602,Beijing
bus_BV10947330,-0.2052292163997248,0.0,1,-0.2052292163997248,Hefei
bus_BV11235214,-0.2248139183177481,0.0,1,-0.2248139183177481,Shaoxing
bus_BV10943459,-0.22589858417049458,0.0,1,-0.22589858417049458,Nanning
bus_BV11257285,-0.10003596828298436,0.3949506903419585,10,-0.2532872284980648,Guiyang
bus_BV11580157,-0.029185040782016648,0.11424454431644403,10,-0.25546111109311614,sian
bus_BV09000626,-0.021757973177774316,0.08505360271232049,10,-0.2558148029686522,Taiyuan
bus_BV11203551,-0.03486064422657599,0.13487429656924227,10,-0.25846764378861964,Dongguan
bus_BV10636061,-0.05675661371343813,0.2152535986565329,10,-0.263673227444011,Zhengzhou
bus_BV10048427,-0.07067870662389307,0.2679807355837688,7,-0.26374546600326343,Chongqing
bus_BV10134448,-0.009101780536477283,0.03360344777009157,10,-0.2708584514947814,Suzhou
bus_BV11353288,-0.0545043472224326,0.1989127927894076,8,-0.27401125748621263,Kunming
bus_BV10267337,-0.056222912082332696,0.20343174009607054,10,-0.2763723561134457,Nanning
bus_BV11120538,-0.04752985407920739,0.16665391532019883,10,-0.2852009275382286,Hefei
bus_BV10092378,-0.28638361621250996,0.0,1,-0.28638361621250996,Zhengzhou
bus_BV10024773,-0.01046324740937662,0.035756009793567675,10,-0.292628974639367,Shanghai
bus_BV10101779,-0.06573823170905733,0.22300148476610332,10,-0.2947883007600794,Dalian
bus_BV10728385,-0.025723201504417613,0.08676732857608903,10,-0.29646180148605256,Shaoxing
bus_BV11044244,-0.08219132229917359,0.26666729626564356,10,-0.30821671936528205,Tianjin
bus_BV10307798,-0.060197011000622004,0.19235089998434401,10,-0.3129541264219733,urumchi
bus_BV11098163,-0.3232519535813611,0.0,1,-0.3232519535813611,Kunming
bus_BV10660759,-0.3253476208408066,0.0,1,-0.3253476208408066,Changzhou
bus_BV10741722,-0.1252659742305215,0.37536628626263285,10,-0.3337166268728521,Luoyang
bus_BV11214953,-0.025216867842714645,0.07429902780943244,2,-0.3393969637587057,Wuhan
bus_BV11348577,-0.14615534075936884,0.41634242274502686,10,-0.35104598826436734,Chuzhou
bus_BV10208493,-0.09967688435484426,0.28359913061905156,10,-0.35147103809012104,Fuzhou
bus_BV11057634,-0.3536505640458818,0.0,1,-0.3536505640458818,Shanghai
bus_BV10024942,-0.10572832646254082,0.29503670662881865,10,-0.35835650447383494,Shanghai
bus_BV10183824,-0.35856273252230697,0.0,1,-0.35856273252230697,Hangzhou
bus_BV10040922,-0.10026872922565751,0.2792025004893032,10,-0.3591254571813709,Tianjin
bus_BV11604079,-0.3606699695825251,0.0,1,-0.3606699695825251,Wuhu
bus_BV10703120,-0.005582989359132863,0.015439905069731679,10,-0.3615945640839517,Harbin
bus_BV10455591,-0.0398699803999212,0.1099277470351386,10,-0.3626925671482289,Guiyang
bus_BV10550382,-0.3635106161003029,0.0,1,-0.3635106161003029,Shaoxing
bus_BV10456981,-0.10009898780274684,0.27529510205119745,10,-0.3636061209257182,Kunming
bus_BV10548760,-0.36448931016195407,0.0,1,-0.36448931016195407,Shijiazhuang
bus_BV11494485,-0.3662467546170644,0.0,1,-0.3662467546170644,Beijing
bus_BV09160271,-0.3688880078545923,0.0,1,-0.3688880078545923,Chongqing
bus_BV10199804,-0.37842448538603496,0.0,1,-0.37842448538603496,Shaoxing
bus_BV11273428,-0.15623350768766928,0.41171314357660643,10,-0.37947174223229985,Chuzhou
bus_BV10041575,-0.1207389991794702,0.3173758190693318,10,-0.3804290942178031,Tianjin
bus_BV10085643,-0.3809066707439752,0.0,1,-0.3809066707439752,Taiyuan
bus_BV10049358,-0.03781914657114158,0.09897330576759099,10,-0.382114575811004,Shenyang
bus_BV10586896,-0.38904905113127636,0.0,1,-0.38904905113127636,Harbin
bus_BV10244432,-0.38927617677314513,0.0,1,-0.38927617677314513,Shenzhen
bus_BV10198853,-0.04515078367611623,0.1151889084963707,10,-0.3919715912389508,Shaoxing
bus_BV10839725,-0.39535423633693595,0.0,1,-0.39535423633693595,Kunming
bus_BV10877941,-0.028795101783253563,0.07190190071264607,10,-0.40047756030201154,Xiamen
bus_BV10954394,-0.12678598368305752,0.3160551498002858,6,-0.40115144382763174,Dongguan
bus_BV11034983,-0.40159272024674575,0.0,1,-0.40159272024674575,Wenzhou
bus_BV10121076,-0.027576379847499492,0.06857464955264884,10,-0.40213659137931945,Hohhot
bus_BV10070508,-0.14692726279457108,0.3638081540870906,10,-0.4038591689201311,sian
bus_BV11088412,-0.02560883477366659,0.06312913972913557,10,-0.40565784401571814,Wenzhou
bus_BV11089631,-0.40580512101287725,0.0,1,-0.40580512101287725,Nanning
bus_BV11272102,-0.04123836456386616,0.10038743548515118,10,-0.4107920503860808,sian
bus_BV11276236,-0.07983773794207669,0.19251219039287698,10,-0.4147152117068146,Zhengzhou
bus_BV10154780,-0.17564008356461924,0.42155992193272873,7,-0.4166432107514605,Qingdao
bus_BV10056737,-0.011983374362280693,0.02830582726524307,10,-0.42335346769604865,nanking
bus_BV09118660,-0.4253731171258318,0.0,1,-0.4253731171258318,Dongguan
bus_BV10153024,-0.1188280190129691,0.27681195076681087,10,-0.4292734269277873,Jinan
bus_BV09262523,-0.11089754727274351,0.25680525124844283,10,-0.431835184114305,Wenzhou
bus_BV11672265,-0.4410486851081877,0.0,1,-0.4410486851081877,Shaoxing
bus_BV10747787,-0.44113188542360854,0.0,1,-0.44113188542360854,Wuhan
bus_BV10574625,-0.44653673748933453,0.0,1,-0.44653673748933453,Shenyang
bus_BV10867752,-0.44927348634342185,0.0,1,-0.44927348634342185,Dongguan
bus_BV11658254,-0.008937003992167614,0.019888396181683754,10,-0.44935747543200094,Changsha
bus_BV10098587,-0.04554531798648881,0.10121323639594802,10,-0.44999364814675263,Luoyang
bus_BV10045468,-0.45300577210765064,0.0,1,-0.45300577210765064,Chongqing
bus_BV10029696,-0.45682972169780145,0.0,1,-0.45682972169780145,Shanghai
bus_BV10656898,-0.014799761576691797,0.03220468006105615,10,-0.4595529889787251,Shaoxing
bus_BV09145673,-0.4636880134835839,0.0,1,-0.4636880134835839,Jinan
bus_BV10972104,-0.4639185182517687,0.0,1,-0.4639185182517687,Shijiazhuang
bus_BV11591491,-0.4723290577047098,0.0,1,-0.4723290577047098,Lanzhou
bus_BV10284773,-0.12756344315166734,0.265131036763551,10,-0.4811335553072021,Guiyang
bus_BV10101908,-0.18470136173310991,0.3782393773815341,10,-0.4883186888910638,Dalian
bus_BV10784935,-0.4911962589193359,0.0,1,-0.4911962589193359,Jinan
bus_BV11247482,-0.05714657873458416,0.11583738485142096,10,-0.4933344608438693,Zhengzhou
bus_BV10001570,-0.1932336134760201,0.39029932536686374,10,-0.49509080842884157,Beijing
bus_BV10976625,-0.02668080206534893,0.05343789127776904,10,-0.49928611392619454,Nanning
bus_BV11031444,-0.06878932097369286,0.1374363401031179,10,-0.5005176645194706,Qingdao
bus_BV11200753,-0.024998644625874044,0.049935145399343,10,-0.5006221453794244,Shijiazhuang
bus_BV10582353,-0.014172474673657409,0.027923955081634578,10,-0.5075380459839695,Shenzhen
bus_BV10198696,-0.1274829176438697,0.25088542787074425,10,-0.5081319933345382,Shaoxing
bus_BV10031680,-0.14384151421579197,0.27832200184422995,10,-0.516816881505932,Shanghai
bus_BV10025484,-0.10390010645929841,0.20022312594531197,10,-0.5189215820077716,Shanghai
bus_BV10847547,-0.5241692917915248,0.0,1,-0.5241692917915248,Nanning
bus_BV10591774,-0.16298062553956877,0.306492711501303,10,-0.5317601825623643,Zhengzhou
bus_BV11377887,-0.0242351941154798,0.04550077064641532,10,-0.5326324905018771,Chongqing
bus_BV10959918,-0.03500531858944048,0.0656899173456351,10,-0.5328871564320048,Shaoxing
bus_BV10865087,-0.16460934934885454,0.30819926336925596,8,-0.5341003810597399,Zhengzhou
bus_BV10211009,-0.05239795516977393,0.09627942241982729,10,-0.5442279192225833,Xiamen
bus_BV11523675,-0.1687380589188631,0.3081606955661093,10,-0.5475651368622141,Luoyang
bus_BV10000300,-0.03217988563699374,0.0586919034268442,10,-0.5482848276382053,Beijing
bus_BV10075245,-0.14745253608357078,0.2670632649803611,10,-0.5521258439387218,Shijiazhuang
bus_BV10273220,-0.5535571141937792,0.0,1,-0.5535571141937792,Nanchang
bus_BV10671846,-0.045091968165080695,0.08121328600865572,10,-0.5552288896177147,Chuzhou
bus_BV10183642,-0.12332173983879777,0.2220128661161764,10,-0.5554711149918401,Hangzhou
bus_BV10287132,-0.13709309638065212,0.2462428065428486,10,-0.5567394749028003,Kunming
bus_BV11208567,-0.5570317470513386,0.0,1,-0.5570317470513386,Taiyuan
bus_BV10417963,-0.5583237343484082,0.0,1,-0.5583237343484082,sian
bus_BV10433929,-0.005369737533731335,0.009616957769582405,10,-0.5583607705034976,Shenyang
bus_BV11688938,-0.057957867350574475,0.10232467962936838,10,-0.5664113671930444,Xiamen
bus_BV10666662,-0.07799799095270839,0.1374688706632998,10,-0.5673865283281643,Chongqing
bus_BV10273042,-0.5700649885451851,0.0,1,-0.5700649885451851,Nanchang
bus_BV10208534,-0.22958295357768974,0.4009070051092266,10,-0.5726588583518304,Fuzhou
bus_BV10262125,-0.07391588751058081,0.12802652570657858,10,-0.577348181005125,Dongguan
bus_BV10001194,-0.5779653931491576,0.0,1,-0.5779653931491576,Beijing
bus_BV10156446,-0.05140498086723046,0.08845379279177369,10,-0.5811506034199717,Qingdao
bus_BV10154144,-0.0929395920182893,0.15830075549036787,10,-0.5871076600949501,Jinan
bus_BV10344756,-0.1938134793791301,0.32651440537520915,10,-0.5935832240558575,Chengdu
bus_BV10740549,-0.2026205494965274,0.3400071795277655,5,-0.5959301912937377,Luoyang
bus_BV11380276,-0.03393346552594318,0.05612900167910126,10,-0.6045619637834772,Suzhou
bus_BV10007675,-0.15132050455248436,0.25019102057567655,10,-0.6048198618643672,Beijing
bus_BV10700197,-0.17128053490842088,0.2828892835185592,10,-0.6054684246902539,Taiyuan
bus_BV11687930,-0.03212226938606649,0.0529415180426177,10,-0.6067499479842782,Guangzhou
bus_BV10075307,-0.26773077909902476,0.4405348002090702,10,-0.6077403485367351,Shijiazhuang
bus_BV10444271,-0.030028160764461104,0.04917774930690871,10,-0.6106044925117728,Changsha
bus_BV10376948,-0.06886257935493931,0.11275481291401503,10,-0.6107284599919311,Lanzhou
bus_BV11034369,-0.09592849379064769,0.1568045550104133,10,-0.6117710526111095,Dongguan
bus_BV10061294,-0.16561491444650558,0.2703025889471633,10,-0.6127018944382356,Chengdu
bus_BV10101854,-0.16133924821604853,0.2622379410364578,10,-0.615239890253788,Dalian
bus_BV10043519,-0.14406837446147558,0.2322808939384853,10,-0.6202333985217702,Tianjin
bus_BV10345312,-0.05686550940365344,0.09066955229949328,10,-0.6271730883162236,urumchi
bus_BV11019209,-0.6344041729702204,0.0,1,-0.6344041729702204,Xiamen
bus_BV10287603,-0.10366585453222524,0.1629428809847106,10,-0.636209741374679,Kunming
bus_BV11396624,-0.6429025030542894,0.0,1,-0.6429025030542894,Xiamen
bus_BV10592454,-0.13399734848456293,0.20795187836395015,10,-0.6443670674922916,Qingdao
bus_BV10090945,-0.13873393572935444,0.21349136565081153,10,-0.649833911587459,Zhengzhou
bus_BV09224090,-0.2151897179424552,0.3306265650959287,10,-0.6508542692916309,Zhengzhou
bus_BV10411609,-0.21138758307961575,0.32212097397154277,10,-0.6562366117020505,Fuzhou
bus_BV10286972,-0.21382639983213156,0.32342920633316674,10,-0.6611227094953211,Kunming
bus_BV09321032,-0.26907361077683534,0.4007947060262648,9,-0.6713501950439946,Zhengzhou
bus_BV10391469,-0.09286991573219651,0.13586017062944994,10,-0.6835697943424155,Fuzhou
bus_BV11321543,-0.30757660822957755,0.4436659939372087,10,-0.6932616100852036,Chengdu
bus_BV10101801,-0.23602194284993602,0.34027439907595003,10,-0.6936223722814706,Dalian
bus_BV11681405,-0.19604789341275727,0.27914425125517206,10,-0.7023174774621123,Qingdao
bus_BV10098331,-0.09336484834090494,0.13283482751793357,10,-0.7028641739280186,Luoyang
bus_BV10284693,-0.19264170788645812,0.2712640445562787,10,-0.7101630483315329,Guiyang
bus_BV11004304,-0.04451955938924291,0.061197613314722316,10,-0.7274720320475719,Chuzhou
bus_BV10120745,-0.09795564766353793,0.13427897489347596,10,-0.72949350742595,Hohhot
bus_BV10153281,-0.15999928704770944,0.21732254316108016,9,-0.7362295570359763,Jinan
bus_BV10273466,-0.07971294843147125,0.10805856971533737,10,-0.7376827332125035,Nanchang
bus_BV11201788,-0.14518390845132106,0.19501831554559737,10,-0.7444629013460354,Taiyuan
bus_BV09005210,-0.24418642000287777,0.327253356433373,10,-0.7461693142050314,Guangzhou
bus_BV10307889,-0.12800645288398912,0.17106556482412094,10,-0.7482887951921212,urumchi
bus_BV10391399,-0.23300478665215824,0.310412501064534,10,-0.7506294957412883,Dalian
bus_BV11688483,-0.22958912200915244,0.30213203436395925,10,-0.7598966289473785,Guangzhou
bus_BV10102549,-0.2046007366642983,0.2662183149576516,10,-0.7685449027479417,Dalian
bus_BV10129729,-0.0414422969268717,0.05354426439311922,10,-0.773981857006868,Suzhou
bus_BV11556197,-0.22058767208588578,0.2818484858775626,10,-0.7826462631956388,Lanzhou
bus_BV10180532,-0.08495868986477051,0.10794124617601274,10,-0.7870826491608912,Hangzhou
bus_BV10284775,-0.12986386064983416,0.16352081991236359,10,-0.7941731993375563,Guiyang
bus_BV09207725,-0.0837653147059775,0.10516852297245027,10,-0.7964864806844886,Shanghai
bus_BV10180669,-0.08729024534495852,0.10840350831378032,10,-0.8052344306048427,Hangzhou
bus_BV10153094,-0.08679611159640173,0.10741205610512257,10,-0.8080666795055937,Jinan
bus_BV10014367,-0.22791046612598498,0.27987891275807597,10,-0.814318076831345,Guangzhou
bus_BV10751375,-0.14671645456038013,0.176718028182562,10,-0.8302290817013929,Zhengzhou
bus_BV11315946,-0.13745393694902244,0.16522110927583836,10,-0.8319392675190735,Hangzhou
bus_BV11048565,-0.15800108825765202,0.18831540304449285,10,-0.8390236662164317,Taiyuan
bus_BV10267762,-0.25383298509618607,0.3012394225855727,10,-0.8426286788469504,Nanning
bus_BV10777786,-0.34989140420815246,0.41488469216320956,10,-0.843346120943525,Qingdao
bus_BV10171020,-0.13578117885793067,0.15976435810434875,10,-0.8498839914620158,Chuzhou
bus_BV11430091,-0.07180223965530944,0.08445506800491828,10,-0.8501826219511396,Tianjin
bus_BV10154570,-0.04799528384409825,0.05644030842261081,10,-0.8503723080497477,Qingdao
bus_BV10152825,-0.21137350370638713,0.24692265923667134,10,-0.8560311791534584,Jinan
bus_BV11688882,-0.1172524458141853,0.13631361783609086,10,-0.8601667175579428,Xiamen
bus_BV10070311,-0.16215128686493108,0.18679693389736568,10,-0.868061775967941,sian
bus_BV10424510,-0.141046173847374,0.1612634462452297,10,-0.8746319664195232,Kunming
bus_BV10001786,-0.25603593909061273,0.29174824384520653,10,-0.877592018859034,Beijing
bus_BV11252686,-0.05323530869252768,0.059838965546304204,10,-0.8896427154126909,Shaoxing
bus_BV11094446,-0.0578056284515952,0.0647563146379023,10,-0.8926638251140213,Taiyuan
bus_BV11569743,-0.17661478495572297,0.19293338363478432,10,-0.9154184334208527,Zhengzhou
bus_BV10153350,-0.17252049486863263,0.18715891631346884,10,-0.921786089858634,Jinan
bus_BV10204330,-0.07052460002748193,0.07648977253728827,10,-0.9220133420186108,Wenzhou
bus_BV10912998,-0.14687032167093422,0.15761218377940894,10,-0.9318461861935071,Shaoxing
bus_BV11081933,-0.15346281896934358,0.16416055760133733,10,-0.9348336279028155,Suzhou
bus_BV11091393,-0.13319589780735064,0.13986010084285336,10,-0.9523508669102185,Guangzhou
bus_BV10102561,-0.0437070516454018,0.045405540722237826,10,-0.9625926995748524,Dalian
bus_BV10180528,-0.14634564744136863,0.15187517992418406,10,-0.9635915353549466,Hangzhou
bus_BV10625257,-0.014340504359892838,0.014783492444115535,10,-0.970034294248111,Xuzhou
bus_BV11363124,-0.11354840615709791,0.11696212841642348,10,-0.9708133563087608,Xiamen
bus_BV10121023,-0.07890476763925092,0.08080383275152184,10,-0.9764977128858745,Hohhot
bus_BV10253116,-0.058778484496759674,0.05991155701374436,10,-0.9810874164462308,Foshan
bus_BV10284646,-0.12848404339323446,0.13056092032694164,10,-0.9840925847532921,Guiyang
bus_BV09003256,-0.10165556892053365,0.1027609897476927,10,-0.9892427007340023,Guiyang
bus_BV10001189,-0.02760926648546712,0.027652839502282093,10,-0.9984239231182531,Beijing
bus_BV10272835,-0.06651342302893518,0.06655096116352709,10,-0.9994357988480793,Nanchang
bus_BV10120690,-0.09992094524844895,0.09976444242381281,10,-1.0015686231000531,Hohhot
bus_BV10158541,-0.06017817042430766,0.059514278459581356,10,-1.0111550012931294,Qingdao
bus_BV10181860,-0.25604038496405196,0.25041898121811706,6,-1.0224479530030477,Hangzhou
bus_BV10998184,-0.313129716155398,0.3061724432033263,9,-1.0227233471832013,Chengdu
bus_BV10074860,-0.15633510577567172,0.1518070950084684,10,-1.0298273309865882,Shijiazhuang
bus_BV10026096,-0.134134265301154,0.12978307750964105,10,-1.0335265393589108,Shanghai
bus_BV10775747,-0.3539542876232883,0.34234955347056195,10,-1.0338972950194056,Chongqing
bus_BV11228616,-0.18678359470101918,0.18054979180081174,7,-1.03452672247785,Chongqing
bus_BV10845472,-0.05855303105063396,0.055981981141393966,10,-1.0459261962073894,ningbo
bus_BV10537296,-0.10833061281980864,0.10255906761857733,10,-1.0562752253164363,Chengdu
bus_BV10520545,-0.15549134976272608,0.14538142620828523,10,-1.0695406086094552,Chuzhou
bus_BV11107332,-0.22670445997978791,0.2090516351940235,10,-1.0844423624094448,sian
bus_BV11542213,-0.13837143404664526,0.12714216946490153,10,-1.0883204506089472,Luoyang
bus_BV10450591,-0.13907188312428137,0.12710930412252794,10,-1.0941124502506718,Foshan
bus_BV10208643,-0.3070265459450326,0.2804163575748121,10,-1.0948952395338378,Fuzhou
bus_BV10262189,-0.10092089879018629,0.09175081166141504,10,-1.0999454496724976,Dongguan
bus_BV09028189,-0.12440314257696214,0.11302656423372251,10,-1.100653925153164,Changsha
bus_BV09000545,-0.16644293954925407,0.15002263113607922,10,-1.1094521352832383,Guangzhou
bus_BV10014235,-0.1891004628926915,0.1691540462348133,10,-1.1179185832244505,Guangzhou
bus_BV09045125,-0.18087560220841686,0.16049076033006845,10,-1.127015602432617,Zhengzhou
bus_BV10074619,-0.1495592745284372,0.1324211923100181,10,-1.1294209078263486,Shijiazhuang
bus_BV10074964,-0.1405933770078097,0.12445841590732629,4,-1.1296412917233722,Shijiazhuang
bus_BV10024583,-0.18038890623395815,0.1594405752712698,10,-1.1313863777346727,Shanghai
bus_BV10064278,-0.26100577374340184,0.22897969913057667,10,-1.139864203402242,Chengdu
bus_BV11631284,-0.22057489118730297,0.19295249253065283,10,-1.1431564156689908,Chongqing
bus_BV10155882,-0.11273406572312342,0.09740422000082262,10,-1.157383675454047,Qingdao
bus_BV10267278,-0.2352572823325294,0.2022839510511014,10,-1.1630051196846902,Nanning
bus_BV10101799,-0.06871117139360997,0.05853808934891029,10,-1.1737854859971475,Dalian
bus_BV10098052,-0.08817569145162213,0.07475341636984568,10,-1.179553844333091,Luoyang
bus_BV10398065,-0.15541240605783205,0.12973863005915037,10,-1.1978883545177945,Suzhou
bus_BV11356543,-0.1851688343370714,0.15444176616884564,10,-1.1989556124674,Jinan
bus_BV11370256,-0.06116670287312885,0.050983977113741176,10,-1.1997238022336474,Fuzhou
bus_BV11688492,-0.26014922461834744,0.21620795373389132,10,-1.2032360886509204,Shijiazhuang
bus_BV10120688,-0.07304291530885695,0.06005960155636626,10,-1.2161736217741899,Hohhot
bus_BV10403986,-0.15469247553114357,0.12654204629777724,8,-1.2224589994580388,Tianjin
bus_BV09221902,-0.24912461608308845,0.2021161476937959,10,-1.232581397378976,Guiyang
bus_BV09009509,-0.049990004752190106,0.040444943425726784,10,-1.2360010463108055,Harbin
bus_BV10994995,-0.14261420593252802,0.11488993243318664,10,-1.2413114926527553,Changchun
bus_BV11282577,-0.22345487930601227,0.1779355778309508,10,-1.2558189288042112,Lanzhou
bus_BV10153454,-0.29376305134331165,0.23154642398629816,10,-1.2687003910442223,Jinan
bus_BV11206644,-0.1709095074424685,0.13443556166677872,10,-1.2713116426216164,Taiyuan
bus_BV10381674,-0.14336359438120025,0.11270329058494291,4,-1.2720443291112766,Wenzhou
bus_BV09342154,-0.1720257766360426,0.13471424887207611,10,-1.2769678434663496,urumchi
bus_BV10058773,-0.10175661923141358,0.07904478689037116,10,-1.2873284926336381,Wuhan
bus_BV11683575,-0.19615966193197298,0.15166238538665025,10,-1.293396833353982,Nantong
bus_BV10091680,-0.1100256350678795,0.08495640265474899,10,-1.2950833448560068,Zhengzhou
bus_BV10814719,-0.1421622885401097,0.10773776539134776,10,-1.3195212916149235,sian
bus_BV10130050,-0.21247976602091403,0.16028178825710096,10,-1.3256637268324418,Suzhou
bus_BV10307730,-0.18050342352219179,0.1357993174653398,10,-1.3291923229020546,urumchi
bus_BV10158594,-0.16698247752494727,0.12470802591241792,10,-1.3389873098652485,Qingdao
bus_BV10059965,-0.09797805775172423,0.0723788998173186,10,-1.3536824193541577,Wuhan
bus_BV10422483,-0.13792691661355475,0.1015153514316493,10,-1.3586802496528714,Xiamen
bus_BV11380489,-0.05334536068375245,0.039199231175615475,10,-1.36087738139525,ningbo
bus_BV10074924,-0.2753638377905802,0.2021427484272916,10,-1.3622245977692313,Shijiazhuang
bus_BV10332246,-0.1321528770538052,0.09638960674920775,10,-1.3710281409007823,Kunming
bus_BV11586298,-0.31982444647087377,0.23279158816292883,10,-1.373865934143514,Chongqing
bus_BV10198907,-0.027540377862183586,0.019979862001931886,10,-1.378406120896103,Shaoxing
bus_BV11600877,-0.22548414206840967,0.16299811866083205,10,-1.3833541766457889,Hangzhou
bus_BV10181363,-0.02830999864710019,0.020428906979653997,10,-1.3857806889760864,Hangzhou
bus_BV10945299,-0.18902761731182596,0.13521327207518347,10,-1.3979959247399956,Shaoxing
bus_BV10307948,-0.25123252825823494,0.1795227368542123,10,-1.3994467701759101,urumchi
bus_BV10978877,-0.32372037143559734,0.2304611510927616,5,-1.4046634578279267,Nanning
bus_BV11018953,-0.15267493892968037,0.10768341936182008,10,-1.417812748298415,Zhengzhou
bus_BV10074710,-0.2192486663767288,0.1542719070481826,10,-1.4211832624615177,Shijiazhuang
bus_BV10253367,-0.11536742152524697,0.08116447255961604,10,-1.421402784654095,Foshan
bus_BV11178527,-0.07070129292856384,0.049371803495066174,10,-1.4320173379012937,Luoyang
bus_BV10074965,-0.11448347734721631,0.07951511826133002,10,-1.4397697626917139,Shijiazhuang
bus_BV11452971,-0.22897021203818863,0.15752143925612647,10,-1.4535811670059486,Wenzhou
bus_BV10945635,-0.15980158019407464,0.10960817385774685,10,-1.4579347505791216,Hefei
bus_BV10211696,-0.1818452592461815,0.12415339263996959,8,-1.4646820415668476,Xiamen
bus_BV11505711,-0.18749651798018435,0.12657128651199714,10,-1.4813510104355483,Fuzhou
bus_BV10062836,-0.06468830226514473,0.04331627045522829,10,-1.4933946679010577,Chengdu
bus_BV10098983,-0.22883987884768767,0.1525479577920026,8,-1.5001175181809583,Luoyang
bus_BV11378823,-0.08322942209903214,0.055328902624322523,10,-1.504266361859506,Suzhou
bus_BV10803978,-0.1661201842870264,0.11033688605346814,10,-1.5055723899150313,Chuzhou
bus_BV09104387,-0.2904739587295937,0.19241710243492938,2,-1.5096056429379414,nanking
bus_BV11095678,-0.09972792277394002,0.06586676548073236,10,-1.5140853950427993,Wenzhou
bus_BV10999219,-0.2526474046856195,0.1665884013791043,10,-1.516596518293648,Lanzhou
bus_BV09020981,-0.050231767670843384,0.03311858070353614,10,-1.51672419036478,Fuzhou
bus_BV11570754,-0.10196863761831117,0.06700907283039233,10,-1.5217136738970967,Taiyuan
bus_BV10184121,-0.04684862536516066,0.03077284883343398,10,-1.5224008149109869,Hangzhou
bus_BV10154077,-0.09097777505066021,0.0591994295553284,10,-1.5368012895735517,Jinan
bus_BV10801206,-0.08006662464052927,0.05177114021585544,6,-1.5465490781390454,Beijing
bus_BV10171238,-0.11688192645901943,0.0754296340113164,10,-1.5495489603727166,Chuzhou
bus_BV11201069,-0.2757507856092126,0.1750808111768748,10,-1.5749913882951025,Foshan
bus_BV10307744,-0.18329060055091279,0.11514738178832226,10,-1.5917911617821057,urumchi
bus_BV10288230,-0.26541974753006115,0.16633039131549032,10,-1.5957380336419753,Kunming
bus_BV10295340,-0.1755187987371037,0.10938983456261832,10,-1.6045255337814381,Lanzhou
bus_BV10090634,-0.18460864053886478,0.11441762861435517,10,-1.6134631231211518,Zhengzhou
bus_BV11612293,-0.30351074457884664,0.1877927832725149,7,-1.616200170889455,Chongqing
bus_BV10284605,-0.3935010577357876,0.2428015715287601,10,-1.6206692528861348,Guiyang
bus_BV10770627,-0.15926177667091987,0.09819526014297109,10,-1.6218884722149725,Tianjin
bus_BV10814688,-0.27911101356750145,0.17206815474681736,2,-1.6220956036707193,sian
bus_BV09368189,-0.5360038450253466,0.3298846736164794,10,-1.62482185941224,Shenzhen
bus_BV10262300,-0.19137946999851088,0.11775080504004903,10,-1.6252921046314586,Dongguan
bus_BV10184571,-0.22429040552949578,0.13779333132858698,10,-1.6277303632157725,Hangzhou
bus_BV10927537,-0.3159547709836039,0.19372629437541616,10,-1.630933765046821,Chongqing
bus_BV10102548,-0.257146633854194,0.157131671709584,10,-1.6365040522474708,Dalian
bus_BV10058378,-0.10198246992950347,0.06204855598955883,10,-1.6435910855162146,Wuhan
bus_BV10114284,-0.07591045900797716,0.04614272280260391,10,-1.6451227397544474,Harbin
bus_BV10016229,-0.17627512546107096,0.1069182970944606,10,-1.6486898291920646,Guangzhou
bus_BV09010740,-0.17015192731195614,0.10289189461476342,10,-1.653695963244342,Hangzhou
bus_BV10264114,-0.08327672068048352,0.05035644496713313,10,-1.6537447033322128,Dongguan
bus_BV11319991,-0.3523753905082655,0.2127040591496781,10,-1.6566462123500882,Guiyang
bus_BV11271702,-0.21242058274975806,0.12783970546122947,9,-1.6616165170844723,Luoyang
bus_BV10985569,-0.08557913123771972,0.05142766216257513,10,-1.6640677603914034,Xuzhou
bus_BV10308170,-0.29787851984670993,0.17898672383810774,10,-1.6642491510914939,urumchi
bus_BV10211082,-0.34524471231416154,0.20724152556187517,10,-1.6659050097179162,Xiamen
bus_BV10059010,-0.10652795218985715,0.06387893446146105,10,-1.6676536077412296,Wuhan
bus_BV11100905,-0.2459342360281521,0.14624380892065128,10,-1.6816726877297337,Wenzhou
bus_BV10029791,-0.04015250472260181,0.023852605469173994,10,-1.6833585723332114,Shanghai
bus_BV10497185,-0.025181878138919457,0.014916410297951146,10,-1.6881984843493802,Xuzhou
bus_BV10071054,-0.2834603004534991,0.16762087892576596,10,-1.6910798067598534,sian
bus_BV10286842,-0.09918496745448117,0.058638615499963756,10,-1.6914613296067533,Kunming
bus_BV10307825,-0.1839858121908721,0.10827875876307788,10,-1.6991864083110046,urumchi
bus_BV09072859,-0.25109201922324687,0.147520950278707,10,-1.7020769031659373,Qingdao
bus_BV11556260,-0.051002852907450415,0.029865956745333464,10,-1.7077248274717098,Changzhou
bus_BV10751496,-0.35956297624534433,0.20980546249906068,8,-1.713792171207327,Chengdu
bus_BV10048423,-0.34820303677302794,0.2013133386439247,10,-1.7296569706806482,Chongqing
bus_BV10130674,-0.09366365364769529,0.05392769344404838,10,-1.7368374261454347,Suzhou
bus_BV09000669,-0.22425143643867024,0.1290039679232207,10,-1.738329624006928,Lanzhou
bus_BV10101806,-0.043036279574278344,0.024751270043965306,10,-1.7387496524556985,Dalian
bus_BV10006901,-0.22784520227623814,0.13094684209264865,10,-1.7399822801011753,Beijing
bus_BV09000897,-0.22569546798784126,0.12961185255492824,10,-1.741317990027292,Foshan
bus_BV10133048,-0.04308621899281799,0.024548752244641436,10,-1.7551279597497,Suzhou
bus_BV10101775,-0.40533459058415877,0.2287410062027213,10,-1.772024087822237,Dalian
bus_BV10713679,-0.24356467578205726,0.13547492892324756,10,-1.7978578009918664,Foshan
bus_BV10181183,-0.04747321122438379,0.026263703789693862,10,-1.8075589615590748,Hangzhou
bus_BV10101993,-0.28362055510479983,0.15656626892720918,9,-1.8115047317223447,Dalian
bus_BV10061400,-0.32223331732524846,0.1775172580530583,10,-1.8152223772897174,Chengdu
bus_BV10180590,-0.07304048641051815,0.03954343833001584,10,-1.8470945123689693,Hangzhou
bus_BV10743624,-0.023483674737455437,0.012673434250598695,10,-1.8529828413729017,Wuhu
bus_BV09040107,-0.35244329829656545,0.19001544555110256,10,-1.8548138480334286,Jinan
bus_BV10040506,-0.18077051647067882,0.09732456690224868,10,-1.8573984313565728,Tianjin
bus_BV10582581,-0.41061877946152103,0.22097209666130802,10,-1.8582380630098774,Guiyang
bus_BV09002690,-0.34629488822495685,0.1835312759344175,3,-1.886843904906223,Chengdu
bus_BV10110501,-0.19339065001946143,0.10213624993821577,10,-1.8934573298106594,Changchun
bus_BV10153336,-0.14155363301119842,0.07474290831558304,10,-1.8938735093741466,Jinan
bus_BV10157057,-0.227617993164551,0.11983509285089688,10,-1.8994266934268955,Qingdao
bus_BV10141898,-0.11176825713858943,0.05866561442056664,10,-1.9051745931712334,Xuzhou
bus_BV10209499,-0.18669671527430648,0.09739032744654999,10,-1.9169942334040053,Fuzhou
bus_BV09029831,-0.221918327589119,0.11533960620980517,3,-1.924042535267717,Chengdu
bus_BV10170879,-0.2948273780040546,0.15264577254783843,10,-1.93144791217312,Chuzhou
bus_BV10268275,-0.2809621763123552,0.14466541906561284,10,-1.942151474108753,Nanning
bus_BV11420907,-0.20005864145692093,0.10175448792716853,10,-1.9660913820253358,Lanzhou
bus_BV10074694,-0.28113573703905315,0.1420789929914195,10,-1.9787282506200559,Shijiazhuang
bus_BV10287257,-0.11761755386706056,0.05902600755248533,10,-1.9926391571729576,Kunming
bus_BV10307959,-0.14389384233242483,0.07220246162706644,10,-1.9929212821917244,urumchi
bus_BV10324295,-0.3198030880437005,0.16017472479407466,10,-1.9965888406486125,Shijiazhuang
bus_BV10101755,-0.3368553478379778,0.16869889773548277,10,-1.9967844034068183,Dalian
bus_BV10120881,-0.21146663232786614,0.10573178478827922,10,-2.000028778016242,Hohhot
bus_BV11383216,-0.16894247942024293,0.08381581985900168,10,-2.0156392856151957,Shijiazhuang
bus_BV10262126,-0.2000589195937192,0.09919847914678231,10,-2.0167536956908227,Dongguan
bus_BV10042434,-0.2512981230937973,0.12364518705488371,10,-2.03241313920387,Tianjin
bus_BV11688340,-0.36289783211346627,0.1783899563224337,10,-2.0342950873007117,Guangzhou
bus_BV10098182,-0.10276526316837531,0.05050041524785126,10,-2.0349385705964496,Luoyang
bus_BV10098095,-0.27044001086383523,0.13185746067577087,10,-2.0510025672252583,Luoyang
bus_BV10061173,-0.32076482185200306,0.15586726925064442,10,-2.0579355936289425,Chengdu
bus_BV10938008,-0.2246962717366883,0.10894922838424795,4,-2.0623941485870474,Nanning
bus_BV10184378,-0.24971747300751357,0.12090279664235688,10,-2.065439835042076,Hangzhou
bus_BV10550103,-0.14372133216034993,0.06949992345496267,10,-2.0679348168510723,Suzhou
bus_BV10451963,-0.14175890767613541,0.06829457516206759,10,-2.0756976170179833,Nanchang
bus_BV10569487,-0.2868065603734814,0.13814179697231257,10,-2.076174958613111,Fuzhou
bus_BV10284623,-0.3970525787464583,0.19113148331675534,10,-2.077379148021605,Guiyang
bus_BV10883823,-0.06131674993243027,0.029348908944093928,10,-2.0892336800967395,Beijing
bus_BV10000212,-0.11650243283226853,0.055737564385136405,10,-2.090195601754359,Beijing
bus_BV10085539,-0.35136822045556815,0.1680512464947582,10,-2.0908395913512727,Taiyuan
bus_BV11051760,-0.30301919023230506,0.1443459712554384,10,-2.099256159380526,Lanzhou
bus_BV10612414,-0.26016229340454533,0.1238370971895028,10,-2.1008427870204507,Suzhou
bus_BV10075674,-0.12696922413757156,0.060274754127230185,10,-2.1065071921237264,Shijiazhuang
bus_BV10817015,-0.10422670116762074,0.04924361594855438,10,-2.1165521254772766,Wuhan
bus_BV10392540,-0.2905526373923185,0.13706396158881826,10,-2.11983232372658,Changchun
bus_BV10145224,-0.33486532229595994,0.1578946736726643,10,-2.120814422037022,Changzhou
bus_BV10493959,-0.07233561773511915,0.034104278922937666,10,-2.121012342423245,Dongguan
bus_BV09247029,-0.12907998802518728,0.06084658951471237,10,-2.1214001941715157,Qingdao
bus_BV10208952,-0.30606186450361095,0.14268445281682987,10,-2.145025873605563,Fuzhou
bus_BV10761250,-0.164351252512224,0.07620556704824222,10,-2.1566827373826043,Foshan
bus_BV10596718,-0.13476067376493367,0.062171813776577906,10,-2.167552205790403,Kunming
bus_BV09109470,-0.2431462660045966,0.11208566873504405,10,-2.1692893217818017,Xiamen
bus_BV10075031,-0.3163632042635507,0.14557096406529846,10,-2.1732574525580928,Shijiazhuang
bus_BV09188533,-0.18425678166949921,0.0847702612018508,10,-2.1736014177748237,sian
bus_BV10203398,-0.3823573989617228,0.1756970515363595,10,-2.176231040054111,Wenzhou
bus_BV11344565,-0.23859468674828782,0.10933091729914798,10,-2.182316501308475,Zhengzhou
bus_BV10098206,-0.19378336401145363,0.08874402385769596,10,-2.1836213161348037,Luoyang
bus_BV10708382,-0.06400904358560591,0.02930023334573365,10,-2.18459085238028,Qingdao
bus_BV11547620,-0.3657682925464216,0.16698234786018598,9,-2.1904607003614043,Shanghai
bus_BV10480381,-0.2751890862522314,0.12489759814853794,10,-2.2033175040866686,Jinan
bus_BV11029147,-0.2507254789698345,0.11379100364166457,10,-2.2033855833237026,Nanning
bus_BV11126424,-0.3687437546509405,0.16639617829587386,10,-2.2160589039171175,sian
bus_BV10400317,-0.048670091265961384,0.021751072685456403,10,-2.237593961173438,Wuxi
bus_BV11557326,-0.37974033338447094,0.16934848059733168,10,-2.242360307110138,Chongqing
bus_BV11237215,-0.09676107288356635,0.04303374496293417,10,-2.248492444289572,Lanzhou
bus_BV11150272,-0.2806341426352243,0.12385349795363652,10,-2.2658554228458128,Tianjin
bus_BV11623925,-0.19680954149782365,0.08675549306472212,10,-2.2685539769275276,Taiyuan
bus_BV10952247,-0.2383927098869248,0.10477160742316351,10,-2.275355823935382,Lanzhou
bus_BV10284995,-0.23968575001881393,0.10506277640669819,10,-2.2813572551844388,Guiyang
bus_BV10153203,-0.375159764245487,0.16438384827683192,10,-2.2822177808583635,Jinan
bus_BV10945279,-0.1672189533857973,0.07326034671716401,10,-2.282529882175962,Tianjin
bus_BV11621401,-0.1746306170473806,0.0764437686588615,10,-2.2844320376506806,Luoyang
bus_BV10932915,-0.3316719256643036,0.1450252826944287,2,-2.2869936650508493,Lanzhou
bus_BV10945281,-0.14397036479834313,0.06284780190377291,10,-2.290777680832835,Tianjin
bus_BV10326147,-0.05522700383226289,0.024063816085919475,10,-2.295021732415943,Nanchang
bus_BV11001642,-0.2626083480583521,0.11403631512924149,10,-2.302848217537075,Chengdu
bus_BV10092843,-0.3576095119072419,0.15512201154912578,10,-2.3053432925639776,Zhengzhou
bus_BV11251652,-0.15991499737340492,0.06899998772799872,10,-2.3176087338987674,sian
bus_BV11430043,-0.2832096711801017,0.12193849368789487,10,-2.322561476602871,Tianjin
bus_BV11007957,-0.42032343855752563,0.18058043181884087,10,-2.3276243779445176,nanking
bus_BV09145220,-0.3243845895698684,0.13926219103860454,10,-2.3293082196794126,Nanning
bus_BV10287254,-0.22611729015198606,0.09706792933656008,10,-2.329474507210645,Kunming
bus_BV11694436,-0.23618408581697375,0.10121004242178036,10,-2.3336030380925585,Chongqing
bus_BV10284683,-0.3259858192743366,0.13954436467734696,10,-2.3360728085820557,Guiyang
bus_BV10111119,-0.2971717932119018,0.12701157243852235,10,-2.339721996265517,Changchun
bus_BV10102394,-0.3053513825543115,0.12943339481211533,10,-2.359138917789867,Dalian
bus_BV10818022,-0.28726847078476353,0.12140328390315036,7,-2.366232921274215,Kunming
bus_BV11292669,-0.23473589365930855,0.0991354989862029,10,-2.3678286020801864,Lanzhou
bus_BV10046060,-0.2957334474219661,0.12480210132759993,10,-2.369618945353249,Chongqing
bus_BV10387424,-0.12188883094456227,0.05143438088508572,10,-2.3697924452315426,Shanghai
bus_BV10619506,-0.2936700419201001,0.12355352756431799,10,-2.3768646993796105,Zhengzhou
bus_BV10101911,-0.29799664502111844,0.12502072327825883,10,-2.3835778051138674,Dalian
bus_BV09191992,-0.05543989880928919,0.023204468156783724,10,-2.389189639805866,Lanzhou
bus_BV11283391,-0.2637308522152276,0.10975895678782482,10,-2.402818283858721,Qingdao
bus_BV10387518,-0.3133256522719425,0.1302395963799523,10,-2.4057632004650507,Dalian
bus_BV09175577,-0.05518979762848321,0.022919177847986683,10,-2.40801715988079,Changzhou
bus_BV10154691,-0.09145132874928665,0.037977549400278886,10,-2.4080359610632343,Qingdao
bus_BV11027048,-0.24500933605716085,0.10172905263348483,10,-2.4084497557978515,Nanning
bus_BV10378267,-0.16388554254819207,0.06797607677766233,10,-2.4109293476135583,Hohhot
bus_BV10041389,-0.11246625339616874,0.04659108339736852,10,-2.413900279973272,Tianjin
bus_BV11674270,-0.35172326482935085,0.14569680731015022,3,-2.4140765139750755,Hohhot
bus_BV09008068,-0.2642523738548387,0.10919424635737225,10,-2.4200208204174256,Xiamen
bus_BV10148298,-0.18138438044763458,0.07410308810458646,5,-2.4477300556534782,Changzhou
bus_BV10452587,-0.34774571952156824,0.14136572789901958,10,-2.4599009964491545,urumchi
bus_BV11554439,-0.3955778489916769,0.1603731529621533,10,-2.4666087622467727,Guiyang
bus_BV10212574,-0.47464346326920037,0.19225169201165038,7,-2.468864817854446,Xiamen
bus_BV10329387,-0.24840212727643451,0.10035770066613055,10,-2.4751673352017494,Foshan
bus_BV10098153,-0.1387270950565117,0.05603227707302952,10,-2.4758420957492264,Luoyang
bus_BV10203236,-0.22807804839523502,0.09199661856244737,10,-2.4792000746029026,Wenzhou
bus_BV10230206,-0.10510280370774912,0.04223450854416875,10,-2.4885521921561122,Changsha
bus_BV10180577,-0.2110676844562281,0.08453921550371926,10,-2.496683441309056,Hangzhou
bus_BV11359698,-0.1175164411528026,0.046967615873459684,10,-2.5020732678593496,ningbo
bus_BV10171704,-0.2719261336239561,0.10859174335699479,10,-2.504114034608139,Hefei
bus_BV10061693,-0.41996177220488357,0.16768660942682792,10,-2.504444144919619,Chengdu
bus_BV10897066,-0.2991079937261634,0.11941951709692392,7,-2.5046824501607663,Zhengzhou
bus_BV10416883,-0.28439046654995426,0.11296112171089413,10,-2.5175957627425865,Tianjin
bus_BV10509231,-0.17412544550964,0.06904406217606361,10,-2.521946345598171,Hangzhou
bus_BV10267371,-0.19715016690312395,0.07794306437401911,10,-2.5294122471622744,Nanning
bus_BV11206187,-0.28264048191677177,0.11141214476505067,10,-2.5368909030869444,nanking
bus_BV10950062,-0.34885658287955607,0.13749208200844915,10,-2.537284710586251,Tianjin
bus_BV11607569,-0.20752855876552895,0.08172669717695952,10,-2.5392991585501643,Nanning
bus_BV10952141,-0.17351453386329135,0.06821854956186825,10,-2.5435092001016075,Hohhot
bus_BV10805783,-0.21415198312240152,0.08415850849233521,10,-2.544626342749909,Kunming
bus_BV11460046,-0.22939253443068736,0.08898250966602943,10,-2.5779505378320033,Qingdao
bus_BV10288133,-0.3192032190513564,0.12362741784471255,10,-2.581977354186363,Kunming
bus_BV10230045,-0.13783440405782926,0.053353347054008564,10,-2.583425142644767,Changsha
bus_BV11199994,-0.184310660439607,0.07127615578263863,10,-2.585866655645795,Wuhan
bus_BV11690580,-0.12597351410066446,0.048702091553519365,10,-2.586613515275733,Dongguan
bus_BV10180654,-0.14432668759249362,0.05575228979865998,10,-2.5887127188242474,Hangzhou
bus_BV11361662,-0.3101474207079344,0.11976093838162587,10,-2.589720813830147,Lanzhou
bus_BV10777599,-0.35119499572082347,0.13514984299450994,10,-2.59855995355829,Jinan
bus_BV09033770,-0.330606599463106,0.1270674167051259,10,-2.601820214950252,Chongqing
bus_BV11351760,-0.02111861863355154,0.008095937184365182,10,-2.608542046116064,ningbo
bus_BV10011188,-0.30033948203239513,0.11497737522322747,10,-2.612161351984905,Beijing
bus_BV10061133,-0.2943696937673042,0.11155383644711901,10,-2.638812583722492,Chengdu
bus_BV10989510,-0.1704715112486338,0.06451979324420581,10,-2.6421579527049004,Suzhou
bus_BV10430616,-0.34435725721044275,0.13026859645717195,10,-2.6434400933248345,Tianjin
bus_BV10230134,-0.18818847810264344,0.07113671361311277,10,-2.645447647070919,Changsha
bus_BV11107700,-0.2328936795323754,0.08795409795951946,10,-2.6478999666458316,Luoyang
bus_BV10230735,-0.15358455723962688,0.05790067553744299,10,-2.652551620313846,Changsha
bus_BV10085541,-0.1536461566800907,0.0577748101846416,10,-2.6593965362255645,Taiyuan
bus_BV10052760,-0.05920264389029661,0.022238401972827924,10,-2.66217947408446,nanking
bus_BV10447717,-0.27055140030765673,0.10158407188013216,10,-2.663324758173271,Wuhan
bus_BV10284725,-0.2708082735453877,0.10157270359347503,10,-2.666151803615733,Guiyang
bus_BV10061163,-0.2907420022577751,0.10868933510610819,10,-2.674981636644674,Chengdu
bus_BV10120749,-0.21928240305868388,0.08183581629157784,10,-2.6795404041915494,Hohhot
bus_BV09342040,-0.02642206765340347,0.009795935568087798,10,-2.6972452500633026,Wuhu
bus_BV11278163,-0.26444892793366603,0.09727540488154503,10,-2.718558725816722,Taiyuan
bus_BV10129860,-0.3280650647521835,0.1205426528901345,10,-2.721568089558383,Suzhou
bus_BV10415862,-0.11855565153883434,0.04350332686841007,9,-2.7252082270710476,Chengdu
bus_BV10382937,-0.27708091450159766,0.1015093205277651,10,-2.7296103034174752,Shanghai
bus_BV10284642,-0.30930325959931765,0.11291091024881848,10,-2.739356467184176,Guiyang
bus_BV09009899,-0.23232373133556483,0.0845706618789796,10,-2.7470957268498406,Hangzhou
bus_BV10085244,-0.3082705464450511,0.11213881961558822,5,-2.7490080599360827,Taiyuan
bus_BV10208955,-0.27914549349215234,0.10118496088064069,10,-2.7587643803489015,Fuzhou
bus_BV10203587,-0.24032044742093722,0.08703223026370971,10,-2.7612807241633757,Wenzhou
bus_BV10550058,-0.13914333501731438,0.05029403725363813,10,-2.76659649830128,Tianjin
bus_BV10712683,-0.20120190373498925,0.07239752828816425,10,-2.7791263141316276,Dongguan
bus_BV10307983,-0.14459307578495473,0.05195925039924896,10,-2.7828162809462302,urumchi
bus_BV10110456,-0.23056656789465757,0.08265191377020831,10,-2.7896092114647764,Changchun
bus_BV10996684,-0.2908896402411051,0.10382238689252184,10,-2.8018004683732882,Lanzhou
bus_BV10001388,-0.10430677405577007,0.037221184429473475,10,-2.802348921215035,Beijing
bus_BV10152872,-0.3169329840114862,0.1130890227515041,10,-2.8025085748845164,Jinan
bus_BV10416445,-0.2190266575720367,0.0776962938615552,10,-2.819010000299551,Kunming
bus_BV09250597,-0.2225974725032415,0.07875228272176635,10,-2.8265522794324665,Dongguan
bus_BV10137477,-0.1467121658561372,0.05183867658876722,10,-2.8301674967190977,Nantong
bus_BV10732688,-0.2760076486274431,0.09742209061212925,10,-2.8331112436830335,Chongqing
bus_BV11336650,-0.23678952417632146,0.08355545544987382,10,-2.833920233720379,Chuzhou
bus_BV11688125,-0.3773415684213166,0.13243865965288723,10,-2.849179695101916,Guangzhou
bus_BV11125358,-0.33748447524615754,0.11841221028917409,10,-2.8500814731958224,Fuzhou
bus_BV11358289,-0.1373662862835772,0.04789851731816839,10,-2.867860328379507,Guangzhou
bus_BV11688779,-0.32265630052733896,0.1120473511517741,10,-2.8796421192845756,Foshan
bus_BV10043569,-0.6416661699301451,0.22147380912798692,4,-2.8972551810258635,Tianjin
bus_BV11063352,-0.2710336758861344,0.09352365258898995,10,-2.8980224724223085,Shaoxing
bus_BV11031608,-0.5099936974163045,0.17557324519469936,10,-2.904734532892009,Xiamen
bus_BV10049321,-0.20767340673684279,0.07134387710766096,10,-2.9108787754086736,Shenyang
bus_BV11009137,-0.36222224808926506,0.12434283350662119,10,-2.913092847759887,Guangzhou
bus_BV11478686,-0.4977771840532673,0.17076930714576705,10,-2.9149099637633937,Guiyang
bus_BV10154154,-0.26286956929700506,0.08994129681420784,10,-2.9226790070997737,Jinan
bus_BV10120885,-0.3075858671056243,0.10513909235137213,10,-2.925513536131214,Hohhot
bus_BV10040170,-0.1721861403618874,0.05867130916352364,10,-2.9347582910482215,Tianjin
bus_BV10505293,-0.2514867102293336,0.08551371661364783,10,-2.9408928857182657,Dalian
bus_BV11334801,-0.2594016808510676,0.08790498326293515,10,-2.9509322647368137,Nanning
bus_BV09366216,-0.1488290050788223,0.05040222229248517,10,-2.952825664846838,Zhengzhou
bus_BV10390681,-0.23627200490902872,0.07984054858811959,10,-2.9592979944930695,Shaoxing
bus_BV10551320,-0.45297579380431774,0.15277072995487623,10,-2.965069056666956,Tianjin
bus_BV10183109,-0.3271780298004607,0.11012597351560141,9,-2.9709430904116267,Hangzhou
bus_BV09017687,-0.34336443548816364,0.11543988600462533,10,-2.9744000763341476,Kunming
bus_BV11009809,-0.3581554456453178,0.11909878390362483,10,-3.0072130363900955,urumchi
bus_BV10053276,-0.36408129850927395,0.11992888379514763,10,-3.0358096951279046,nanking
bus_BV10025795,-0.31808362551241676,0.10418949799624035,10,-3.0529333675699357,Shanghai
bus_BV10604198,-0.16233672151704007,0.05310935782791352,10,-3.0566494792980423,Nanchang
bus_BV10029675,-0.39410424104280295,0.1289221808696263,10,-3.0569154804493226,Shanghai
bus_BV11027033,-0.3349046226965286,0.10943172527789742,10,-3.0603976245652325,Nanning
bus_BV11188193,-0.3038604453218975,0.09917213624367026,10,-3.0639696409846695,Jinan
bus_BV10125789,-0.052907899249923764,0.017259229751478825,10,-3.065482605940997,Wuxi
bus_BV10254181,-0.3385172260942116,0.11028850848921526,10,-3.069378669070743,Foshan
bus_BV10098606,-0.1541937904701615,0.05022903377915577,10,-3.069813376263185,Luoyang
bus_BV10433572,-0.18424087501737096,0.059945469941741256,10,-3.0734740166636034,Changsha
bus_BV10264136,-0.2322151564959647,0.07553587926663446,10,-3.074236084998846,Dongguan
bus_BV11622635,-0.27543104301267174,0.08941584833078399,4,-3.0803377404681993,Luoyang
bus_BV10155464,-0.09326325919595332,0.030214203012944675,10,-3.0867346819854795,Qingdao
bus_BV10152764,-0.2775152545008088,0.08974452279957569,10,-3.0922803411387405,Jinan
bus_BV10557195,-0.18719780086404075,0.06009350902732337,10,-3.115107983257321,urumchi
bus_BV10208477,-0.3161071367905989,0.10147292606493513,10,-3.1151866600993374,Fuzhou
bus_BV10003491,-0.10502583399455227,0.03363906741450047,3,-3.122137765564278,Beijing
bus_BV09234559,-0.41307725505977644,0.13221230275246848,10,-3.1243478497585246,Foshan
bus_BV10170834,-0.350965761990995,0.11209614611938815,10,-3.1309348521924205,Chuzhou
bus_BV10849906,-0.2013849086074337,0.06406750796430298,10,-3.1433230911121135,Fuzhou
bus_BV10396634,-0.43357426130030874,0.1377458679728111,10,-3.1476387364991756,Xiamen
bus_BV10059127,-0.16070140316780984,0.05086600031953513,10,-3.1593081933947618,Wuhan
bus_BV11102510,-0.39029499801583006,0.12340630646263373,10,-3.1626825044567934,Wenzhou
bus_BV10145411,-0.1827628220989963,0.05732594645597466,10,-3.188133847175406,Changzhou
bus_BV10069934,-0.3730990844975546,0.11536513347541223,10,-3.2340711696602984,sian
bus_BV10284722,-0.29491066489878964,0.09098313814737442,10,-3.241376792338441,Guiyang
bus_BV10937344,-0.46248821500486725,0.14229956903450788,10,-3.250102481980731,Hohhot
bus_BV10978091,-0.1428724110990025,0.043732108342786645,10,-3.2669904068932087,Nanning
bus_BV10665030,-0.26372633412118324,0.08071977495021831,7,-3.267183309319136,Chongqing
bus_BV11207784,-0.2979700546392924,0.09085907701891971,10,-3.2794744523158776,Taiyuan
bus_BV11694235,-0.18025712893374293,0.054958564935705834,10,-3.2798726885589664,Shijiazhuang
bus_BV10389490,-0.30687798723277837,0.09285454444439761,10,-3.304931988193864,Hangzhou
bus_BV10180688,-0.34507655630892364,0.10423644552740294,10,-3.310516983361985,Hangzhou
bus_BV10909253,-0.16782611263166983,0.050640443086892105,10,-3.3140720985197962,Chuzhou
bus_BV10751275,-0.2867497657146575,0.0865241386277261,10,-3.314100979466563,Dongguan
bus_BV10254184,-0.287170417967901,0.0866035786948885,10,-3.315918223430969,Foshan
bus_BV10153043,-0.35975195258420867,0.10846801276788932,10,-3.3166636894823993,Jinan
bus_BV10101826,-0.4177587573280824,0.12582043313994212,10,-3.320277268960464,Dalian
bus_BV10170612,-0.12119161591637972,0.036487228925529934,10,-3.3214794948921873,Chuzhou
bus_BV10182818,-0.2111533203948759,0.06351324504751121,10,-3.3245551694197104,Hangzhou
bus_BV10401586,-0.3639553757596402,0.10808192788152261,10,-3.3674023883491175,Suzhou
bus_BV10287165,-0.31178954185475777,0.09210517416355037,10,-3.3851465005608787,Kunming
bus_BV11201787,-0.36120782745385993,0.10662583799230524,10,-3.387619740008322,Taiyuan
bus_BV10410404,-0.0839578944287618,0.024745882886067248,10,-3.3928011737266046,Hefei
bus_BV11122815,-0.2322974108108055,0.06778973434537326,10,-3.4267338378988903,Wenzhou
bus_BV11277086,-0.33228768932947494,0.09651838590261393,10,-3.44273945108609,Chuzhou
bus_BV10090790,-0.3397007164964117,0.09865796206587259,10,-3.443216086679728,Zhengzhou
bus_BV10129972,-0.4083466084375543,0.11781734515663951,10,-3.4659291739714653,Suzhou
bus_BV11040095,-0.4680525694813573,0.1350365560460814,10,-3.466117239101251,Dalian
bus_BV10473443,-0.22672810584545502,0.06522237636099902,10,-3.4762313753829694,Changchun
bus_BV10156768,-0.34250768262652637,0.09834235275896432,6,-3.482809168069387,Qingdao
bus_BV10114308,-0.26883852187654467,0.07706485957811325,10,-3.488470471023751,Harbin
bus_BV10327189,-0.35447197304005823,0.1014228695137782,10,-3.49499023040362,Chongqing
bus_BV09368720,-0.2068072729061951,0.05911417690229113,10,-3.4984372405903756,Shanghai
bus_BV10121191,-0.36930349552628466,0.10467408613164951,10,-3.528126911760561,Hohhot
bus_BV09109472,-0.31046403089669605,0.08755481161174197,10,-3.545938706533322,Xiamen
bus_BV09032623,-0.3535608169979402,0.0996493264134897,10,-3.5480498889712435,Tianjin
bus_BV10262542,-0.3274479990536411,0.09210607709402202,10,-3.555117901375853,Dongguan
bus_BV10110067,-0.19667661779061726,0.055273962379977365,10,-3.5582139173674094,Changchun
bus_BV11418743,-0.46912184753883607,0.1303529561352468,10,-3.598858249624347,Nanning
bus_BV09200182,-0.2374294571278583,0.06590768473445324,10,-3.6024542822272627,urumchi
bus_BV10840576,-0.3768345270666993,0.1044142624757081,10,-3.6090327321331435,Kunming
bus_BV10000337,-0.29328731231805333,0.08123727329632174,10,-3.610255050605967,Beijing
bus_BV10377209,-0.2178093870571327,0.06030416610491155,10,-3.611845831011908,Lanzhou
bus_BV10014668,-0.40117493457913556,0.11087866387323556,10,-3.6181433323939958,Guangzhou
bus_BV10789519,-0.23474019730596551,0.06486207614644451,10,-3.6190664107838453,Taiyuan
bus_BV10833053,-0.45664592613285526,0.12596096041141033,10,-3.6252969839893314,Tianjin
bus_BV10061326,-0.38822186212756243,0.1070613524934273,10,-3.6261621661259555,Chengdu
bus_BV10922246,-0.16365205187895343,0.04505264257548787,10,-3.6324620754515307,Shenyang
bus_BV10005930,-0.2906245664194162,0.07989402561103705,10,-3.6376253145393442,Beijing
bus_BV10646921,-0.35409266115770005,0.09731674076764953,10,-3.638558196451922,Hangzhou
bus_BV11026797,-0.36136409735920966,0.0990139760332892,10,-3.6496268036084976,Shenyang
bus_BV10028878,-0.2006271430264907,0.05429828115534627,10,-3.6949071279702093,Shanghai
bus_BV10688824,-0.36046752480760186,0.09720630449477972,10,-3.7082727257081647,Shaoxing
bus_BV10285440,-0.3256176375885635,0.08765261466697488,10,-3.714864658368266,Guiyang
bus_BV10421639,-0.42359327384381906,0.11296204208711622,2,-3.749872333384528,Kunming
bus_BV10952014,-0.4379985787005933,0.11532445062172825,10,-3.7979677194178016,Hohhot
bus_BV10338068,-0.28153953526630354,0.07391251354738328,10,-3.809091095175723,Zhengzhou
bus_BV11493613,-0.22494753570599507,0.0590453577828347,10,-3.809740613918073,Beijing
bus_BV10074616,-0.26663822368662593,0.06993563132216266,10,-3.812622843599035,Shijiazhuang
bus_BV10180734,-0.07472401731375203,0.019592933562241902,10,-3.813822924379506,Hangzhou
bus_BV10982372,-0.22092049642823955,0.05784641135243342,10,-3.8190866654008855,Lanzhou
bus_BV10069666,-0.2940771605576378,0.07686640170269003,10,-3.8258213703937765,sian
bus_BV10114566,-0.1268381148531089,0.03307946259348104,10,-3.834345136388445,Harbin
bus_BV10691119,-0.27173063226396144,0.07074640114381231,10,-3.8409104839479595,Tianjin
bus_BV10272843,-0.40634674914788,0.1057798065309851,10,-3.841439345178413,Nanchang
bus_BV10001135,-0.3382139093458807,0.08787165190172799,10,-3.8489531440081906,Beijing
bus_BV11517923,-0.2787150425314774,0.07224073774592306,10,-3.8581417168014687,Luoyang
bus_BV10656830,-0.23750498336679865,0.06133363819537874,10,-3.8723439800975963,Hefei
bus_BV09066830,-0.3340617342818714,0.08618349684201058,10,-3.876167801970102,Chengdu
bus_BV10750717,-0.11918953626563178,0.03071382892687633,10,-3.880646002910898,ningbo
bus_BV10075017,-0.32646578603385346,0.08355743398732311,10,-3.907082007958299,Shijiazhuang
bus_BV10285068,-0.20599491683661716,0.05264796437997745,10,-3.912684566929114,Guiyang
bus_BV11055171,-0.3106332419434432,0.0791026800523721,10,-3.9269617978576963,Shenyang
bus_BV10307944,-0.4224587335413477,0.10755010244625174,8,-3.9280175904276424,urumchi
bus_BV10845098,-0.17813558460435014,0.04523722770202819,10,-3.9378086208027576,Wuhan
bus_BV10098403,-0.27489491013128176,0.06979906528859564,10,-3.9383746703618066,Luoyang
bus_BV10054218,-0.22842082286675752,0.057959310241229064,10,-3.9410542069172085,nanking
bus_BV10285494,-0.39520509403080245,0.10025828929886389,3,-3.9418691200089095,Guiyang
bus_BV10287134,-0.21792047279050833,0.055279892264118544,10,-3.9421284022775422,Kunming
bus_BV10091381,-0.3752946710548452,0.09511538754742127,10,-3.945677363833087,Zhengzhou
bus_BV10725760,-0.0749403328894099,0.01898741364470288,10,-3.94684051357946,Wuhu
bus_BV10212552,-0.5453143857114144,0.137819456425711,10,-3.956729770139953,Xiamen
bus_BV11102072,-0.3387762032238443,0.0855236558450258,10,-3.9611983405590663,Guangzhou
bus_BV09039123,-0.3241935429561156,0.0817291578904835,10,-3.9666810677741466,Qingdao
bus_BV10101750,-0.39035079665233047,0.09837332295410009,10,-3.9680550097297593,Dalian
bus_BV10052332,-0.4185314758247276,0.10510121951005237,9,-3.982174878217741,nanking
bus_BV10253171,-0.15598225164269006,0.03906335146854043,10,-3.9930575807796242,Foshan
bus_BV11620287,-0.20457817109886944,0.05119233759890027,10,-3.9962646898276697,Changchun
bus_BV11098017,-0.3083773785758809,0.07705957038416215,10,-4.001804539273884,Wenzhou
bus_BV10075189,-0.33492108022560546,0.08365491009942912,10,-4.003602894217469,Shijiazhuang
bus_BV10153389,-0.5194477910879112,0.12964069323637786,2,-4.00682639109714,Jinan
bus_BV10952137,-0.46424643374546604,0.11581815967922506,10,-4.0084076188672535,Hohhot
bus_BV11104448,-0.4780197943679366,0.11898437696153391,10,-4.017500165987947,Nanning
bus_BV11689977,-0.2709503663993078,0.06703789265578859,10,-4.041748856471896,Dongguan
bus_BV10307946,-0.35414302017791227,0.08760919518812496,10,-4.042303767252015,urumchi
bus_BV10018366,-0.30505349939183135,0.0754575336565984,10,-4.042717064580142,Guangzhou
bus_BV10284602,-0.2735059626289219,0.06689351310968102,10,-4.088676300999602,Guiyang
bus_BV10208579,-0.31309914297692265,0.07657300221477893,8,-4.088896778655041,Fuzhou
bus_BV11639013,-0.28524983032648443,0.06968208668653537,10,-4.09358850968104,Zhengzhou
bus_BV10014059,-0.13425032803328302,0.03272114569002174,10,-4.102860220008134,Guangzhou
bus_BV11386706,-0.11795081554035367,0.02867282742592692,10,-4.113677826446945,Changzhou
bus_BV11092217,-0.12051379585088613,0.029234614022671697,10,-4.122296758714142,Harbin
bus_BV10946608,-0.4281137199413738,0.10346605071377331,10,-4.13772126809486,Kunming
bus_BV10141838,-0.1254791653259711,0.030256960699753626,10,-4.147115934742033,Xuzhou
bus_BV10865332,-0.15642486512645148,0.03741292603506592,10,-4.181036873979619,Guiyang
bus_BV10101766,-0.4378598928071991,0.10447470836020234,10,-4.19106076263895,Dalian
bus_BV10695123,-0.3380492733429249,0.08062731765487365,2,-4.19273815932421,Fuzhou
bus_BV10211068,-0.30388428420906627,0.0722968104631589,10,-4.203286980841986,Xiamen
bus_BV10648909,-0.2582784562501333,0.06138291044436795,10,-4.207659954599489,Hefei
bus_BV10127537,-0.057123322473867554,0.013513922597127543,10,-4.226994774711946,Wuxi
bus_BV10497054,-0.34240839484629015,0.0808633452656721,10,-4.234407460849556,urumchi
bus_BV11579381,-0.3004503791000201,0.07094598065056677,10,-4.234916960703823,Hefei
bus_BV11688954,-0.47995003072138925,0.11329734709632029,10,-4.236197939845653,Xiamen
bus_BV11216303,-0.37026786539298506,0.08728941331567792,10,-4.241841122651589,Chengdu
bus_BV10090851,-0.3588861102667241,0.08460163009948533,10,-4.2420703646489635,Zhengzhou
bus_BV11266827,-0.0800047252271308,0.018858576195443216,10,-4.242350110341902,Beijing
bus_BV10085340,-0.4012398884306549,0.09433673218301965,10,-4.253272681944247,Taiyuan
bus_BV11168421,-0.12366694976303542,0.02905041009332617,10,-4.256976297270336,Nantong
bus_BV10152905,-0.3581491342669661,0.08402756799853485,3,-4.262280822531991,Jinan
bus_BV11473337,-0.3332402382651312,0.0778763719973492,10,-4.279092450346169,Zhengzhou
bus_BV11092618,-0.29460682883317835,0.0687175019468177,10,-4.28721617658658,Chongqing
bus_BV09273320,-0.34352848655427004,0.07929438567364896,10,-4.3323173552911145,Shijiazhuang
bus_BV10049716,-0.24991316625715698,0.057596582199522586,10,-4.339026958251681,Shenyang
bus_BV10170547,-0.36559013140369345,0.08416731395356745,10,-4.3436112048112445,Chuzhou
bus_BV10002200,-0.33563077267933633,0.07719730815199521,10,-4.347699903492849,Beijing
bus_BV10002657,-0.13196596758244833,0.030291423664972034,10,-4.3565441319817495,Beijing
bus_BV11689199,-0.28550781114336615,0.06546458307301802,10,-4.361255416724518,ningbo
bus_BV09031142,-0.4255809647078962,0.09745524955981405,7,-4.366936855231421,Chengdu
bus_BV09042752,-0.41328510692718573,0.09447093699255432,10,-4.37473233924244,Chengdu
bus_BV10152839,-0.3223301778111282,0.0735271514679564,10,-4.38382458095573,Jinan
bus_BV10230055,-0.2522984745413713,0.057472576097020785,10,-4.389892497885174,Changsha
bus_BV11674092,-0.33591993252658847,0.07644389994429578,7,-4.394332168139638,Zhengzhou
bus_BV10990410,-0.10229678613461797,0.023278724646000077,10,-4.394430697812664,Shaoxing
bus_BV11143187,-0.18435516141590017,0.04195086522610288,10,-4.394548633902869,Fuzhou
bus_BV10469756,-0.06821672910005974,0.015506358671195996,10,-4.39927171516155,Nantong
bus_BV10252676,-0.39629035803756224,0.09002274211480736,10,-4.402113340549367,Foshan
bus_BV11431045,-0.39154726515713634,0.08862933251564427,10,-4.4178062709652055,Guangzhou
bus_BV10731841,-0.38400120092586043,0.08683971241492523,9,-4.421953344013244,Chuzhou
bus_BV11645844,-0.20332162626026928,0.04575186284465662,10,-4.444006630080834,Foshan
bus_BV10325974,-0.35256311683643987,0.07927417579527622,10,-4.447388683964867,Foshan
bus_BV10053844,-0.37265427836110043,0.08376585642746884,10,-4.4487605065695135,nanking
bus_BV10557197,-0.29236260981128304,0.06568824201725547,10,-4.450759471183418,urumchi
bus_BV10815354,-0.3993092566453852,0.08953165588001405,10,-4.459977961099483,Kunming
bus_BV10442957,-0.31361261521599026,0.07027808265783551,10,-4.462452001121927,sian
bus_BV11304289,-0.39964240983441607,0.08935760033428444,10,-4.47239365891013,Chengdu
bus_BV10284715,-0.3680970854207561,0.08216559574171901,10,-4.479941236943348,Guiyang
bus_BV10198780,-0.36625714312961455,0.08138874935916102,9,-4.500094927278052,Shaoxing
bus_BV09134148,-0.2227728081029599,0.04937992365486919,10,-4.511403552300905,Xuzhou
bus_BV10134631,-0.23970819645157554,0.05290779005876831,10,-4.530677824164211,Suzhou
bus_BV10324309,-0.3889729834865539,0.08562469767346732,7,-4.542765681255408,Shijiazhuang
bus_BV10287007,-0.257066145974748,0.05646356173261359,10,-4.552778686975367,Kunming
bus_BV10209883,-0.2830208841184023,0.061989292827551126,10,-4.565640702650615,Fuzhou
bus_BV10186046,-0.16660629412465472,0.036457833241833555,10,-4.569834068886508,Hangzhou
bus_BV10944878,-0.10463398573915647,0.022894888902233144,10,-4.570187716747269,Shenyang
bus_BV11157361,-0.4282439896785705,0.09335055692629315,10,-4.587481402407543,Suzhou
bus_BV10057980,-0.26511546355599414,0.05764544198721771,10,-4.599069907800892,Wuhan
bus_BV11687875,-0.19438563732527409,0.0419891375286097,10,-4.629425667497241,Guangzhou
bus_BV11070565,-0.24477453672543673,0.052845866179774555,10,-4.631856909567488,sian
bus_BV10252946,-0.45619451520159143,0.09835623194166838,10,-4.638185703273864,Foshan
bus_BV11029449,-0.38672857408167366,0.08327929312136337,10,-4.643753724957233,Guiyang
bus_BV11111178,-0.22202839503364583,0.04778981424687671,10,-4.64593453800275,Fuzhou
bus_BV10760578,-0.17537977608395033,0.037673463847614795,10,-4.655258944087368,Xuzhou
bus_BV11374784,-0.30291796110546315,0.06504522515914817,10,-4.6570353749095466,Luoyang
bus_BV10098473,-0.20060664944795428,0.04300404784878026,10,-4.664830703962141,Luoyang
bus_BV10074846,-0.3796655437167425,0.08137391172488082,10,-4.665690625067372,Shijiazhuang
bus_BV10101787,-0.39559203305214746,0.08472035343415008,10,-4.669385458427904,Dalian
bus_BV10624109,-0.2979090082664106,0.0636704441926073,10,-4.678920734022351,Changzhou
bus_BV10085096,-0.30432511889207536,0.06499202243248699,10,-4.68249887720014,Taiyuan
bus_BV10001120,-0.4921554250843053,0.10473097686231841,10,-4.699234102809547,Beijing
bus_BV11689291,-0.20569523752556798,0.04362937325107773,10,-4.714603375019905,Guangzhou
bus_BV10251700,-0.2449249718114558,0.0517882032561887,10,-4.729357442780423,Foshan
bus_BV09184916,-0.3143276538754217,0.06635015983587754,9,-4.737405415132114,Zhengzhou
bus_BV09215297,-0.12092936332423232,0.02546777507898677,10,-4.7483266781613445,Changchun
bus_BV11485881,-0.3629726995859081,0.07609115613135581,10,-4.770234418004715,Chengdu
bus_BV10819232,-0.17762944317786072,0.037161014737504605,10,-4.779993136157759,Harbin
bus_BV10230208,-0.21484385538276757,0.04492241194862721,10,-4.7825528113435345,Changsha
bus_BV10981047,-0.41841007906569283,0.08745119432346403,10,-4.784497621302961,Nanning
bus_BV10103640,-0.5229693931078023,0.10910871420557816,10,-4.793103364699279,Dalian
bus_BV10763786,-0.10385664768503877,0.021641968473601995,10,-4.798851815314338,Changzhou
bus_BV10028219,-0.25615895540744626,0.05334086814742956,10,-4.802301055101589,Shanghai
bus_BV10267287,-0.41710324466798776,0.08659696914394104,8,-4.816602712834602,Nanning
bus_BV10273197,-0.13756282272540957,0.028558316431179006,10,-4.816907708402099,Nanchang
bus_BV10800823,-0.4986083383266765,0.10342710170285892,10,-4.820866889903628,Guiyang
bus_BV11101865,-0.23228063138248706,0.048131627509976696,10,-4.825944916882166,Lanzhou
bus_BV10565244,-0.28095660425799507,0.05819003696910509,10,-4.828258764031651,Luoyang
bus_BV11123650,-0.3344946571235917,0.0691699784538911,10,-4.835835086868155,Changchun
bus_BV10433545,-0.37746703784556246,0.0779636742473932,10,-4.841575170406131,Hohhot
bus_BV11190676,-0.10400934172738711,0.021352975104075043,10,-4.870950886746873,Wuhu
bus_BV10977882,-0.22605856147537634,0.04612518154726323,10,-4.900978270057486,Dongguan
bus_BV10732213,-0.3140703426179493,0.06401325273012037,10,-4.906332363373954,Nanning
bus_BV11063342,-0.30547911896276714,0.062226847613090816,10,-4.909120124017041,Shaoxing
bus_BV10111912,-0.1461516824240991,0.029693908170912487,10,-4.9219399603271645,Changchun
bus_BV10830966,-0.30464882941627824,0.06181893346098416,10,-4.928082111408965,Beijing
bus_BV09192253,-0.30910682742606116,0.06262865662322396,10,-4.935548592877725,Zhengzhou
bus_BV11623989,-0.12098570718359827,0.024369384839395936,10,-4.964657841564901,nanking
bus_BV10208485,-0.39572863827386656,0.07909511423086851,10,-5.0031988965436796,Fuzhou
bus_BV10286870,-0.40956260090836805,0.08181644489272294,8,-5.005870780460766,Kunming
bus_BV10417962,-0.3766336019433393,0.07469504103535204,10,-5.042283213182146,Wuhan
bus_BV10619150,-0.2568414417231779,0.05087755844101283,10,-5.04822556567259,Luoyang
bus_BV10378175,-0.3673986399659811,0.07275211079978597,10,-5.050005909478064,Changchun
bus_BV10074704,-0.385296574279333,0.07610082351232139,10,-5.062974431376631,Shijiazhuang
bus_BV10349984,-0.3719512965596411,0.07343423018717238,10,-5.065093553247035,sian
bus_BV10145628,-0.2811346895722201,0.055317631103092464,10,-5.08218868277996,Changzhou
bus_BV10383560,-0.19447097329464164,0.038236438063050354,10,-5.086010420580041,Dalian
bus_BV11069808,-0.25568847934053884,0.05021660254881463,10,-5.0917110167873,Changsha
bus_BV10884626,-0.2464911992648636,0.04838554917652552,10,-5.094313333562753,Shaoxing
bus_BV11029296,-0.3872433097256085,0.07596460348885459,10,-5.097680247954191,Nanning
bus_BV11028566,-0.33779059127485983,0.06614767244397546,10,-5.106612639996201,Tianjin
bus_BV11319592,-0.18501415334011037,0.03606497820343939,10,-5.130021180000448,Xuzhou
bus_BV11238486,-0.3905103615959691,0.07611285219586718,10,-5.130675030864538,sian
bus_BV10501511,-0.25610173001133046,0.04973314373371191,10,-5.149517188927643,Luoyang
bus_BV10307853,-0.36657266305792824,0.07097849829838036,10,-5.164558566332859,urumchi
bus_BV10204815,-0.3343984059774967,0.06466415265105539,5,-5.171309613672682,Wenzhou
bus_BV10762319,-0.2801087266186338,0.05410293263037115,6,-5.17732886605307,Luoyang
bus_BV11196489,-0.04560600473321423,0.008796429162516821,10,-5.184598437007268,Wuxi
bus_BV10194212,-0.27681288923477937,0.053101887052930875,10,-5.212862526528157,ningbo
bus_BV10329984,-0.25358803963081267,0.04864130093943971,10,-5.213429382002871,Guiyang
bus_BV10547637,-0.41234222008281274,0.07906831291778903,10,-5.2150115857591155,Tianjin
bus_BV10208495,-0.35241126130226025,0.0674921946732351,10,-5.221510587903695,Fuzhou
bus_BV10182792,-0.31625024284055814,0.060455448603115296,10,-5.231128009742062,Hangzhou
bus_BV10831178,-0.4252706943561984,0.08124252270521169,10,-5.234581938740043,Taiyuan
bus_BV11687857,-0.3645357353454967,0.06936711400041905,10,-5.255165766181896,Guangzhou
bus_BV10390784,-0.40001406986311233,0.07600469864661293,4,-5.263016949686558,Shaoxing
bus_BV10832385,-0.14355615360864424,0.027129977233077446,10,-5.291419873342866,Wuhu
bus_BV10114325,-0.19378674974493806,0.03660699425962572,10,-5.293706864690582,Harbin
bus_BV10783701,-0.28675445227376245,0.05413908509256578,10,-5.296624403926152,Kunming
bus_BV11601716,-0.31961934918578316,0.06028735307682066,10,-5.301597762345501,Wuhu
bus_BV10550080,-0.475025842772696,0.0894377097514211,10,-5.311247246608702,Tianjin
bus_BV10154465,-0.4624710174078511,0.08659909944296068,4,-5.34036689733469,Qingdao
bus_BV09194190,-0.17350383717994664,0.03246700233463649,10,-5.344003796581219,Nantong
bus_BV10120796,-0.4500276138362353,0.08403026074172089,10,-5.35554163831579,Hohhot
bus_BV10174279,-0.08485600639865043,0.01581630283211199,10,-5.365094083519047,Wuhu
bus_BV10145149,-0.27038360601866557,0.05005708423268867,10,-5.401504225590817,Changzhou
bus_BV10709326,-0.29007954331471575,0.05358133182503984,10,-5.413816329234866,Dongguan
bus_BV10643939,-0.21773550762639093,0.04012824572753774,10,-5.425989833816062,Nanchang
bus_BV11331825,-0.437656667910115,0.08050357544198243,10,-5.43648665469101,Wenzhou
bus_BV10842311,-0.3726375160403647,0.06852188450795803,10,-5.438225529463246,Tianjin
bus_BV10025092,-0.3758820825669416,0.06886560598875346,10,-5.458196767285541,Shanghai
bus_BV10733830,-0.09873418433018513,0.017996526694212023,10,-5.486288056853718,Wuhu
bus_BV10948881,-0.3468081297049743,0.06316297479392827,10,-5.490686211812972,Hohhot
bus_BV10211205,-0.4119120627467522,0.07498332905894665,10,-5.493381168621149,Xiamen
bus_BV10085289,-0.24523077777712401,0.044555254206150696,10,-5.503968658843028,Taiyuan
bus_BV11075114,-0.43669950669036717,0.07927546096801356,8,-5.508633393885086,Tianjin
bus_BV09339534,-0.5815898303804191,0.10554521565318362,10,-5.510337647024362,Chengdu
bus_BV10001147,-0.18785096377582192,0.03401462203200606,10,-5.522651651767498,Beijing
bus_BV10000201,-0.24285515778589922,0.043932493669157476,10,-5.527915267811019,Beijing
bus_BV10158106,-0.5694312196188621,0.1025518596551522,10,-5.552616656660378,Qingdao
bus_BV11639637,-0.22496075839702173,0.04041888194643336,10,-5.565732942287466,Foshan
bus_BV10058451,-0.4969640508993103,0.08897662804017578,10,-5.585331856154368,Wuhan
bus_BV10057944,-0.22512562114709883,0.040260800377225084,10,-5.591681315844772,Wuhan
bus_BV10174212,-0.26576852771183546,0.04748089191971656,10,-5.597377407893645,Wuhu
bus_BV10208963,-0.3168401096454899,0.05653952974548727,10,-5.603867860823517,Fuzhou
bus_BV10482514,-0.40340010099618373,0.0719675008371636,10,-5.605308510793599,Guiyang
bus_BV11088684,-0.42346117668430266,0.07519953338643455,10,-5.631166861056925,Shijiazhuang
bus_BV10051085,-0.32815629983071803,0.05823009763639898,10,-5.635509071695263,Shenyang
bus_BV10894157,-0.4145421141983684,0.07336021980092268,9,-5.650774477169843,Kunming
bus_BV10676315,-0.27754982970863284,0.04908017854932257,10,-5.6550277802969795,Shenyang
bus_BV11162014,-0.2109043410642999,0.03728458435896394,10,-5.656608169953025,Fuzhou
bus_BV10307742,-0.32805801986909305,0.05783592818978555,10,-5.672217485131617,urumchi
bus_BV09232705,-0.11815431518550343,0.020771961176332378,10,-5.688160944500475,Xuzhou
bus_BV10137914,-0.07356263896982566,0.012932248420393104,10,-5.688305675505482,Nantong
bus_BV09342004,-0.4628650531829157,0.0811041494288459,10,-5.7070445762895226,Nanning
bus_BV10416839,-0.2879267729174881,0.05038587876824663,10,-5.7144327500468854,Tianjin
bus_BV10025907,-0.39560268522028513,0.06920767968731577,10,-5.716166613965013,Shanghai
bus_BV10976624,-0.4652170213972463,0.08137248418584599,10,-5.7171286938156385,Nanning
bus_BV11522327,-0.3724450940464535,0.06513782985804575,2,-5.717799283152764,Changzhou
bus_BV10919434,-0.30068774224593675,0.0524672918249973,10,-5.730954933586434,Shijiazhuang
bus_BV10074696,-0.3895104297643067,0.06754777940373978,10,-5.766442295189923,Shijiazhuang
bus_BV10307713,-0.40165259256041813,0.06958339588298193,10,-5.7722468088997445,urumchi
bus_BV10618587,-0.5162585770741724,0.08921971668790242,10,-5.786372546063555,Nanning
bus_BV10457174,-0.2708861091035104,0.04666141874306325,10,-5.805353937941317,Xuzhou
bus_BV10435298,-0.4162397399795218,0.07131913106620598,10,-5.836297714145548,urumchi
bus_BV10153143,-0.16602262099713125,0.028427358219579948,10,-5.840238875253308,Jinan
bus_BV09007457,-0.31550724226643834,0.053826167460197055,10,-5.861594806722938,Nanchang
bus_BV11688632,-0.3902273889211775,0.06651120758686069,5,-5.867091343073939,Harbin
bus_BV11025393,-0.28150677474089614,0.04791979070592193,10,-5.874539764229602,Fuzhou
bus_BV11687903,-0.3733368423967346,0.06341997093633495,10,-5.886738483436539,Guangzhou
bus_BV11498437,-0.4621826419754691,0.07849147791216567,10,-5.888315462852041,sian
bus_BV10086340,-0.44107567212893795,0.07469895323277208,10,-5.904709423536261,Taiyuan
bus_BV10285218,-0.3650697464502636,0.06174527869852598,10,-5.912511774505295,Guiyang
bus_BV11324698,-0.1783203627384822,0.030127219616252133,10,-5.9189100693907575,Luoyang
bus_BV10024763,-0.28805953651757027,0.04849765777174462,10,-5.939657508343062,Shanghai
bus_BV10263569,-0.2784605543039674,0.04685308294168057,10,-5.943269415544785,Dongguan
bus_BV10426889,-0.34970886443308064,0.058592646390043766,10,-5.968476016945089,Hangzhou
bus_BV11024060,-0.3573614622159791,0.0597957294403807,8,-5.976369981548369,Changsha
bus_BV11688673,-0.31486076930083085,0.052646830474751265,10,-5.980620422071367,Qingdao
bus_BV10655054,-0.3669462317979095,0.06123623825363001,10,-5.992304268512357,nanking
bus_BV10074737,-0.1949347028282923,0.03250115488181308,10,-5.997775880869224,Shijiazhuang
bus_BV10024874,-0.31209410124823644,0.05187708171874832,10,-6.0160292512204565,Shanghai
bus_BV10045254,-0.42994485612527544,0.07128085531824985,6,-6.031700852756032,Chongqing
bus_BV11386251,-0.38321869316376567,0.06352173308154258,10,-6.032874328902303,Guangzhou
bus_BV11064850,-0.4479574526484903,0.07415292400257734,4,-6.040994313629191,Nanning
bus_BV10848307,-0.3352813337360478,0.05542336790369868,10,-6.049456861301714,Kunming
bus_BV10493310,-0.09853810363964668,0.016260078457771776,10,-6.060121007063081,Nantong
bus_BV10092280,-0.36219502739155285,0.05971386753537244,10,-6.065508426864442,Zhengzhou
bus_BV10502235,-0.40519323392613427,0.06676621230063778,10,-6.068835707097715,Qingdao
bus_BV10154622,-0.37107719246740084,0.06111217368771775,10,-6.072065668011459,Qingdao
bus_BV10120918,-0.48658664624284886,0.07999791890224324,10,-6.082490545942177,Hohhot
bus_BV10881649,-0.09807031453804307,0.016060778733115417,10,-6.106195415909672,Shaoxing
bus_BV10399000,-0.33217530341276646,0.05436703471041907,10,-6.10986499601122,Qingdao
bus_BV10412264,-0.44860235335490006,0.07338861279680362,10,-6.112696168137368,Kunming
bus_BV10153278,-0.3676412840357046,0.06002303353522399,7,-6.125002372129924,Jinan
bus_BV11125438,-0.2791585314738627,0.04551370552064452,10,-6.133503456716019,Qingdao
bus_BV10055624,-0.29740584799728376,0.0484020913053582,10,-6.144482160413156,nanking
bus_BV10944260,-0.2938635396562707,0.047785508991994116,10,-6.149635828073856,Hangzhou
bus_BV10953160,-0.5681530013524234,0.09223239821703312,10,-6.160014818386789,Guiyang
bus_BV10120705,-0.5032597815304499,0.08102411739452348,10,-6.211233588236903,Hohhot
bus_BV11275419,-0.35046084044296444,0.056353780920451325,10,-6.2189399278865345,Zhengzhou
bus_BV09325854,-0.2566905717747654,0.04122385042351892,10,-6.22674754711519,Wenzhou
bus_BV10666147,-0.36074165924419765,0.057866102432171274,10,-6.234074557316201,Chongqing
bus_BV10171767,-0.25985006674520517,0.041579687730446076,10,-6.249445785531385,Hefei
bus_BV10124743,-0.09815437970828286,0.01569527401300638,10,-6.253749828734811,Wuxi
bus_BV10085230,-0.3892139057440434,0.062194468252083884,10,-6.258013841140349,Taiyuan
bus_BV11007688,-0.2572035034821706,0.041077026252060556,10,-6.261491260077665,Shenyang
bus_BV09163426,-0.33039642541895115,0.05273516080683233,10,-6.265200631077604,urumchi
bus_BV10202894,-0.34269482001046725,0.05468230151865995,10,-6.267014149420605,Wenzhou
bus_BV10242730,-0.0892915285545231,0.01421935068242322,3,-6.279574064458312,Shenzhen
bus_BV10266485,-0.3662235505811991,0.058080932234895896,6,-6.305399611116614,Dongguan
bus_BV10618457,-0.15006770389807464,0.023774003784306517,10,-6.3122577979296,Suzhou
bus_BV11113303,-0.34004096533439643,0.053834115646176094,10,-6.316457474749568,Lanzhou
bus_BV09108921,-0.4995514523711725,0.07906515073793116,10,-6.31822471122246,Chengdu
bus_BV10284786,-0.5115856920418886,0.08084723972740318,10,-6.32780575426905,Guiyang
bus_BV11457938,-0.1358437094560262,0.021425250759018227,10,-6.34035267920123,ningbo
bus_BV10015271,-0.4031179050271539,0.06343733967363527,10,-6.354583019326402,Guangzhou
bus_BV09005592,-0.5168311523611913,0.08093798305966245,10,-6.38551973953957,Xiamen
bus_BV10090995,-0.36988179954923883,0.057922873306868496,10,-6.38576290461318,Zhengzhou
bus_BV10027757,-0.42697408730630615,0.06648677119712475,4,-6.421939513666378,Shanghai
bus_BV10153018,-0.4138439096067407,0.06417756377669694,10,-6.4484193660341935,Jinan
bus_BV09154883,-0.25836780596325426,0.03982646914304133,10,-6.487337357522789,Fuzhou
bus_BV09276323,-0.45501976876836586,0.07011231814829132,8,-6.489868198442573,Guangzhou
bus_BV10960439,-0.41672574405620155,0.06411959014062266,10,-6.4991943671243675,Qingdao
bus_BV10264124,-0.1905300870701342,0.02924695088279618,10,-6.514525999253786,Dongguan
bus_BV10808634,-0.20199991063838096,0.030977790340379733,10,-6.520795809219319,Shenyang
bus_BV10848610,-0.4607874972597167,0.07045764395257263,10,-6.539921093170204,Kunming
bus_BV10295150,-0.22441342227678912,0.034288995981224694,10,-6.544763134856375,Lanzhou
bus_BV11063307,-0.3559950128164958,0.05433427807925283,10,-6.551940319844367,Shaoxing
bus_BV09408139,-0.2808880208128076,0.04285958678462286,10,-6.553678566420495,Luoyang
bus_BV10975564,-0.3340119702144768,0.05087641651929787,9,-6.565161766771948,Wenzhou
bus_BV10230210,-0.2919432491030976,0.04442166686929396,10,-6.572089792155064,Changsha
bus_BV10723954,-0.383484428796636,0.05825454648691298,10,-6.582908735779092,Jinan
bus_BV09384303,-0.2715189014768754,0.04121853434473413,10,-6.587299619462744,Nanchang
bus_BV10288132,-0.4866400135022624,0.07326919410463975,10,-6.64180837568899,Kunming
bus_BV10043356,-0.5388052133840587,0.08111557589082359,10,-6.642437547196617,Tianjin
bus_BV11688986,-0.095786010330038,0.01439910820527425,10,-6.652213626175564,Changsha
bus_BV10110480,-0.22790202976730053,0.03425432193706037,10,-6.65323236156094,Changchun
bus_BV11260248,-0.443893616041848,0.06652001737452647,10,-6.6730822815601405,Nanning
bus_BV09380781,-0.366698068965264,0.05487196247565758,10,-6.682793645297504,Chuzhou
bus_BV10432893,-0.14841352822876794,0.022193527476586723,10,-6.687240751292494,Wuhu
bus_BV10922198,-0.14729189557691527,0.02201599227241595,10,-6.690219857101788,Shenzhen
bus_BV09405051,-0.32967067019189394,0.04926715562126178,10,-6.691488459600383,Chuzhou
bus_BV10120699,-0.3837557240250512,0.05726496263394132,10,-6.7014041284566455,Hohhot
bus_BV09016776,-0.46022557699520505,0.0686746069881352,6,-6.701538314727223,Zhengzhou
bus_BV10652528,-0.26195184829025553,0.03899403964387549,10,-6.71773900588954,Chuzhou
bus_BV10862260,-0.11453200973179622,0.0169536449476428,10,-6.75559400527498,Shenzhen
bus_BV10103833,-0.43775015727560473,0.06464712743804193,10,-6.7713772739766895,Dalian
bus_BV09009357,-0.1629796961966741,0.024062904671057758,10,-6.773065458803368,Wenzhou
bus_BV10026090,-0.3075420574125681,0.045150432002418486,10,-6.811496051269987,Shanghai
bus_BV10002041,-0.30980636864602407,0.04541802821671071,10,-6.821218634935153,Beijing
bus_BV10070170,-0.43275961901133836,0.06324036769539848,10,-6.843090360651451,sian
bus_BV09181591,-0.27369880714428546,0.03984112160229146,10,-6.869754852257853,Nanchang
bus_BV11662672,-0.18757310666652416,0.027293796436187866,10,-6.872368905563417,Wuhu
bus_BV11694374,-0.3341837063987946,0.04852983458107314,10,-6.886148292531885,Chongqing
bus_BV11434610,-0.26762872037003316,0.03885582136275731,10,-6.887736305818719,Chuzhou
bus_BV10768680,-0.4637630973320729,0.06719979010644446,10,-6.901257095965648,Suzhou
bus_BV10114312,-0.17356715067922418,0.025018604910580527,10,-6.93752037431223,Harbin
bus_BV10103036,-0.4559084352798923,0.06567856408241945,4,-6.941509337699337,Dalian
bus_BV11063811,-0.2840009865793628,0.040886592121469376,10,-6.946064770450443,Shenyang
bus_BV10618584,-0.3688712451552645,0.05302171726545189,10,-6.9569828102453215,Nanning
bus_BV10153139,-0.24210342945780555,0.0347922766177672,10,-6.958537451636531,Jinan
bus_BV11416364,-0.3118498793234296,0.04474714711649339,10,-6.969155124460065,Luoyang
bus_BV10172604,-0.09844826808774021,0.01411899450388354,10,-6.972748543331172,Hefei
bus_BV11688885,-0.4553250534297996,0.06515721323261603,10,-6.988097878331249,Xiamen
bus_BV10441389,-0.2490665907055197,0.03560612814126842,10,-6.995046464105164,Luoyang
bus_BV10843581,-0.11200106128532053,0.015998543420276866,10,-7.000699272183463,Wuhu
bus_BV10564753,-0.42097880472246824,0.059938057182722014,5,-7.02356322967687,Dongguan
bus_BV10378693,-0.2709460630955676,0.03851971738266042,10,-7.033955884577041,Hohhot
bus_BV11207671,-0.2253129959763469,0.031896692546145536,10,-7.063833499728774,Changzhou
bus_BV10071162,-0.23612693523037334,0.0334062961711259,10,-7.068334164836971,sian
bus_BV10029143,-0.3655502706876306,0.05162511776767398,10,-7.080859389495334,Shanghai
bus_BV10543064,-0.4413635022632999,0.062186144157334,10,-7.0974561499112605,Hohhot
bus_BV10025346,-0.23749204914898173,0.0333193717804093,10,-7.127744767720127,Shanghai
bus_BV10115369,-0.31565415219405435,0.044215858530140234,6,-7.138933660861715,Harbin
bus_BV10454187,-0.11810818646791196,0.016514384759560203,10,-7.15183257924357,Nanchang
bus_BV10638719,-0.2700125924407241,0.03772731512402516,10,-7.156950341777006,Chongqing
bus_BV10074676,-0.4403083374060472,0.061513149737837274,4,-7.157953505926143,Shijiazhuang
bus_BV11229053,-0.4028516368953695,0.05627177064254286,8,-7.1590348180808006,Fuzhou
bus_BV10405038,-0.44958626373401656,0.06276672639655714,10,-7.162810901837444,sian
bus_BV10460782,-0.40725313085663917,0.05680442460124923,10,-7.169389744224,Shaoxing
bus_BV10061835,-0.2961291865517605,0.04119495402259591,10,-7.188480280971486,Chengdu
bus_BV11261653,-0.33267289023300334,0.04609678331979208,10,-7.216833672683414,Zhengzhou
bus_BV11688741,-0.306380834563717,0.04234691086019725,10,-7.235020358981772,Foshan
bus_BV10153603,-0.3117540036198489,0.04291874402648442,10,-7.263817664125824,Jinan
bus_BV10152983,-0.41252081631654125,0.05629483098063766,10,-7.327861827665981,Jinan
bus_BV10208921,-0.3822982388448913,0.05211545498448151,10,-7.335600650569437,Fuzhou
bus_BV09010371,-0.2991829288723382,0.04074485576112329,10,-7.342837515439885,Changchun
bus_BV10098706,-0.3236609830326842,0.04405671162147451,10,-7.346460905863739,Luoyang
bus_BV10127797,-0.1318659667904723,0.01792549597388446,10,-7.356331641772727,Wuxi
bus_BV11196235,-0.2983014100037976,0.04054020104562143,10,-7.358161250520077,Chongqing
bus_BV10761771,-0.25412279596063786,0.034529159029316824,10,-7.3596557086235155,Luoyang
bus_BV10120787,-0.5171099029001273,0.07024374657483785,10,-7.361649321092292,Hohhot
bus_BV10744637,-0.28455716883044674,0.03847218161642758,10,-7.396437709281454,Guiyang
bus_BV10344910,-0.19866833414811735,0.026798317375636045,10,-7.4134602269520204,Dongguan
bus_BV10090887,-0.396907847540785,0.053489696933226485,8,-7.420265884729229,Zhengzhou
bus_BV09261901,-0.33135754369289,0.04463075430343907,10,-7.424420102690397,ningbo
bus_BV10492684,-0.24796653663969193,0.03333132307564125,10,-7.439442523254716,Nantong
bus_BV11202389,-0.40563932009717335,0.054515358024283186,7,-7.440825125063567,Qingdao
bus_BV10295669,-0.28671209285359167,0.03849057454043323,10,-7.448889027715571,Lanzhou
bus_BV10057983,-0.38284791222745285,0.0513717268230282,10,-7.452500847817066,Wuhan
bus_BV10848601,-0.21568186438712456,0.028761521762395638,10,-7.498970019014027,Chongqing
bus_BV10519001,-0.5035352303761161,0.06712879290717587,3,-7.501030981773843,Guiyang
bus_BV10154534,-0.26451271653050334,0.035204417405343705,2,-7.513620758119553,Qingdao
bus_BV10586093,-0.2615941584717575,0.03480631975627988,10,-7.515706490844807,Wenzhou
bus_BV09001521,-0.4041401980065816,0.05370842963817989,10,-7.524705627815132,Xiamen
bus_BV11013452,-0.23591978309945386,0.0313095149849713,10,-7.535080241961393,Luoyang
bus_BV10785222,-0.36246571041063746,0.04762484784172769,10,-7.610851283067856,Tianjin
bus_BV10451230,-0.4034404952562515,0.05298027158015403,10,-7.6149179132973295,Shenyang
bus_BV11171452,-0.39540770876503706,0.05172392810891832,10,-7.6445785688708074,Guangzhou
bus_BV11194423,-0.3746595292881375,0.04885795579186837,10,-7.668340734531637,Luoyang
bus_BV10532072,-0.27883462323103203,0.03632643613102449,10,-7.675802422987207,Chuzhou
bus_BV10133262,-0.381264541788109,0.049640616194015545,10,-7.680494204444031,Suzhou
bus_BV10537297,-0.38401433739729507,0.04992816417995231,10,-7.691335477504575,Chengdu
bus_BV09319105,-0.30682563224720955,0.039857484302594864,10,-7.698066263719797,Changchun
bus_BV10183673,-0.36369277669742894,0.047225515977712504,10,-7.701190599106703,Hangzhou
bus_BV10479939,-0.3680208995307968,0.047708316292605905,10,-7.7139763250892885,Dongguan
bus_BV10457720,-0.3763103983057576,0.048609367649950656,10,-7.7415185402222395,urumchi
bus_BV10415011,-0.11430431130591345,0.014741953750766245,10,-7.753669269467051,Wuxi
bus_BV10114644,-0.32721335985991296,0.04213565356820643,10,-7.76571037810385,Harbin
bus_BV10392583,-0.4471018643706673,0.0575586873354,10,-7.7677550929508055,Changchun
bus_BV10070788,-0.41391105102246134,0.053093074240696966,10,-7.795950394330074,sian
bus_BV10058621,-0.45076471536662116,0.057668104888840256,10,-7.816532866307576,Wuhan
bus_BV10184436,-0.3410711647648282,0.04355258676831238,3,-7.831247504694869,Hangzhou
bus_BV10057956,-0.3904416237510885,0.04974394095883441,9,-7.849027192757534,Wuhan
bus_BV10209120,-0.40151341075379526,0.05106788516949492,10,-7.86234500993565,Fuzhou
bus_BV09064779,-0.3268160762517595,0.041302776085083044,10,-7.912688397788078,Changchun
bus_BV11567952,-0.39173471926148473,0.04939243243985908,10,-7.931065966994168,urumchi
bus_BV10211241,-0.28992354212068894,0.03644902139099459,2,-7.954218015031256,Xiamen
bus_BV11628288,-0.19836343242817953,0.02480051743945063,10,-7.998355394355015,Beijing
bus_BV11215312,-0.41613295012224655,0.05196622748720028,10,-8.007756001668268,Taiyuan
bus_BV10075036,-0.43565364931286676,0.05435508592279392,9,-8.014955027062596,Shijiazhuang
bus_BV10675936,-0.40428571755173087,0.05039496133684905,10,-8.022342444634255,Kunming
bus_BV10348380,-0.5256161589136032,0.06547223974379623,10,-8.028075420814565,Chengdu
bus_BV10200007,-0.42515864009273197,0.05293270614983938,10,-8.032057884375579,Shaoxing
bus_BV11379735,-0.2706094566867122,0.03361956582745211,10,-8.049163323046619,Changsha
bus_BV11688474,-0.3429390368015357,0.04243489918201156,10,-8.081531065156842,Guangzhou
bus_BV10295152,-0.3691007783335036,0.04548515893781304,5,-8.11475008124374,Lanzhou
bus_BV11432501,-0.47288825956255814,0.0581804289993141,10,-8.127959632070379,Nanchang
bus_BV10407080,-0.35030154932504093,0.04294618475672979,10,-8.156754080526486,Shanghai
bus_BV10739462,-0.24314591415659068,0.029734482156600416,10,-8.177234468173605,Nanchang
bus_BV11689370,-0.46873668126681906,0.05729643818591888,10,-8.180902937400845,Chengdu
bus_BV11162555,-0.2659928083633159,0.03250683153977639,10,-8.18267157816113,Changsha
bus_BV11206594,-0.1688916799516717,0.020609489930252318,10,-8.194846091522997,Shaoxing
bus_BV10180643,-0.35553325352934945,0.04337473148680329,10,-8.19678092231443,Hangzhou
bus_BV10142322,-0.3776878165980603,0.04581972753811419,10,-8.242906592031186,Xuzhou
bus_BV11112064,-0.47381967691684634,0.05738442208304541,10,-8.256937634777767,Qingdao
bus_BV10172006,-0.11594025863766047,0.013993355814820323,10,-8.285373238429068,Hefei
bus_BV11688545,-0.39723004084369296,0.04793958384317749,9,-8.286053531098588,Guangzhou
bus_BV10062479,-0.5235089566675717,0.06311574013340324,9,-8.294426598132295,Chengdu
bus_BV10026539,-0.26024932351965535,0.03134376540024484,10,-8.30306241658503,Shanghai
bus_BV11026604,-0.29878815821705007,0.03552675898388197,10,-8.410226056656217,sian
bus_BV10114619,-0.2222268161880236,0.0263184406912276,10,-8.44376512870097,Harbin
bus_BV10988443,-0.26340921368167114,0.031175850840063295,10,-8.449140026413344,nanking
bus_BV10503794,-0.2428690271116833,0.028727194173307654,10,-8.454321751830934,Changzhou
bus_BV10273234,-0.1847007107607457,0.021840990839327085,10,-8.456604718780657,Nanchang
bus_BV09009524,-0.2460031233486028,0.02908325685619368,10,-8.458579449310147,Wenzhou
bus_BV11073484,-0.24756659575950665,0.029263327137173657,10,-8.459957748462635,Nantong
bus_BV10254016,-0.47504636218509483,0.056134286501344166,10,-8.4626759716089,Foshan
bus_BV10630302,-0.1180301319990805,0.013931877711659935,10,-8.471941092397566,Xuzhou
bus_BV09074401,-0.38338605822137706,0.045093142089835905,10,-8.50209046059996,Changchun
bus_BV11375729,-0.1537790525880218,0.0180726101954284,10,-8.508951713981203,ningbo
bus_BV09002481,-0.3205623976265683,0.037612537732888154,10,-8.522751500459266,Xiamen
bus_BV10706213,-0.1651414884389559,0.019364495629993046,10,-8.528050836638641,Xuzhou
bus_BV10330339,-0.1541361092081241,0.018062474458135105,10,-8.533494357621617,Harbin
bus_BV11447106,-0.3370310285185093,0.039393811796154185,10,-8.555428571071312,Taiyuan
bus_BV09008381,-0.3415058533249367,0.03978273966146252,10,-8.584269720696376,Hefei
bus_BV09006489,-0.2905842451369081,0.03384553349902586,10,-8.585598430271084,Lanzhou
bus_BV10052205,-0.14773416555696747,0.01720410758428922,10,-8.587139958394502,nanking
bus_BV10736070,-0.31720854357317413,0.03684934114371556,10,-8.60825316397117,Wenzhou
bus_BV10253646,-0.28605309600590945,0.03322330223461445,10,-8.610011367496304,Foshan
bus_BV11336633,-0.3205743376110692,0.0372243702512337,10,-8.611945597145157,Chuzhou
bus_BV10124510,-0.13169845217094128,0.015218396198171783,10,-8.653892559837342,Wuxi
bus_BV11690519,-0.2461137113772141,0.02841966128007961,10,-8.659977413240673,Changsha
bus_BV10477215,-0.19218322648514025,0.022166301536255237,10,-8.670058894137854,Changsha
bus_BV10522152,-0.20187925875167592,0.02314054167922007,10,-8.724046926373022,Changzhou
bus_BV10120897,-0.5826231324994264,0.06678342782563199,7,-8.7240661976795,Hohhot
bus_BV10208768,-0.3094617736322921,0.035465558931340485,10,-8.725696018902,Fuzhou
bus_BV09310034,-0.10070880154974922,0.011487219685579367,10,-8.767022537746872,Wuhu
bus_BV10043859,-0.44376343534265555,0.05034141504855803,10,-8.815074958935169,Tianjin
bus_BV11056519,-0.4380287039978256,0.0491838491957437,3,-8.90594416868638,Nanchang
bus_BV10338221,-0.2671346659832848,0.029966190576680103,10,-8.914532401253789,Hangzhou
bus_BV10308852,-0.5187423325353497,0.05816148588839859,8,-8.918999152475765,urumchi
bus_BV10573088,-0.18621944547126607,0.020873642937052263,10,-8.92126768768455,Wuhu
bus_BV10332054,-0.5663983217537814,0.06341957108174924,10,-8.930969143799317,Xiamen
bus_BV10124612,-0.2608505032672826,0.029206679050552103,10,-8.931190482282744,Wuxi
bus_BV10838153,-0.32014554554515195,0.03581671944947599,10,-8.9384360455568,Hangzhou
bus_BV09194222,-0.2135714344218851,0.023892680040601154,10,-8.938777260281718,Nantong
bus_BV09028538,-0.3646619969513722,0.04079383453235645,10,-8.939142685169896,Changsha
bus_BV11405098,-0.25610923634300814,0.0286071947174839,7,-8.952613122193009,Shenyang
bus_BV11594901,-0.42131809633349093,0.04662738899517168,10,-9.035848136781528,Qingdao
bus_BV09343739,-0.182747661771732,0.020178657181592338,10,-9.05647831579484,Changzhou
bus_BV10085156,-0.48909712415627005,0.05383853663484789,9,-9.084515736903155,Taiyuan
bus_BV10904605,-0.5312574234799884,0.05837462571061167,10,-9.100826360847224,Tianjin
bus_BV10295375,-0.34861317332023256,0.03814709361916092,5,-9.138653796644407,Lanzhou
bus_BV09063250,-0.4311198615164228,0.04716732089903416,10,-9.140221702162307,Chongqing
bus_BV10747363,-0.43723083164964277,0.04780608140733449,10,-9.145923014793091,Xiamen
bus_BV10125009,-0.20018198533594295,0.02187378675399222,10,-9.15167986551797,Wuxi
bus_BV09130313,-0.45558897047805597,0.049704287479893756,10,-9.165987521749996,Taiyuan
bus_BV10145599,-0.40317214981920557,0.04392597961873409,7,-9.178442041229637,Changzhou
bus_BV10714025,-0.27100432221837595,0.029475419856086343,10,-9.194244953900702,Xuzhou
bus_BV10714032,-0.3259411854853513,0.03540486595116102,10,-9.20611008311308,Shaoxing
bus_BV11601558,-0.43669027243272235,0.04737772963146081,10,-9.217203602992104,Nanchang
bus_BV11482188,-0.0797157738990471,0.008589978935292456,10,-9.280078763725799,Nantong
bus_BV11241905,-0.41966596564480374,0.04520427078439569,8,-9.283766014250368,Shijiazhuang
bus_BV09074651,-0.18428891304806613,0.01979133722214567,10,-9.311590109533055,Wenzhou
bus_BV10126036,-0.26654903856436174,0.028567351819169893,10,-9.330544425194216,Wuxi
bus_BV10153463,-0.3510181301098842,0.0375535046828349,10,-9.347144550236434,Jinan
bus_BV10619934,-0.316454252257053,0.03384167310404729,10,-9.3510199030026,Changsha
bus_BV11389844,-0.43377143242933014,0.04622565757693567,10,-9.383778648677877,Nanchang
bus_BV11043869,-0.3928535188507558,0.04181418857858214,10,-9.39521818437963,Harbin
bus_BV11377110,-0.06689073183320479,0.007101581109803644,10,-9.419119011352697,Wuhu
bus_BV10153134,-0.46581218271536784,0.04945137282779138,10,-9.419598726642366,Jinan
bus_BV11474377,-0.4387628963989359,0.04647399177407203,10,-9.441039713600107,Fuzhou
bus_BV11692902,-0.44999477276333383,0.04737757535435272,10,-9.498052072465772,Suzhou
bus_BV11567950,-0.45604194833359185,0.0479335100588919,10,-9.514050872401846,urumchi
bus_BV11017798,-0.4046982966470617,0.04253108769748077,4,-9.515350380223857,Nanchang
bus_BV10637631,-0.26843413697574936,0.027993769384175485,10,-9.589063816352416,Xuzhou
bus_BV10353688,-0.38612055819184465,0.040225574297476696,10,-9.598880039539054,Chuzhou
bus_BV10051420,-0.21828492883703204,0.02267499900011903,10,-9.62667440775376,Shenyang
bus_BV11688456,-0.4188569918614696,0.04339587997343515,10,-9.651996816239357,Guangzhou
bus_BV10024660,-0.39141759189960673,0.04054395096452607,10,-9.654152741565568,Shanghai
bus_BV10062819,-0.35860685692684235,0.03711238546483128,10,-9.662724608188334,Chengdu
bus_BV10651330,-0.09563466578228502,0.009893217434647387,10,-9.666680202595952,Wuhan
bus_BV11475824,-0.08534519945243413,0.008801529373111508,10,-9.696621901523462,Nantong
bus_BV10943967,-0.1966757991723767,0.020264493581572885,10,-9.705433857813317,Hangzhou
bus_BV10939601,-0.3451271594912846,0.03555465977743232,10,-9.706943185008788,Chuzhou
bus_BV10307797,-0.43397860495739227,0.04469803488993388,10,-9.709118285286017,urumchi
bus_BV10074950,-0.38367297192157507,0.03942790030872933,10,-9.73099940923397,Shijiazhuang
bus_BV10255309,-0.34494582511866234,0.0352092749944876,10,-9.797013065521421,Foshan
bus_BV10409074,-0.39722559484845343,0.04050018313019377,10,-9.807992608121989,Dongguan
bus_BV11434711,-0.5119780042479917,0.05218616568887423,10,-9.81060592177369,Nanning
bus_BV09382276,-0.36411585494647564,0.037038690983066704,10,-9.830686424800415,Nanchang
bus_BV10110225,-0.29468947974113163,0.029923742460219883,10,-9.848012214807842,Changchun
bus_BV09012383,-0.5217084287469058,0.05264707502669773,8,-9.909540641848329,Nanning
bus_BV10061123,-0.4724308010588364,0.047616892538527855,10,-9.921493752698057,Chengdu
bus_BV10174692,-0.28362100647778743,0.028392205896273916,10,-9.989393132045349,Wuhu
bus_BV11687802,-0.4687215198457272,0.046721688434450764,10,-10.032202072091415,Xiamen
bus_BV10896421,-0.1844292760751824,0.018356700460999714,10,-10.046967645266127,Shenyang
bus_BV10941809,-0.3959685948880807,0.03936864127166576,10,-10.057966988903821,sian
bus_BV10434321,-0.37967045694969126,0.03774413398830314,10,-10.059055970837505,Chuzhou
bus_BV10198801,-0.3325234841229759,0.0330338839980482,10,-10.066130385434516,Shaoxing
bus_BV10102178,-0.46560142773438,0.04612976512924536,10,-10.09329497986644,Dalian
bus_BV10620769,-0.45823109102617343,0.045390944348422856,10,-10.095207241266012,Xiamen
bus_BV10101857,-0.5466044514876558,0.05409182580175379,10,-10.105119254797662,Dalian
bus_BV10375906,-0.4831151815897689,0.047771752336845476,10,-10.112986374319942,Beijing
bus_BV11256605,-0.5335785982989927,0.05237361340339467,10,-10.187925975433046,Hohhot
bus_BV09099394,-0.08893172348687949,0.0087282494851295,10,-10.188941293323616,ningbo
bus_BV10503549,-0.30445844962203705,0.029868703258476386,10,-10.193222821061276,Changzhou
bus_BV10057995,-0.10434061217289718,0.010235819839619265,10,-10.193664197995135,Wuhan
bus_BV11160284,-0.4691887319807193,0.045983800754748,9,-10.203346009818766,Taiyuan
bus_BV10052034,-0.20012928858898954,0.01953244074308808,10,-10.245989672330749,Shenyang
bus_BV10744717,-0.37056769622529384,0.03607879743354268,10,-10.271062781326162,Tianjin
bus_BV11195928,-0.4318157052605689,0.04199005717273364,8,-10.283758382291172,Nanchang
bus_BV11565414,-0.48971183836205956,0.04756607025230199,10,-10.295400330750601,Zhengzhou
bus_BV10590220,-0.12503001239572215,0.012084628144625418,10,-10.346194143291632,Shenzhen
bus_BV09190770,-0.4374493602124819,0.042210821387273875,10,-10.363438620741507,Shijiazhuang
bus_BV10812996,-0.3049339248712462,0.029226782925283332,10,-10.433369328300673,Harbin
bus_BV11614195,-0.11664002144704366,0.011165869651270732,10,-10.446111286339134,Hefei
bus_BV09334667,-0.4261000588031171,0.04076004508116937,8,-10.453863665163933,Chongqing
bus_BV10643936,-0.3611509948891308,0.034540167097452765,10,-10.455968244464056,Nanchang
bus_BV11044609,-0.21453962046724792,0.02045056677351627,10,-10.49063910730768,Changzhou
bus_BV10253093,-0.3633956013922346,0.03461888916329955,10,-10.497029373408855,Foshan
bus_BV10052327,-0.37175600873499726,0.0352751034944243,10,-10.538761520746295,nanking
bus_BV10537591,-0.2605463853449871,0.024704271193116578,10,-10.54660863468409,Chuzhou
bus_BV11355610,-0.4956035057305268,0.046756251195056005,10,-10.599724893805918,Hohhot
bus_BV10287034,-0.3644468993775868,0.03436949141650351,10,-10.603787787348788,Kunming
bus_BV10101834,-0.48933816482973624,0.046039362863899654,10,-10.628688758995576,Dalian
bus_BV10110669,-0.19135518555485884,0.017988744893655286,10,-10.637489180663117,Changchun
bus_BV11545714,-0.470265371054489,0.04419961520141788,10,-10.639578252337836,Qingdao
bus_BV09203693,-0.27294335475497655,0.02560345728361619,10,-10.66040594156693,Hohhot
bus_BV11446949,-0.4648309608668019,0.04360211267808445,10,-10.660741549182374,Chongqing
bus_BV11596037,-0.1828142874254234,0.017081730070002958,10,-10.702322285448039,Nantong
bus_BV10453310,-0.4301293017909674,0.04006426803535282,10,-10.735980351659407,Jinan
bus_BV11206642,-0.4295479820906384,0.039930086367156975,10,-10.757499259229116,Taiyuan
bus_BV10604412,-0.1841177398155505,0.01708722591612233,10,-10.775162274304984,Wuhan
bus_BV10874677,-0.45521664481343976,0.04221540935692805,10,-10.783184242814665,urumchi
bus_BV10618583,-0.4856414731260398,0.04497264845109146,10,-10.798593853511756,Nanning
bus_BV10059123,-0.3720469197444122,0.034380899221551096,10,-10.821322884364,Wuhan
bus_BV11448894,-0.4025114653898815,0.0371904670763681,10,-10.822971282765524,Lanzhou
bus_BV09338850,-0.25211349038284847,0.023289661171572315,10,-10.82512022284718,Dongguan
bus_BV10473731,-0.24558348968292582,0.022675116833087268,10,-10.830523308234527,Shenyang
bus_BV11117869,-0.4379855555523798,0.040337845716429024,10,-10.857928558011936,Chongqing
bus_BV10198833,-0.4096258234485828,0.0376627025067255,5,-10.876163616081426,Shaoxing
bus_BV10655502,-0.5803715387190382,0.05333901452398438,10,-10.880805262159768,Xiamen
bus_BV10326066,-0.31989854142740015,0.02936155482273943,10,-10.895146200779147,Dongguan
bus_BV10147895,-0.36841016293635126,0.033608190050070756,10,-10.961912937541433,Changzhou
bus_BV09020809,-0.3976323353287413,0.03621568290908632,4,-10.979558953267398,Qingdao
bus_BV10574668,-0.4142083777699594,0.03760683604999768,10,-11.014174845167187,Shenyang
bus_BV11139768,-0.30702314414400106,0.027798890876719873,10,-11.044434652490771,Harbin
bus_BV09390893,-0.4280453223684841,0.03857251010561786,10,-11.09715728182722,Lanzhou
bus_BV10029854,-0.3298523261020474,0.02966756648335292,10,-11.11827675870775,Shanghai
bus_BV10070625,-0.5184447030474437,0.04661608176310015,10,-11.121582342898776,sian
bus_BV10721741,-0.3315884822821728,0.029783653047940267,10,-11.13323373785295,Harbin
bus_BV10130134,-0.491532367205342,0.04414418576066703,10,-11.134699788625502,Suzhou
bus_BV11599456,-0.38515860121970497,0.03452269226963207,3,-11.156675923324523,Chuzhou
bus_BV09346761,-0.2515846883956583,0.022457485780215926,10,-11.20270447149737,sian
bus_BV10252216,-0.41850982969548517,0.03730500878512496,10,-11.218593189996254,Foshan
bus_BV09098771,-0.19493575522879183,0.017347742941516184,10,-11.236945550583483,Nantong
bus_BV10129630,-0.36218258525758584,0.03220017530015831,10,-11.247841646917639,Suzhou
bus_BV09366699,-0.523738587471553,0.04654705252415984,10,-11.251807505569468,Beijing
bus_BV11361596,-0.3287742562416117,0.029198022934636057,10,-11.26015087994522,Nanchang
bus_BV10153488,-0.41498960390238226,0.03663891495151558,10,-11.32646780579778,Jinan
bus_BV11578459,-0.09653415398901219,0.008481530892443774,10,-11.381676420969061,ningbo
bus_BV11688391,-0.1462207687246092,0.012804752089342326,10,-11.419249159366409,Guangzhou
bus_BV09274597,-0.27104646046096603,0.02356232903990262,10,-11.503376638539628,Chuzhou
bus_BV10098679,-0.34514274968621,0.02997579466035714,10,-11.51404453014266,Luoyang
bus_BV10125304,-0.24440438193668262,0.02118764523237218,10,-11.535225547905943,Wuxi
bus_BV09009525,-0.22231039703031721,0.01919638157991175,10,-11.580842998793381,Wenzhou
bus_BV10338707,-0.26471449716775053,0.022751396250910348,10,-11.635082871291024,Dongguan
bus_BV10098678,-0.32125319258365603,0.027602527281972142,10,-11.638538490208795,Luoyang
bus_BV10273417,-0.411586987664056,0.035362349088585904,10,-11.639126977727742,Nanchang
bus_BV10002776,-0.4273845889197192,0.03666043125925563,10,-11.657922661032284,Beijing
bus_BV10174845,-0.25797645267649844,0.021962973888833365,10,-11.745965574725998,Wuhu
bus_BV11149917,-0.21362548385221758,0.018129124212727898,10,-11.783545829907188,ningbo
bus_BV11211445,-0.26829860918143444,0.022643086531730416,10,-11.849024659920516,Chuzhou
bus_BV10338634,-0.39182031496032704,0.032938412644450486,10,-11.895539722402022,nanking
bus_BV09006549,-0.25993508304538143,0.021810159100961655,10,-11.918068211306089,Changsha
bus_BV10308093,-0.548818610004361,0.04577068382200959,2,-11.990611550232883,urumchi
bus_BV11427468,-0.36720431990581925,0.030618962093136602,10,-11.992705659382013,Suzhou
bus_BV10075696,-0.4699857811004091,0.039120394720142844,3,-12.013827169288371,Shijiazhuang
bus_BV11400133,-0.42023850880743446,0.03488360412911699,10,-12.046874135574896,Zhengzhou
bus_BV09125576,-0.581922617991804,0.04818007576397829,7,-12.078073518641945,Beijing
bus_BV10000273,-0.30054201621057935,0.02486531618042031,10,-12.086791624202982,Beijing
bus_BV10713669,-0.4098393280441338,0.033857716560481026,10,-12.104750368044531,Foshan
bus_BV10055635,-0.4330847627661347,0.035769089100646405,10,-12.107790625297246,nanking
bus_BV10273174,-0.31197424023254106,0.025550804251333076,10,-12.209952965247057,Nanchang
bus_BV10613079,-0.4038473052208258,0.033032469502656335,10,-12.2257641963677,Nanchang
bus_BV10187127,-0.4014811220236673,0.032830595888645224,10,-12.22886727663236,Hangzhou
bus_BV09323000,-0.2833691634395524,0.022970987216195525,10,-12.33595393236847,Changsha
bus_BV10273050,-0.46695080679263307,0.03750984590662479,10,-12.44874968208456,Nanchang
bus_BV11115712,-0.30870172242134963,0.024695297011691986,10,-12.500420516140775,Wenzhou
bus_BV11688650,-0.4296386498828606,0.03429887540451534,10,-12.526315208665645,Harbin
bus_BV11040786,-0.314125481323305,0.025075962318095453,10,-12.526951192102892,Luoyang
bus_BV10057973,-0.3472187377609138,0.02769127861683254,10,-12.538915850591797,Wuhan
bus_BV10586895,-0.32528642224735627,0.025858226613778686,10,-12.579605759892607,Harbin
bus_BV10006222,-0.49495310606836307,0.03933992060093622,10,-12.581443294579277,Beijing
bus_BV10156824,-0.35318307695383205,0.02805576944608123,10,-12.588603272726536,Qingdao
bus_BV10843569,-0.2757307926101646,0.021901096357389717,10,-12.589811131487858,Wuhu
bus_BV11356539,-0.37786266480404684,0.029933193217018,10,-12.623529198145409,Changsha
bus_BV11069769,-0.316941964726131,0.025034239976822144,10,-12.660333943280522,Shaoxing
bus_BV09256593,-0.42170649920629905,0.03328718692738441,10,-12.668729665830568,Changchun
bus_BV10274178,-0.3605025722891133,0.028312521681637223,6,-12.732968437539125,Nanchang
bus_BV09160269,-0.400731753271257,0.03139994677751826,10,-12.762175314781734,Chongqing
bus_BV10231089,-0.32624099569331594,0.02555349057511355,10,-12.766978627227328,Changsha
bus_BV10880335,-0.41563794076976146,0.03252397680129327,4,-12.779427789991422,Shijiazhuang
bus_BV10295273,-0.44657799106368923,0.034877511046037014,4,-12.804178097239856,Lanzhou
bus_BV10004465,-0.37738672880881696,0.029357707243812967,10,-12.854770882717382,Beijing
bus_BV10749204,-0.23542983355865651,0.018311556287184016,10,-12.856892188596134,Changsha
bus_BV10373380,-0.32848651302342785,0.02547616447265116,10,-12.893871227646844,Shenyang
bus_BV11485791,-0.13410683449992664,0.010337295277196972,10,-12.97309413854232,Wuhu
bus_BV10361926,-0.4222967522149069,0.03235901971211237,4,-13.050352744564407,Chuzhou
bus_BV10013753,-0.43261225143704773,0.03313868287350015,10,-13.054596120868501,Guangzhou
bus_BV10141828,-0.1908585509480421,0.014606209338815176,10,-13.066937208100569,Xuzhou
bus_BV10110262,-0.2785565654744766,0.02106791666021721,10,-13.221830983514762,Changchun
bus_BV09313451,-0.41672230059561394,0.0314968943211417,10,-13.230579626071282,Wenzhou
bus_BV10402235,-0.4102240555923267,0.03094237379179043,9,-13.257674597817072,Shenzhen
bus_BV11675914,-0.17444935578889684,0.013087928352842596,10,-13.329017228371024,Changchun
bus_BV11022759,-0.35164903560014976,0.026352793747298507,10,-13.343894599306086,Wenzhou
bus_BV10243741,-0.1006518215200946,0.0074999330861384265,3,-13.420344709831424,Shenzhen
bus_BV11688453,-0.3923176881805644,0.029194636076702293,2,-13.438001171510654,Guangzhou
bus_BV11104903,-0.4197449111235418,0.031209166024240183,10,-13.449407020471341,sian
bus_BV11166858,-0.41507940075229194,0.030769420785305382,10,-13.489992832448568,Wuhan
bus_BV09084989,-0.3432513320136227,0.02540079772454897,10,-13.513402240428857,Shenzhen
bus_BV10208436,-0.40243691931330666,0.029720674847476612,9,-13.540634119925905,Fuzhou
bus_BV10703949,-0.5022339520729474,0.037061341148611336,10,-13.551420455747895,Hohhot
bus_BV09196872,-0.22959612761821827,0.016890026454522703,10,-13.593583899976634,Changsha
bus_BV09046940,-0.3611644280598735,0.026551764167725873,10,-13.602271011286126,Changzhou
bus_BV10295670,-0.3635813531131464,0.026597213412879735,10,-13.669898826246715,Lanzhou
bus_BV10832367,-0.23030406777882712,0.01681786870380621,10,-13.694002188677032,Wuhu
bus_BV10849252,-0.26988086081821033,0.019694960661238547,10,-13.703034417276886,sian
bus_BV11689447,-0.42038415602256557,0.030491804349922602,10,-13.786787207814434,Foshan
bus_BV11264014,-0.27812760125351066,0.020088020644311377,10,-13.845438917242598,Lanzhou
bus_BV11448917,-0.4317552512267797,0.03117549572586339,10,-13.849181951476504,Hefei
bus_BV09268233,-0.5202629089182771,0.03751653629403964,10,-13.867558725706386,Taiyuan
bus_BV10204305,-0.402762571748131,0.02903810717774635,10,-13.87013384107397,Wenzhou
bus_BV10174299,-0.2205459985503741,0.01584656432912804,10,-13.917582057150495,Wuhu
bus_BV10103638,-0.5613287748389479,0.04028953977382739,7,-13.932366531521637,Dalian
bus_BV09264164,-0.31652240277650845,0.022714083061244582,10,-13.9350667412985,Hangzhou
bus_BV10050594,-0.37635909815533714,0.0270038687739251,10,-13.937223659837668,Shenyang
bus_BV10141853,-0.22424381143727773,0.01604064497969213,10,-13.979716646307523,Xuzhou
bus_BV11612183,-0.33124742885626485,0.023665500206346,2,-13.997054192706123,Dongguan
bus_BV11367990,-0.33927008847417156,0.024227343630680048,10,-14.003596663753672,Dongguan
bus_BV10114753,-0.4187580826139326,0.029878451482748255,9,-14.015383049616608,Harbin
bus_BV10983814,-0.35965816722254285,0.025504010739903833,10,-14.102018300973942,ningbo
bus_BV11420628,-0.2234837750950323,0.015816988631679626,10,-14.129341495131701,Wenzhou
bus_BV10882655,-0.4871452533963345,0.034447890349978874,10,-14.141507855256938,urumchi
bus_BV11063814,-0.341115375528369,0.02406868219750486,10,-14.172576255046028,Shenyang
bus_BV10392620,-0.42532023845828454,0.029997228482945826,10,-14.178646434407275,Changchun
bus_BV10921055,-0.30370627611971385,0.021395148952064916,10,-14.195093235818291,Shenzhen
bus_BV10252284,-0.4788940188902446,0.03362847266403961,10,-14.240726341255552,Foshan
bus_BV10950339,-0.38141515669777165,0.026771773472974603,10,-14.246908768061717,Lanzhou
bus_BV10242366,-0.3253218154064891,0.022828821041018146,10,-14.250480667273797,Shenzhen
bus_BV10154087,-0.4678061092922238,0.03276625577331779,10,-14.277065092756692,Jinan
bus_BV09063350,-0.47585656995978354,0.033300450199748186,9,-14.289789603669858,sian
bus_BV11377855,-0.18993287824673638,0.013277885613017484,10,-14.304441289667057,Wuhu
bus_BV10146758,-0.2744665658682594,0.019057186446231122,10,-14.402253061863133,Changzhou
bus_BV10432610,-0.37241363744686823,0.025801342181357267,10,-14.433880628781742,Harbin
bus_BV10154584,-0.34961125060559867,0.02417916957920226,10,-14.45918582391923,Qingdao
bus_BV10204363,-0.46001887398478447,0.03175199427664828,5,-14.487868859450272,Wenzhou
bus_BV10466938,-0.4040527505453863,0.027819811434011594,3,-14.523916032451767,Lanzhou
bus_BV10212018,-0.5341482864217407,0.03668150152073343,10,-14.561785059479487,Xiamen
bus_BV10174304,-0.238785152053324,0.016313742637534222,10,-14.637046261442865,Wuhu
bus_BV10391161,-0.3597731976501397,0.02454870131971987,10,-14.655482031805697,Dalian
bus_BV10382693,-0.4015439717854623,0.027356222025533786,8,-14.678336234707645,Shenzhen
bus_BV10025200,-0.32266385834321787,0.021958270405122455,10,-14.694404679700986,Shanghai
bus_BV10947658,-0.23672022374823665,0.016103050244624304,10,-14.700325289241906,Shenyang
bus_BV10620111,-0.5127320587201857,0.034755760858700455,10,-14.752429482997147,Hohhot
bus_BV11027562,-0.3402848553942327,0.022975862337610824,10,-14.810530385703633,Lanzhou
bus_BV11688435,-0.4918751384524905,0.03299491853016714,10,-14.907598239007273,Guangzhou
bus_BV10145635,-0.3834595458197452,0.025653069154538848,10,-14.94789547522598,Changzhou
bus_BV09160441,-0.26650169460353307,0.017738022337004763,10,-15.02430988625283,Changsha
bus_BV10430778,-0.06568671422413766,0.004350059168982322,10,-15.100153968242477,Wuxi
bus_BV09019500,-0.4336045516623373,0.028553264825856507,10,-15.185808083550729,Beijing
bus_BV11029033,-0.3655039587626349,0.024063875962715923,10,-15.188900052507687,Shenyang
bus_BV10251783,-0.4955025634808348,0.03260608226719136,7,-15.196625201831235,Foshan
bus_BV10544966,-0.4276763154354294,0.02802849382986271,10,-15.258620939294147,Shaoxing
bus_BV10648499,-0.4444342733633002,0.028968436330378763,10,-15.34201276432381,Hefei
bus_BV10230370,-0.3702028629085377,0.02412265419593129,3,-15.346682269489076,Changsha
bus_BV09079478,-0.41219463244104365,0.02683071361567293,10,-15.362784781557803,Lanzhou
bus_BV10421151,-0.3594065745990415,0.023375788745984432,10,-15.375156952049883,Chongqing
bus_BV11478845,-0.13839393957738144,0.008982053576017297,10,-15.407811179037122,Wuhu
bus_BV10173465,-0.36206963965044814,0.02348554401350981,10,-15.416695703331992,Hefei
bus_BV10057969,-0.21287115739155546,0.013760550771388956,10,-15.469657154827477,Wuhan
bus_BV11207160,-0.45555981675431156,0.02942154821743118,8,-15.483877957368325,Shaoxing
bus_BV10342255,-0.43872080223052234,0.028308364322265737,4,-15.497915819399413,Shijiazhuang
bus_BV11590226,-0.2921784433179907,0.01878049538303763,10,-15.557538913829411,Xuzhou
bus_BV10126294,-0.2131035029026876,0.013682145639197086,10,-15.575287149356914,Wuxi
bus_BV11087021,-0.20248510099084518,0.012914405861412317,10,-15.678998040930477,Harbin
bus_BV10817592,-0.3772046611913293,0.023994090772944517,10,-15.720725054912709,Chuzhou
bus_BV10174436,-0.29431172225467983,0.018705458492638934,10,-15.733993637769553,Wuhu
bus_BV10110496,-0.2404972068979256,0.015270654656774268,10,-15.748967861149243,Changchun
bus_BV10323673,-0.39812017768325214,0.025254326181350668,10,-15.764428525238694,nanking
bus_BV10146069,-0.20641492672344816,0.013051087364583937,10,-15.815905816746511,Changzhou
bus_BV11138681,-0.3342730402656474,0.021085566925303792,10,-15.853160738727633,Lanzhou
bus_BV10142015,-0.21492547893337283,0.013549862788731546,10,-15.861807877053346,Xuzhou
bus_BV11650105,-0.48026928809546254,0.03027731894536483,10,-15.862340068442107,Foshan
bus_BV10273316,-0.5272419753235169,0.033210596908779526,7,-15.875710334704413,Nanchang
bus_BV10053240,-0.381612371267969,0.024020061383761723,10,-15.887228858360103,nanking
bus_BV10690276,-0.27141273173121594,0.017034197894642774,10,-15.933393170373053,Xuzhou
bus_BV10025422,-0.2876212485373595,0.017960602141075685,10,-16.01400031792755,Shanghai
bus_BV10990247,-0.46235234727341457,0.028760340895273937,10,-16.07603290227557,Changchun
bus_BV11136664,-0.2972041457127385,0.01840867015928496,10,-16.14478295788277,Shenyang
bus_BV10404186,-0.38483915803040636,0.023686754804332424,10,-16.247012253864966,Changsha
bus_BV10110518,-0.3463181635865581,0.021238128447677612,10,-16.30642744135741,Changchun
bus_BV10171797,-0.2320307030507225,0.014210409037479619,10,-16.32820977613309,Hefei
bus_BV10084989,-0.4538922757876424,0.027644389159078304,10,-16.418959702315906,Taiyuan
bus_BV10141855,-0.2738789355261696,0.01667595286438386,10,-16.42357552325293,Xuzhou
bus_BV10724231,-0.3397531883310666,0.020685887124853513,10,-16.424387411405178,Wuhu
bus_BV11674790,-0.357921573628622,0.021737350885935976,10,-16.46573268515758,Xuzhou
bus_BV10196602,-0.4232256458718033,0.02561919558625603,10,-16.519858293297418,ningbo
bus_BV10027953,-0.425905809731432,0.0256928226109089,10,-16.576833554374108,Shanghai
bus_BV10058537,-0.4041457540324086,0.024307959991306125,10,-16.626059443752542,Wuhan
bus_BV10074836,-0.38407815946380636,0.023091244687003153,10,-16.633057175536834,Shijiazhuang
bus_BV10126529,-0.11392802325955387,0.006821949236106271,10,-16.700191149863848,Wuxi
bus_BV11329688,-0.44436662787543835,0.026284341395767002,6,-16.906128714555305,Zhengzhou
bus_BV09364556,-0.39520332017154736,0.02332587803826315,10,-16.942691293178918,Guangzhou
bus_BV10375911,-0.5340374090843922,0.03151870357328115,10,-16.94350271760784,Beijing
bus_BV10666216,-0.3865398275430933,0.02278825255625129,10,-16.96223336855742,Shaoxing
bus_BV11319359,-0.4666057363303123,0.027495979512963127,10,-16.969956149798815,Nanchang
bus_BV11185673,-0.38685443726450325,0.022761126714370535,5,-16.996270534250502,Luoyang
bus_BV10230630,-0.29938315827910594,0.017592359604656,10,-17.017784699104496,Changsha
bus_BV11154561,-0.5184779098221439,0.030382650439865936,9,-17.064927900185943,Nanchang
bus_BV10622534,-0.14093915357159664,0.008241206283824251,10,-17.10174186888289,ningbo
bus_BV11482515,-0.22076736783767675,0.012860964736286664,10,-17.165679302268707,Nantong
bus_BV10885480,-0.5460376977243397,0.031752972675577765,9,-17.196422248052773,urumchi
bus_BV10070705,-0.44701672859758984,0.025955908778045097,2,-17.222150077603896,sian
bus_BV11140316,-0.3441518355254475,0.019877290635973332,10,-17.313811459017327,Harbin
bus_BV11614125,-0.43377961596094733,0.025037585736284517,10,-17.32513059679741,Hefei
bus_BV10968097,-0.33790373813909036,0.019296034897456234,10,-17.511554307361486,Shenzhen
bus_BV10024589,-0.43108835966949927,0.024558453996003794,10,-17.553555456059748,Shanghai
bus_BV10098064,-0.3277753658303132,0.01861685198885297,2,-17.60637029089929,Luoyang
bus_BV09005758,-0.36181168427171845,0.020544308120536633,10,-17.611277344369103,Harbin
bus_BV11605648,-0.4824600958566793,0.027363139796691943,7,-17.631745593667222,Suzhou
bus_BV10922259,-0.39506970083288967,0.022403272811798342,10,-17.634455813985987,Shenyang
bus_BV10181460,-0.32165333992997025,0.018231014602348543,10,-17.643185007195616,Hangzhou
bus_BV11561208,-0.29422810371806796,0.016536107880589755,10,-17.793057950042527,Chuzhou
bus_BV11261683,-0.3922735196100762,0.022044181437396646,10,-17.794869942229216,Wuhan
bus_BV10137488,-0.11902571680040855,0.006683799712916314,10,-17.80806484816496,Nantong
bus_BV10059774,-0.5038261397450631,0.028222166392183487,10,-17.852136303867923,Wuhan
bus_BV10382721,-0.3750882692801791,0.02100314642586862,10,-17.85866189227635,Shenzhen
bus_BV11132629,-0.3542755637459049,0.019756816218566682,10,-17.93180543406161,Changchun
bus_BV10174504,-0.3000243129607435,0.01672371838642611,10,-17.940037414399747,Wuhu
bus_BV10268261,-0.5167340290549606,0.028785111875349052,9,-17.951427521919936,Nanning
bus_BV11070627,-0.35538700008116486,0.019788958055812864,10,-17.958844497541776,Hangzhou
bus_BV10125620,-0.19723989540714348,0.010925449358680988,10,-18.05323592645316,Wuxi
bus_BV11142974,-0.3696205501294631,0.020462670333834268,10,-18.063154195802465,Luoyang
bus_BV10332634,-0.429609332193294,0.0237096548406235,10,-18.119586889191826,Suzhou
bus_BV09068330,-0.6250667269597734,0.034432676074651586,10,-18.153295551924153,Nanning
bus_BV11688645,-0.4306810547272576,0.023548165727188406,10,-18.289359639439034,Harbin
bus_BV10055288,-0.4024151384826176,0.021971075112553796,10,-18.31566972778629,nanking
bus_BV10519746,-0.33342067066905,0.018203082984748566,10,-18.316704251766772,Changzhou
bus_BV10152779,-0.5192099085621535,0.028237759677921477,3,-18.387072154927054,Jinan
bus_BV10898545,-0.4564955016436129,0.02481756656334156,10,-18.394040227034484,nanking
bus_BV10382788,-0.3974166599175796,0.021499211608364103,10,-18.485165051881122,Shenzhen
bus_BV09239569,-0.3965415537549788,0.02136606099252171,9,-18.55940448263845,Guangzhou
bus_BV10420566,-0.46945795996087786,0.025259219244856804,10,-18.5856011444398,Zhengzhou
bus_BV10262202,-0.34037340570866215,0.018304835030757412,10,-18.594716597531242,Dongguan
bus_BV10974227,-0.5172289170150156,0.027541583715245448,9,-18.77991965035441,Wuhan
bus_BV10738613,-0.1718770672110001,0.009151469396124514,10,-18.78134231322063,Wuhu
bus_BV10029706,-0.42239858122598645,0.02248598483663791,10,-18.78496300896346,Shanghai
bus_BV10708565,-0.304265348752255,0.016189430213117476,10,-18.794062348476036,Shenyang
bus_BV11195788,-0.4441419687950797,0.02360438444464398,10,-18.816071297090993,Shaoxing
bus_BV10415010,-0.1627342961646634,0.00864651023859985,10,-18.820784740453615,Wuxi
bus_BV11171920,-0.16889793025883776,0.008950773780286565,10,-18.869624650170064,ningbo
bus_BV10284598,-0.5623684941221121,0.029801689960193323,3,-18.870349506010662,Guiyang
bus_BV10899322,-0.41584666349042176,0.022034826309369274,5,-18.87223747215234,Shanghai
bus_BV10114405,-0.4031412702294454,0.02127189632563152,10,-18.95181673227291,Harbin
bus_BV10787635,-0.20850907296923743,0.010969358910355824,10,-19.008301632775865,Wuhu
bus_BV10244073,-0.40950860437396697,0.021517623238947892,9,-19.03130329560306,Shenzhen
bus_BV10574600,-0.31739158048296245,0.016650060402362013,10,-19.062476783157422,Shenyang
bus_BV11185774,-0.3153291290774306,0.016532249201959188,10,-19.073565519712023,Xuzhou
bus_BV11027568,-0.3636233865250818,0.01905262691342741,10,-19.08520002650221,Lanzhou
bus_BV11306735,-0.38199671033834237,0.01999170301346811,10,-19.107752801423118,Shenzhen
bus_BV10861215,-0.3796642117666541,0.01983998632072922,10,-19.136304545075614,Xuzhou
bus_BV10844024,-0.3059812207535475,0.015971094361947404,10,-19.158425981022035,Hefei
bus_BV10543567,-0.30648927370304113,0.015995428988117927,10,-19.16104171512354,Dongguan
bus_BV10121132,-0.5741588981490195,0.029826832140546107,10,-19.249738052843266,Hohhot
bus_BV10243631,-0.2937455304304305,0.015209241465961676,10,-19.3136086340497,Shenzhen
bus_BV10146008,-0.26430833602490633,0.013666514609841012,10,-19.339835369306897,Changzhou
bus_BV10330342,-0.41167257368635846,0.021273306821608554,9,-19.35159322537793,Harbin
bus_BV10174688,-0.21781565482642762,0.011244451442174194,10,-19.370928162861972,Wuhu
bus_BV10145750,-0.40674967821684893,0.020986385451815994,10,-19.38158837951622,Changzhou
bus_BV11647566,-0.2369981606530759,0.012141696180911639,10,-19.519345726358313,Changchun
bus_BV09105974,-0.4638110666830285,0.023716696734719774,10,-19.55630146592141,Hefei
bus_BV10557843,-0.37923263979861294,0.019358737735364416,10,-19.589729923792206,Wuhan
bus_BV10115518,-0.44028332254763636,0.022469234013466885,2,-19.594932623623368,Harbin
bus_BV10124821,-0.20882218964266883,0.010625478691843118,10,-19.652949214747704,Wuxi
bus_BV10464806,-0.3707894292945796,0.01885231306621405,10,-19.668102864154978,Dongguan
bus_BV10504293,-0.517117933752808,0.026166930188400956,2,-19.76226222972877,Kunming
bus_BV09366804,-0.15988982122724574,0.008083840943775112,10,-19.77891754057728,Nantong
bus_BV11318103,-0.3313260420544232,0.016639429998157155,10,-19.912090917189403,ningbo
bus_BV10381328,-0.38559466092895667,0.019328965082262572,10,-19.94904847711255,Shanghai
bus_BV11143741,-0.40008581312317604,0.019982505110482128,10,-20.021794599484878,Jinan
bus_BV09184815,-0.4509708834675011,0.02240134802977132,10,-20.131408232847424,Wenzhou
bus_BV10328622,-0.39966531760072493,0.0197103810666171,4,-20.276884220609205,Chuzhou
bus_BV10453462,-0.24871717850660788,0.012256118097608973,10,-20.293291366229248,Nantong
bus_BV11115943,-0.4890763110438674,0.024037803284854182,10,-20.346123220452256,sian
bus_BV10142302,-0.39215965054923246,0.019247934721605596,10,-20.37410519519197,Xuzhou
bus_BV09319768,-0.4366551109844772,0.02127772289021328,10,-20.52169341712703,Foshan
bus_BV10284620,-0.508009387619205,0.024749196236038655,10,-20.52629012721487,Guiyang
bus_BV10110561,-0.44366798182718437,0.021562676592197853,10,-20.575728350460707,Changchun
bus_BV10789416,-0.4986956354445137,0.024234307133383454,10,-20.578076646424105,Taiyuan
bus_BV10137379,-0.252263195910232,0.012231784684709696,10,-20.623563623543532,Nantong
bus_BV10394977,-0.024229220414806435,0.0011746130100703113,10,-20.62723121127698,ningbo
bus_BV10347189,-0.42460047676769913,0.020503507455458127,10,-20.708665120026446,Harbin
bus_BV10110265,-0.4456948685203394,0.021512810452591246,10,-20.717639953465742,Changchun
bus_BV10055337,-0.46651269374067994,0.02246734229334367,10,-20.764026292448005,nanking
bus_BV10138189,-0.17973662382369784,0.008639089123245427,10,-20.805019280317815,Nantong
bus_BV11468520,-0.3819800651256118,0.018264028619199003,10,-20.914326403366097,Harbin
bus_BV10493311,-0.31303533306358394,0.014903553249739142,9,-21.004059755244306,Nantong
bus_BV11633702,-0.24744971622519837,0.011713807709626444,10,-21.124600225069543,Shenzhen
bus_BV10230238,-0.3038725285907867,0.014337578067110793,10,-21.1941176694736,Changsha
bus_BV10085011,-0.5519330735829243,0.02603261954527343,5,-21.201587516276668,Taiyuan
bus_BV10049380,-0.3513849928073448,0.016507510545375487,10,-21.28635804762235,Shenyang
bus_BV10392914,-0.4811050130226504,0.022573405156274342,2,-21.312903240027726,Jinan
bus_BV10853457,-0.23205872788461535,0.010864213409836985,10,-21.35990020920394,Shenzhen
bus_BV09063514,-0.2075103129891948,0.009710092861155652,10,-21.370557650766006,ningbo
bus_BV10383044,-0.4078335827147821,0.019067370067144263,9,-21.38907292342359,Shenzhen
bus_BV10137141,-0.2950742168484424,0.013742098242290553,10,-21.47226696558599,Nantong
bus_BV10762285,-0.2453111081668386,0.011371687242829207,10,-21.572075208168904,Wuhu
bus_BV10880083,-0.4069161162174632,0.018861958679718425,10,-21.573364007067035,Shenzhen
bus_BV09019463,-0.5151062028370779,0.023863937456264937,10,-21.58512139624446,Nanchang
bus_BV11304162,-0.5721961164181483,0.026271444632661563,3,-21.780145957611904,sian
bus_BV10145061,-0.3654660757966192,0.016692956576730877,7,-21.89341685414142,Changzhou
bus_BV10242921,-0.279791023113738,0.012778225088234273,10,-21.895905121620373,Shenzhen
bus_BV10523350,-0.3800437187216576,0.017192040583259172,10,-22.10578179031922,Changzhou
bus_BV10244181,-0.26173202799664874,0.011809161818107284,10,-22.163453291053724,Shenzhen
bus_BV09134199,-0.45331963509118395,0.020355747577649602,10,-22.269848388689983,Chongqing
bus_BV10660622,-0.38007966568824364,0.017060893826027445,10,-22.277815382114106,Shenzhen
bus_BV10264116,-0.4050625007441532,0.018059951866304182,10,-22.4287572555681,Dongguan
bus_BV10145933,-0.37593305984670905,0.016753037955907428,10,-22.439681473850744,Changzhou
bus_BV10058219,-0.21000869481288081,0.00934633739302133,10,-22.46960079503237,Wuhan
bus_BV10493274,-0.14885824275017515,0.00657833232862647,10,-22.62853395488406,Nantong
bus_BV10129732,-0.4861387601923847,0.021404472584021585,3,-22.712007089360178,Suzhou
bus_BV10272908,-0.5029446555621216,0.022109803374131178,10,-22.74757579593931,Nanchang
bus_BV09082138,-0.41773956858561495,0.018259608043787914,10,-22.877782414935762,nanking
bus_BV10578995,-0.4415005361559003,0.019294902242096325,5,-22.88170739603907,Shaoxing
bus_BV11632623,-0.4037533092298626,0.017551231685856553,2,-23.00425898386563,Shenyang
bus_BV11380770,-0.2614193471243861,0.011363224723399276,10,-23.005715668802388,Wuhu
bus_BV11632086,-0.39580522529109174,0.017104676590353037,10,-23.140162387677073,Dongguan
bus_BV10732557,-0.3096078349059156,0.01329431555965615,10,-23.288720703927414,Wuhu
bus_BV10230925,-0.31662444179493926,0.013571507433191429,10,-23.330069268494686,Changsha
bus_BV11260065,-0.1607036919623222,0.006879289852854921,10,-23.36047205379918,Nantong
bus_BV10103090,-0.42984960497005353,0.018388702878213658,10,-23.37573096153593,Dalian
bus_BV10145150,-0.37604095910405566,0.016083092776845963,10,-23.381120193139783,Changzhou
bus_BV11690546,-0.43335018392970415,0.018455904898403992,10,-23.48028728541541,Foshan
bus_BV11205110,-0.42886687028994785,0.01824746944856691,10,-23.502800564799617,Harbin
bus_BV10245131,-0.282725591041468,0.011993437196445333,10,-23.573338541504846,Shenzhen
bus_BV10171556,-0.3620810956623088,0.015262295089663827,10,-23.723880078083546,Hefei
bus_BV10174615,-0.24103622960473756,0.010089636167193513,10,-23.889463080327527,Wuhu
bus_BV11157381,-0.463208290296622,0.01908675447855162,9,-24.268560070364117,Wenzhou
bus_BV10383144,-0.3977687365882969,0.016384355082599777,10,-24.277336020223814,Shenzhen
bus_BV10245891,-0.38529133117270736,0.015851182396721984,10,-24.306772735430638,Shenzhen
bus_BV10124694,-0.1760335072878652,0.00721828161529945,10,-24.387142646710938,Wuxi
bus_BV11206656,-0.5591163758291428,0.022908766690624676,10,-24.406208300854356,Taiyuan
bus_BV09046887,-0.20915497168357425,0.008552139591711435,10,-24.456421095145817,Xuzhou
bus_BV10055836,-0.48106000879053046,0.019636484902716786,10,-24.498262606121923,nanking
bus_BV10192388,-0.43199383538485786,0.017622811200453052,3,-24.51331886484509,ningbo
bus_BV11320486,-0.36590037943899273,0.014820158840709367,10,-24.689352960264852,Shenzhen
bus_BV11373068,-0.38620849210155683,0.015607880981281156,10,-24.744438089985643,Nanchang
bus_BV11107172,-0.4766151499499463,0.019254486465568193,10,-24.753446593747707,Wenzhou
bus_BV10014021,-0.4527440339365246,0.018253270348531175,10,-24.803433974154487,Guangzhou
bus_BV11577472,-0.500163291503367,0.02016253771038288,10,-24.806552162344225,sian
bus_BV11178850,-0.4300764781284895,0.017183382536467177,10,-25.02861278503454,Shenyang
bus_BV09178191,-0.3942789410280174,0.015743041763146438,10,-25.044632194566066,Xuzhou
bus_BV10443089,-0.2872443501576303,0.011379727421506532,10,-25.241737969697617,Nantong
bus_BV09390889,-0.46656044558122345,0.018449154168856348,10,-25.28897468259372,Lanzhou
bus_BV10697609,-0.31930050337651045,0.012551490321458853,10,-25.439229988355557,Wuhu
bus_BV11194076,-0.36397722992061665,0.014291504871878236,10,-25.46806501505474,Shenyang
bus_BV11099297,-0.4776233992763153,0.018722929059140893,10,-25.51006536781577,Wenzhou
bus_BV11619576,-0.4342241717965122,0.01701603583720793,10,-25.51851211208077,Hefei
bus_BV11207824,-0.48664365138313226,0.019034498798928694,10,-25.56638873762383,Taiyuan
bus_BV09281389,-0.17755494730122703,0.006933447326755134,10,-25.60842865738426,Wuxi
bus_BV11633634,-0.3384911782594607,0.013162094449136172,10,-25.717101666191066,Shenzhen
bus_BV10142281,-0.4099139049750787,0.01592134816575521,10,-25.746164410568355,Xuzhou
bus_BV10544344,-0.31382147972697744,0.012150390188111702,10,-25.82807766562531,Wuhu
bus_BV10615596,-0.5561314146533746,0.021515583231784322,10,-25.847830857474044,Hohhot
bus_BV11325371,-0.4087207966602344,0.015652647616501997,5,-26.111910620809574,Shenzhen
bus_BV10949395,-0.40123920769860655,0.015050026503054374,10,-26.660347808271155,Shenyang
bus_BV11381231,-0.3698097249731162,0.013748928278416438,4,-26.89732963262017,Wuhu
bus_BV10196256,-0.32618064270374497,0.011976597654590663,10,-27.234810733632,ningbo
bus_BV10665403,-0.21281135266249226,0.007807842204923356,10,-27.256068260142136,Shaoxing
bus_BV10954990,-0.4337103678412387,0.015848182340332844,10,-27.366551246192778,Lanzhou
bus_BV09082074,-0.4062863452833982,0.014781394031772822,10,-27.48631621259255,Shenzhen
bus_BV10145033,-0.2639424063141581,0.009560682321818635,10,-27.607039054254493,Changzhou
bus_BV10948623,-0.3782782095145746,0.013600679986537148,10,-27.81316314753289,Hefei
bus_BV10759748,-0.3005588446699903,0.010732326298427677,10,-28.004978255668632,Xuzhou
bus_BV09008599,-0.5392718790560141,0.01922188563147922,10,-28.055083088312163,Nanchang
bus_BV11129237,-0.42686912352382367,0.015185005760365983,10,-28.111207143951983,Shenyang
bus_BV10396276,-0.22339442917934002,0.007933055488474337,10,-28.15991239501321,Changzhou
bus_BV09254030,-0.49602224049344634,0.017576759856613028,10,-28.22032970448347,Wuhan
bus_BV10197414,-0.4238509682969047,0.015010845489285432,7,-28.23629663209032,ningbo
bus_BV10192539,-0.3293161283327945,0.011607500986784218,10,-28.37095124938833,ningbo
bus_BV10831501,-0.4572354576143504,0.016030908683177005,9,-28.522099491040244,Shaoxing
bus_BV09008968,-0.3668478667434524,0.012819301021282821,10,-28.616816156063756,Changchun
bus_BV10124762,-0.18843144681795437,0.006574853396741981,10,-28.65937061313352,Wuxi
bus_BV10142304,-0.40363416406094615,0.014050201252861749,10,-28.72797830557415,Xuzhou
bus_BV10725963,-0.40091156786454457,0.01393990263420913,3,-28.75997708053713,Changzhou
bus_BV11062841,-0.24413514881972218,0.00848749704536529,10,-28.764058458488734,ningbo
bus_BV10124608,-0.1520815687066846,0.00525398218592648,10,-28.945906907523653,Wuxi
bus_BV10999365,-0.45751339432691907,0.015553606607129072,10,-29.415241861961267,Wuhan
bus_BV11507076,-0.27507406162493825,0.0093077996651623,10,-29.553038955501865,Wuxi
bus_BV10496219,-0.3095015948814975,0.01045230422122757,10,-29.61081998979056,Nantong
bus_BV10460321,-0.3106581229499994,0.010436759252816091,10,-29.765736448199846,Nantong
bus_BV10026738,-0.4443794068476622,0.014927553342961227,10,-29.769051829694618,Shanghai
bus_BV11688027,-0.4094634764237391,0.013743550601010634,10,-29.793114630980646,Harbin
bus_BV10124901,-0.3371107663595913,0.011204778607188753,10,-30.086312038346556,Wuxi
bus_BV10124440,-0.27973212772043154,0.009292830619577785,10,-30.101896629013854,Wuxi
bus_BV10059305,-0.4207764756993697,0.01383541395423694,10,-30.412980266536156,Wuhan
bus_BV10244403,-0.3465377299098078,0.011377169599380127,10,-30.459019028642963,Shenzhen
bus_BV10252420,-0.4807666158750641,0.01577663313158092,3,-30.473315005312422,Foshan
bus_BV09160439,-0.3708606489575591,0.012054127374032261,10,-30.766253730979468,Changsha
bus_BV10120689,-0.4526538193710875,0.01470618032946085,2,-30.77981511393117,Hohhot
bus_BV11449516,-0.42334368728494015,0.013741201382459087,2,-30.808323626063004,Shenzhen
bus_BV10569746,-0.3433471659510605,0.011120450989575283,10,-30.875263738879745,Xuzhou
bus_BV11690097,-0.44566721712002977,0.014297117233720838,2,-31.17180184763905,Dongguan
bus_BV10995029,-0.4608397201917754,0.014707973218626831,10,-31.332624829769173,Changchun
bus_BV10172339,-0.45447670287208164,0.014497791766969232,10,-31.347973311894034,Hefei
bus_BV10392342,-0.39809657466441284,0.012668719696940155,10,-31.423558966655044,ningbo
bus_BV10521299,-0.38209142718270594,0.01215573155089328,10,-31.43300024790569,Shaoxing
bus_BV10026003,-0.42695114080162694,0.013473295416944088,3,-31.68867086355003,Shanghai
bus_BV10752671,-0.2885442347745473,0.009051584278859853,10,-31.87772517029924,Nantong
bus_BV10410966,-0.38690143624882845,0.012122279790768296,10,-31.916530863952158,Hefei
bus_BV11207061,-0.3033134276311592,0.009486132308059414,10,-31.974370379565624,Shaoxing
bus_BV10174389,-0.22789218478667542,0.007103730853696807,10,-32.08058816898982,Wuhu
bus_BV10152741,-0.5004330010621468,0.015563761414559684,7,-32.153710545632855,Jinan
bus_BV10461125,-0.44975390220041406,0.013986926891782497,10,-32.15528215220948,Hefei
bus_BV11103677,-0.2901052976421652,0.008957597761382352,10,-32.38647029096926,Wuhu
bus_BV09295812,-0.49821173663685975,0.015153373736875163,3,-32.877919894847054,nanking
bus_BV11562664,-0.40888729393339923,0.012415011708186046,10,-32.93488352612326,Xuzhou
bus_BV10141908,-0.3393233731184349,0.010276365065011997,10,-33.019753655521015,Xuzhou
bus_BV11109038,-0.38407210536533365,0.011629551316869923,10,-33.025502415830246,Wenzhou
bus_BV11449619,-0.4019972639473938,0.012083839711149775,4,-33.267317415944916,Changzhou
bus_BV11272457,-0.32396209848080376,0.009723817115055154,10,-33.31631616313103,Hefei
bus_BV10141865,-0.40892340150928835,0.01224355676984513,10,-33.39904205990301,Xuzhou
bus_BV10346521,-0.46275950224196155,0.013817625567950739,6,-33.49049842617845,Chongqing
bus_BV10172343,-0.397127281747342,0.011780899301127079,10,-33.70939132086764,Hefei
bus_BV11688022,-0.36714797726319953,0.010866014560229011,10,-33.78862022887436,Harbin
bus_BV10785163,-0.524338549567184,0.015464307085716665,10,-33.90635012596061,Foshan
bus_BV10137623,-0.30598944382910986,0.008991009295405777,10,-34.03278691499017,Nantong
bus_BV10131030,-0.46044543257554194,0.013404682754336013,10,-34.34957003595638,Suzhou
bus_BV10380972,-0.2550515745580338,0.007270383606769388,10,-35.08084821165087,Xuzhou
bus_BV10842980,-0.3316850383029435,0.009401444239849536,10,-35.28018430351386,Wuhu
bus_BV11442637,-0.5073703229683756,0.014260714540362894,10,-35.5781588468621,Nanchang
bus_BV10718080,-0.4505711583938768,0.012572503673003927,3,-35.83779426395507,Shaoxing
bus_BV11341461,-0.4457346397347166,0.012359973555488471,10,-36.06272109777908,Shaoxing
bus_BV10454390,-0.24100162811156572,0.006481874067677697,10,-37.180798915138695,Nantong
bus_BV10325010,-0.35382779621161975,0.009295895573144327,10,-38.06275713834924,Changzhou
bus_BV10137385,-0.22933327876436488,0.0060203830169765025,10,-38.0927421378776,Nantong
bus_BV10110455,-0.4864207153766955,0.012614104367822872,10,-38.56162241698853,Changchun
bus_BV10124503,-0.2731470700180683,0.0069684547910489935,10,-39.19759634416554,Wuxi
bus_BV10145467,-0.414539553562154,0.010513793052875397,10,-39.428126195381076,Changzhou
bus_BV10049391,-0.2930727775993507,0.007379620884998349,10,-39.71374478839076,Shenyang
bus_BV10055132,-0.4320024974418309,0.010777780073129893,10,-40.082660221677195,nanking
bus_BV10196067,-0.4148072715685222,0.010339832961360308,10,-40.1173666871581,ningbo
bus_BV10502528,-0.38191012251784895,0.00939292797021388,10,-40.65928293457608,ningbo
bus_BV10476652,-0.3723451625204294,0.009003449580791559,7,-41.355787647984734,Wuhu
bus_BV10445271,-0.3235797396981291,0.00782054911490195,10,-41.375525067197955,Wuhu
bus_BV10559964,-0.30322334593172295,0.0073013119196859155,10,-41.52992420648765,Nantong
bus_BV10230578,-0.41654588293566985,0.009909360505461033,3,-42.03555439834572,Changsha
bus_BV11207048,-0.4423853923865321,0.01049689290819955,4,-42.1443730836995,Shaoxing
bus_BV11492390,-0.3624367894183961,0.008421381440445694,10,-43.03763718638098,ningbo
bus_BV10451420,-0.2663118079889245,0.006182620942306819,10,-43.07418807203785,Nantong
bus_BV10138596,-0.23144744628161956,0.005366128789845687,10,-43.131095811309656,Nantong
bus_BV11449241,-0.3743003486796227,0.008278570260628325,10,-45.21310863648185,Hefei
bus_BV10448360,-0.26347168032356505,0.005800991003853362,10,-45.41831317535574,Nantong
bus_BV09347275,-0.5170418088735375,0.011243289356301521,9,-45.98666214323926,Wuhan
bus_BV09183778,-0.29897965126540266,0.006353809598465776,10,-47.05510545776209,Nantong
bus_BV11509012,-0.32369524797639054,0.006731909951559378,10,-48.08364483024044,Wuhu
bus_BV09201467,-0.2595183473812048,0.005390886997725155,10,-48.14010497524179,ningbo
bus_BV10467660,-0.32740892522527826,0.006716737044852795,10,-48.74516235893975,ningbo
bus_BV11044392,-0.4624889200420295,0.009294501695406932,10,-49.75935640283046,Changchun
bus_BV10669999,-0.2892179192874125,0.005714829853473011,2,-50.6082281748717,Nantong
bus_BV09106073,-0.2854939163155116,0.005530959814757414,10,-51.61733400782142,Nantong
bus_BV11649725,-0.467784215481302,0.009011064227620847,7,-51.912147615813055,Dongguan
bus_BV10137052,-0.30801915197007135,0.005910902230264357,10,-52.110256415750506,Nantong
bus_BV10889511,-0.4603385948265287,0.008832885846005717,8,-52.116384349159546,Harbin
bus_BV11061455,-0.5303855710074802,0.01006916211050437,2,-52.67419855244811,Wuhan
bus_BV10659221,-0.38866326673205764,0.007371298951641247,10,-52.72649257843418,Shenyang
bus_BV09007284,-0.43973621939735275,0.008212336980351778,9,-53.54574282472859,Shaoxing
bus_BV09411653,-0.4237932717634646,0.007779564405400199,10,-54.47512288966452,Hefei
bus_BV10393878,-0.44509911721876205,0.008011666574088824,10,-55.55630124389833,nanking
bus_BV10137679,-0.2976371918819297,0.005206104023805757,10,-57.17070170206374,Nantong
bus_BV10172794,-0.42405469515378946,0.007065433263157815,10,-60.01813040732894,Hefei
bus_BV10415405,-0.309280795709009,0.0051050514964627505,10,-60.58316749432045,Wuxi
bus_BV11417408,-0.31914730312896467,0.005088038460851714,10,-62.72489454149991,Wuxi
bus_BV10507430,-0.33742991311039894,0.004725028169974244,10,-71.41316132737998,Wuxi
bus_BV10673502,-0.453004720572316,0.006338317000245959,10,-71.470708367482,Harbin
bus_BV10193160,-0.26763484593853515,0.003684907329280264,10,-72.62981012136015,ningbo
bus_BV10174954,-0.3670258014540108,0.005052734253976217,6,-72.63890333756409,Wuhu
bus_BV10180649,-0.4027662337432335,0.005253493679798506,2,-76.66621331055796,Hangzhou
bus_BV11692780,-0.25711825845253533,0.003316397943778247,10,-77.52914080877852,Wuxi
bus_BV09189553,-0.2818854154185825,0.003585622391591801,10,-78.61525796107688,Wuxi
bus_BV10593878,-0.39619906672649996,0.005025390369215856,10,-78.83930385994725,Xuzhou
bus_BV10414825,-0.20369958699966778,0.0025545745253568474,10,-79.73883227497167,Wuxi
bus_BV11337751,-0.27206961778726646,0.0033942025923259585,10,-80.15691721914943,ningbo
bus_BV10417555,-0.39498326628989777,0.004845138523521623,10,-81.52139493193701,Shenyang
bus_BV10193156,-0.3847108432516352,0.004590105326322908,10,-83.81289268385832,ningbo
bus_BV09196373,-0.33625548900668345,0.0039404658501484965,10,-85.33372663456666,Wuxi
bus_BV10171559,-0.4660484043602184,0.005047500261942255,4,-92.33233419537129,Hefei
bus_BV10125802,-0.3243207809848983,0.0033655709480288863,10,-96.36398172946714,Wuxi
bus_BV10124580,-0.3023025761731664,0.002940674464832299,10,-102.80007249618538,Wuxi
bus_BV10124781,-0.26383689984233716,0.0024233719055011503,10,-108.8713665986444,Wuxi
bus_BV10414997,-0.31478211085444696,0.0028493526833171167,10,-110.47456776825263,Wuxi
bus_BV11067683,-0.4353348337597798,0.0037558527012199003,10,-115.90807981835532,ningbo
bus_BV10124806,-0.3341120434096331,0.0026603719735185166,10,-125.58799703778989,Wuxi
bus_BV10398980,-0.4033838296970902,0.003006166896471552,2,-134.18499429310197,Qingdao
bus_BV10124637,-0.21807133410026996,0.0015846864581339334,10,-137.61079163202072,Wuxi
bus_BV11597631,-0.36691064249216154,0.0026505698148661765,2,-138.42655876057302,Wuhu
bus_BV10243232,-0.3990204223705801,0.0024640746717725336,2,-161.93454183680535,Shenzhen
