node,pre_eff,post_eff,efficiency_loss,lcc_loss,reachability_loss,centrality_consensus,degree_rank,interlayer_ratio,bottleneck_score,robust_score,city
bus_BV11401675,5.2220775760596316e-05,5.1736808281696525e-05,4.839674788997912e-07,0.041701376959571324,0.07575757575757576,5.793960381901193,9.0,0.0,2.331199918460917,2.331199918460917,Hohhot
bus_BV11412783,5.2220775760596316e-05,5.074141115383553e-05,1.4793646067607892e-06,0.008140158811653309,0.025252525252525252,5.546414456033039,9.0,0.0,1.1122870293668212,1.1122870293668212,Hohhot
bus_BV11096185,5.2220775760596316e-05,5.098279712179023e-05,1.2379786388060896e-06,0.01062617497075835,0.04040404040404041,3.7238430688754125,21.5,0.0,0.9969867535306612,0.9969867535306612,Hohhot
bus_BV11401798,5.2220775760596316e-05,5.201129635521383e-05,2.0947940538248874e-07,0.019948735567402287,0.03787878787878788,5.594527400313673,21.5,0.0,0.9665086138211668,0.9665086138211668,Hohhot
bus_BV10120761,5.2220775760596316e-05,5.1232849821670696e-05,9.8792593892562e-07,0.008140158811653309,0.017676767676767676,6.653477695775045,3.5,0.0,0.9075829677334748,0.9075829677334748,Hohhot
bus_BV10120712,5.2220775760596316e-05,5.1135144741636785e-05,1.0856310189595315e-06,6.060629456194899e-05,0.0,3.555165613108515,42.5,0.16666666666666666,0.6360722329623828,0.6360722329623828,Hohhot
bus_BV10615603,5.2220775760596316e-05,5.13878314968535e-05,8.329442637428143e-07,6.060629456194899e-05,0.0,7.768497218226513,98.5,0.0,0.5017623942073445,0.5017623942073445,Hohhot
bus_BV09008219,5.2220775760596316e-05,5.201556063252526e-05,2.0521512807105335e-07,6.060629456194899e-05,0.0,9.94638563628995,1.0,0.0,0.49837896083662137,0.49837896083662137,Hohhot
bus_BV11049350,5.2220775760596316e-05,5.174483861942778e-05,4.759371411685383e-07,0.013733695169639626,0.025252525252525252,3.812230513460581,42.5,0.0,0.4711654759567686,0.4711654759567686,Hohhot
bus_BV10955605,5.2220775760596316e-05,5.1969100267098074e-05,2.5167549349824214e-07,6.060629456194899e-05,0.0,5.659385089990378,21.5,0.14285714285714285,0.41869810624327997,0.41869810624327997,Hohhot
bus_BV10120859,5.2220775760596316e-05,5.1717152738194535e-05,5.036230224017812e-07,6.060629456194899e-05,0.0,5.135096067111223,9.0,0.125,0.4046381551459725,0.4046381551459725,Hohhot
bus_BV10120802,5.2220775760596316e-05,5.180371385872617e-05,4.1706190187014463e-07,6.060629456194899e-05,0.0,4.371358532654972,42.5,0.16666666666666666,0.4021951001361177,0.4021951001361177,Hohhot
bus_BV10121193,5.2220775760596316e-05,5.175261098984564e-05,4.681647707506761e-07,6.060629456194899e-05,0.0,8.075149512192112,21.5,0.0,0.3529157362628297,0.3529157362628297,Hohhot
bus_BV10120747,5.2220775760596316e-05,5.2032694703646164e-05,1.8808105695015227e-07,6.060629456194899e-05,0.0,4.8565099510014225,21.5,0.14285714285714285,0.2615839777391904,0.2615839777391904,Hohhot
bus_BV10120710,5.2220775760596316e-05,5.2179197305402454e-05,4.1578455193862164e-08,6.060629456194899e-05,0.0,4.568891279897724,42.5,0.16666666666666666,0.23088866874168168,0.23088866874168168,Hohhot
bus_BV10904753,5.2220775760596316e-05,5.219567141186559e-05,2.5104348730726935e-08,6.060629456194899e-05,0.0,5.107485497596951,9.0,0.125,0.14353647331937563,0.14353647331937563,Hohhot
bus_BV10952137,5.2220775760596316e-05,5.085041458904605e-05,1.3703611715502634e-06,6.060629456194899e-05,0.0,3.5380227729657965,42.5,0.0,0.1422715501039047,0.1422715501039047,Hohhot
bus_BV10378267,5.2220775760596316e-05,5.1556513369427723e-05,6.642623911685928e-07,6.060629456194899e-05,0.0,5.920310231304613,21.5,0.0,0.12812641396975874,0.12812641396975874,Hohhot
bus_BV10951344,5.2220775760596316e-05,5.148521136756404e-05,7.355643930322746e-07,6.060629456194899e-05,0.0,5.251001836623166,9.0,0.0,0.06388412905266816,0.06388412905266816,Hohhot
bus_BV10120848,5.2220775760596316e-05,5.197784670290655e-05,2.42929057689764e-07,6.060629456194899e-05,0.0,6.76483791550759,21.5,0.0,0.031307417212224325,0.031307417212224325,Hohhot
bus_BV10120749,5.2220775760596316e-05,5.148106252032054e-05,7.397132402757741e-07,6.060629456194899e-05,0.0,4.680438913786019,42.5,0.0,-0.021281683008006792,-0.021281683008006792,Hohhot
bus_BV09080093,5.2220775760596316e-05,5.201831444346377e-05,2.0246131713254746e-07,6.060629456194899e-05,0.0,6.423687406402762,227.5,0.0,-0.04266990111780228,-0.04266990111780228,Hohhot
bus_BV10120688,5.2220775760596316e-05,5.196332678773552e-05,2.57448972860796e-07,6.060629456194899e-05,0.0,6.2259692165148195,2.0,0.0,-0.04343652976214671,-0.04343652976214671,Hohhot
bus_BV10121076,5.2220775760596316e-05,5.1969937551562925e-05,2.508382090333911e-07,6.060629456194899e-05,0.0,5.952276704503248,98.5,0.0,-0.08890663679280159,-0.08890663679280159,Hohhot
bus_BV10121023,5.2220775760596316e-05,5.1922794748391245e-05,2.9798101220507143e-07,6.060629456194899e-05,0.0,5.580767303414932,9.0,0.0,-0.12050398974111834,-0.12050398974111834,Hohhot
bus_BV10120745,5.2220775760596316e-05,5.195448711892918e-05,2.6628864166713424e-07,6.060629456194899e-05,0.0,5.435466910086013,3.5,0.0,-0.15977231912241607,-0.15977231912241607,Hohhot
bus_BV10120690,5.2220775760596316e-05,5.194268249825107e-05,2.780932623452475e-07,6.060629456194899e-05,0.0,5.054421983665989,98.5,0.0,-0.21180003922471774,-0.21180003922471774,Hohhot
bus_BV09203693,5.2220775760596316e-05,5.2191889755750166e-05,2.8886004846150656e-08,6.060629456194899e-05,0.0,5.727748850340658,98.5,0.0,-0.2424431836331093,-0.2424431836331093,Hohhot
bus_BV10378693,5.2220775760596316e-05,5.218047314985152e-05,4.030261074479798e-08,6.060629456194899e-05,0.0,5.667962513101862,9.0,0.0,-0.24547211470933095,-0.24547211470933095,Hohhot
bus_BV10120881,5.2220775760596316e-05,5.2216624054757796e-05,4.151705838519775e-09,6.060629456194899e-05,0.0,5.313207100704131,21.5,0.0,-0.3192159805984135,-0.3192159805984135,Hohhot
bus_BV10433545,5.2220775760596316e-05,5.210811754816511e-05,1.1265821243120947e-07,6.060629456194899e-05,0.0,4.490719951965507,21.5,0.0,-0.38694893761547344,-0.38694893761547344,Hohhot
bus_BV10948881,5.2220775760596316e-05,5.213288378053524e-05,8.78919800610759e-08,6.060629456194899e-05,0.0,4.5390897479897845,21.5,0.0,-0.39283485887241354,-0.39283485887241354,Hohhot
bus_BV10120885,5.2220775760596316e-05,5.2171480738066704e-05,4.9295022529612055e-08,6.060629456194899e-05,0.0,4.636333864835987,21.5,0.0,-0.39865915738757274,-0.39865915738757274,Hohhot
bus_BV10543064,5.2220775760596316e-05,5.214043275379886e-05,8.034300679745721e-08,6.060629456194899e-05,0.0,4.52446500122976,9.0,0.0,-0.3991272748875675,-0.3991272748875675,Hohhot
bus_BV10952141,5.2220775760596316e-05,5.214584381231827e-05,7.493194827804298e-08,6.060629456194899e-05,0.0,4.406961474357307,21.5,0.0,-0.42002995231179496,-0.42002995231179496,Hohhot
bus_BV10121191,5.2220775760596316e-05,5.2038805696718414e-05,1.819700638779027e-07,6.060629456194899e-05,0.0,4.004800774064263,42.5,0.0,-0.42416988147434675,-0.42416988147434675,Hohhot
bus_BV10120705,5.2220775760596316e-05,5.2112047331114903e-05,1.0872842948141288e-07,6.060629456194899e-05,0.0,4.094204157651204,9.0,0.0,-0.4497926771036551,-0.4497926771036551,Hohhot
bus_BV10120796,5.2220775760596316e-05,5.198499081308305e-05,2.357849475132656e-07,6.060629456194899e-05,0.0,3.544784998292091,98.5,0.0,-0.46574210321005016,-0.46574210321005016,Hohhot
bus_BV10615596,5.2220775760596316e-05,5.218467982731791e-05,3.609593327840864e-08,6.060629456194899e-05,0.0,4.149251549435583,227.5,0.0,-0.4803507791724474,-0.4803507791724474,Hohhot
bus_BV10620111,5.2220775760596316e-05,5.228309727684164e-05,-6.23215162453227e-08,6.060629456194899e-05,0.0,4.480015136015894,227.5,0.0,-0.48251908255470854,-0.48251908255470854,Hohhot
bus_BV11355610,5.2220775760596316e-05,5.2061911026663845e-05,1.5886473393247078e-07,6.060629456194899e-05,0.0,3.675973838097497,98.5,0.0,-0.4869393236539491,-0.4869393236539491,Hohhot
bus_BV10120699,5.2220775760596316e-05,5.213174121049615e-05,8.903455010016555e-08,6.060629456194899e-05,0.0,3.8793975412457335,21.5,0.0,-0.4932663688852753,-0.4932663688852753,Hohhot
bus_BV11256605,5.2220775760596316e-05,5.2131074664020835e-05,8.970109657548088e-08,6.060629456194899e-05,0.0,3.8496971192602105,227.5,0.0,-0.4974577659244733,-0.4974577659244733,Hohhot
bus_BV10952014,5.2220775760596316e-05,5.213964127997616e-05,8.113448062015653e-08,6.060629456194899e-05,0.0,3.8630659772982567,42.5,0.0,-0.5000086887637115,-0.5000086887637115,Hohhot
bus_BV10703949,5.2220775760596316e-05,5.2200047077220494e-05,2.0728683375822207e-08,6.060629456194899e-05,0.0,4.0455819170058,98.5,0.0,-0.5044790849492566,-0.5044790849492566,Hohhot
bus_BV10120918,5.2220775760596316e-05,5.220670709088942e-05,1.4068669706894055e-08,6.060629456194899e-05,0.0,4.068806012628348,21.5,0.0,-0.5044970050357325,-0.5044970050357325,Hohhot
bus_BV10120787,5.2220775760596316e-05,5.209982340551049e-05,1.2095235508582334e-07,6.060629456194899e-05,0.0,3.673261366518172,98.5,0.0,-0.5077064545869047,-0.5077064545869047,Hohhot
bus_BV10121132,5.2220775760596316e-05,5.2205271160159016e-05,1.5504600437300092e-08,6.060629456194899e-05,0.0,3.830142607054669,98.5,0.0,-0.5402821859148426,-0.5402821859148426,Hohhot
bus_BV10120897,5.2220775760596316e-05,5.2158691260743244e-05,6.208449985307187e-08,6.060629456194899e-05,0.0,3.443116772963851,21.5,0.0,-0.5745583572446176,-0.5745583572446176,Hohhot
bus_BV10937344,5.2220775760596316e-05,5.2228069339675e-05,-7.2935790786855695e-09,6.060629456194899e-05,0.0,3.538979714161707,21.5,0.0,-0.5971177575445076,-0.5971177575445076,Hohhot
bus_BV10996960,1.4138398704401059e-05,1.3271091792923777e-05,8.673069114772814e-07,0.12583987667810037,0.22857142857142856,5.727174571379822,110.5,0.0,4.2119172608080255,4.2119172608080255,Chuzhou
bus_BV10939599,1.4138398704401059e-05,1.302878133305935e-05,1.1096173713417091e-06,0.003132370533271478,0.005714285714285714,5.807110605022855,34.5,0.0,1.0580805110981066,1.0580805110981066,Chuzhou
bus_BV11328734,1.4138398704401059e-05,1.3599112324011826e-05,5.392863803892322e-07,-8.184765542207373e-05,0.05142857142857143,6.446091105074819,16.0,0.0,0.8312951074833435,0.8312951074833435,Chuzhou
bus_BV10426611,1.4138398704401059e-05,1.411491050237881e-05,2.3488202022248217e-08,0.0027542272169545634,0.005714285714285714,10.106871559614293,4.5,0.0,0.6587464829421024,0.6587464829421024,Chuzhou
bus_BV10858341,1.4138398704401059e-05,1.4166732168738535e-05,-2.83334643374762e-08,-8.184765542207373e-05,0.0,9.58895771958322,1.0,0.0,0.4109091574263959,0.4109091574263959,Chuzhou
bus_BV11211439,1.4138398704401059e-05,1.4095599196244845e-05,4.2799508156213365e-08,-8.184765542207373e-05,0.011428571428571429,8.684795796640016,6.5,0.0,0.39946079290088043,0.39946079290088043,Chuzhou
bus_BV10532134,1.4138398704401059e-05,1.3580965377474992e-05,5.57433326926067e-07,-8.184765542207373e-05,0.0,5.725713689970485,34.5,0.0,0.31373018141409453,0.31373018141409453,Chuzhou
bus_BV11627012,1.4138398704401059e-05,1.4131823947078301e-05,6.5747573227575466e-09,0.00010722400273638355,0.0,8.818190331941013,34.5,0.0,0.2994185554685672,0.2994185554685672,Chuzhou
bus_BV11336643,1.4138398704401059e-05,1.4132366718514724e-05,6.031985886334332e-09,-8.184765542207373e-05,0.0,8.68962030632988,34.5,0.0,0.2703266810032511,0.2703266810032511,Chuzhou
bus_BV11277091,1.4138398704401059e-05,1.4164598934971206e-05,-2.6200230570147244e-08,-8.184765542207373e-05,0.0,8.567965274100487,2.5,0.0,0.20865701812130777,0.20865701812130777,Chuzhou
bus_BV11047428,1.4138398704401059e-05,1.4127619139214919e-05,1.0779565186139995e-08,0.00010722400273638355,0.0,8.124001190961703,16.0,0.0,0.1650895357357544,0.1650895357357544,Chuzhou
bus_BV10579336,1.4138398704401059e-05,1.4138051703289774e-05,3.4700111128440627e-10,-8.184765542207373e-05,0.0,8.122379619968234,4.5,0.0,0.1500145393257437,0.1500145393257437,Chuzhou
bus_BV11336642,1.4138398704401059e-05,1.4138106586340649e-05,2.921180604097725e-10,-8.184765542207373e-05,0.0,7.794668012300683,16.0,0.0,0.084241602191788,0.084241602191788,Chuzhou
bus_BV10426629,1.4138398704401059e-05,1.4122493194878466e-05,1.5905509522592755e-08,-8.184765542207373e-05,0.0,7.5402676633066745,2.5,0.0,0.05128869172438147,0.05128869172438147,Chuzhou
bus_BV11105034,1.4138398704401059e-05,1.4123952857436312e-05,1.4445846964746697e-08,-8.184765542207373e-05,0.0,7.465120144009264,16.0,0.0,0.034532758236101135,0.034532758236101135,Chuzhou
bus_BV10956945,1.4138398704401059e-05,1.4134667475083951e-05,3.731229317107277e-09,0.00010722400273638355,0.0,7.377708629745028,16.0,0.0,0.007298979314520226,0.007298979314520226,Chuzhou
bus_BV11374574,1.4138398704401059e-05,1.4117959590287033e-05,2.043911411402594e-08,-8.184765542207373e-05,0.0,7.284927537421266,8.5,0.0,0.005333555791718042,0.005333555791718042,Chuzhou
bus_BV11004304,1.4138398704401059e-05,1.4071999850471405e-05,6.639885392965326e-08,-8.184765542207373e-05,0.005714285714285714,6.591503850381358,65.0,0.0,-0.03676245005637664,-0.03676245005637664,Chuzhou
bus_BV11249934,1.4138398704401059e-05,1.4146252094475984e-05,-7.853390074925222e-09,-8.184765542207373e-05,0.0,7.089575450331868,16.0,0.0,-0.06655682251412032,-0.06655682251412032,Chuzhou
bus_BV10671846,1.4138398704401059e-05,1.4128085259692638e-05,1.0313444708420866e-08,0.00029629566089484083,0.0,6.899390454779214,65.0,0.0,-0.07831169213958253,-0.07831169213958253,Chuzhou
bus_BV10803978,1.4138398704401059e-05,1.4064116614685229e-05,7.428208971583009e-08,-8.184765542207373e-05,0.0,6.281593868191585,34.5,0.0,-0.1335754247677728,-0.1335754247677728,Chuzhou
bus_BV10909253,1.4138398704401059e-05,1.4076042159907878e-05,6.235654449318106e-08,0.00010722400273638355,0.0,6.331231723047303,34.5,0.0,-0.13472986998643152,-0.13472986998643152,Chuzhou
bus_BV10171238,1.4138398704401059e-05,1.4116611114386036e-05,2.1787590015022584e-08,0.00029629566089484083,0.0,6.450905481311639,16.0,0.0,-0.15496756141312226,-0.15496756141312226,Chuzhou
bus_BV10170612,1.4138398704401059e-05,1.4134299718330555e-05,4.098986070503652e-09,0.00029629566089484083,0.0,6.552524133972709,16.0,0.0,-0.15504890016880413,-0.15504890016880413,Chuzhou
bus_BV11336650,1.4138398704401059e-05,1.3971886305187701e-05,1.6651239921335722e-07,-8.184765542207373e-05,0.0,5.434972904325241,200.0,0.0,-0.19666692439423528,-0.19666692439423528,Chuzhou
bus_BV10171020,1.4138398704401059e-05,1.407368884954735e-05,6.470985485370836e-08,0.00029629566089484083,0.0,5.8309465572639745,65.0,0.0,-0.22963587871688573,-0.22963587871688573,Chuzhou
bus_BV10520545,1.4138398704401059e-05,1.4075670702379396e-05,6.272800202166285e-08,-8.184765542207373e-05,0.0,5.820521942502186,65.0,0.0,-0.23938729155704475,-0.23938729155704475,Chuzhou
bus_BV10537591,1.4138398704401059e-05,1.413806096932086e-05,3.377350801979308e-10,-8.184765542207373e-05,0.0,6.076876576752458,6.5,0.0,-0.2601400566308023,-0.2601400566308023,Chuzhou
bus_BV11211445,1.4138398704401059e-05,1.4103474197614395e-05,3.49245067866641e-08,-8.184765542207373e-05,0.0,5.8570578661593755,34.5,0.0,-0.2642162578899614,-0.2642162578899614,Chuzhou
bus_BV09274597,1.4138398704401059e-05,1.4138398704401059e-05,0.0,0.00010722400273638355,0.0,6.0400200096222525,751.5,0.0,-0.26523618065673527,-0.26523618065673527,Chuzhou
bus_BV10652528,1.4138398704401059e-05,1.4137880475785267e-05,5.182286157919848e-10,-8.184765542207373e-05,0.0,6.045066582700324,16.0,0.0,-0.2663095384875162,-0.2663095384875162,Chuzhou
bus_BV11348577,1.4138398704401059e-05,1.4137924447183289e-05,4.742572177699877e-10,-8.184765542207373e-05,0.0,6.003035093808604,16.0,0.0,-0.2747881266425319,-0.2747881266425319,Chuzhou
bus_BV10532072,1.4138398704401059e-05,1.4138076157644994e-05,3.225467560650662e-10,-8.184765542207373e-05,0.0,5.937384948529867,8.5,0.0,-0.2881270927303486,-0.2881270927303486,Chuzhou
bus_BV10808632,1.4138398704401059e-05,1.4149000432487252e-05,-1.060172808619309e-08,-8.184765542207373e-05,0.0,5.973503102787003,34.5,0.0,-0.2935189813478585,-0.2935189813478585,Chuzhou
bus_BV11336633,1.4138398704401059e-05,1.4039036461637585e-05,9.936224276347346e-08,-8.184765542207373e-05,0.0,5.330302452301622,110.5,0.0,-0.2953136605445767,-0.2953136605445767,Chuzhou
bus_BV11434610,1.4138398704401059e-05,1.4138398704401059e-05,0.0,0.0006744389772116999,0.0,5.815687184855762,34.5,0.0,-0.30216342675577745,-0.30216342675577745,Chuzhou
bus_BV10328622,1.4138398704401059e-05,1.4022862457733635e-05,1.155362466674234e-07,-8.184765542207373e-05,0.0,5.137976690036759,200.0,0.0,-0.31517164450509105,-0.31517164450509105,Chuzhou
bus_BV11561208,1.4138398704401059e-05,1.4138398704401059e-05,0.0,-8.184765542207373e-05,0.0,5.790800689190692,110.5,0.0,-0.3178917330242077,-0.3178917330242077,Chuzhou
bus_BV09405051,1.4138398704401059e-05,1.4070748472909753e-05,6.765023149130515e-08,0.00010722400273638355,0.0,5.31464594649898,200.0,0.0,-0.33244335888101495,-0.33244335888101495,Chuzhou
bus_BV10170879,1.4138398704401059e-05,1.4137221821444436e-05,1.1768829566227913e-09,-8.184765542207373e-05,0.0,5.573272801448976,16.0,0.0,-0.36014718969108384,-0.36014718969108384,Chuzhou
bus_BV11277086,1.4138398704401059e-05,1.4133681882911225e-05,4.716821489834138e-09,-8.184765542207373e-05,0.0,5.528477792445367,34.5,0.0,-0.36503509393412475,-0.36503509393412475,Chuzhou
bus_BV11273428,1.4138398704401059e-05,1.4138398704401059e-05,0.0,0.00029629566089484083,0.0,5.510792361776766,16.0,0.0,-0.3686670544761337,-0.3686670544761337,Chuzhou
bus_BV10939601,1.4138398704401059e-05,1.4130266899874304e-05,8.131804526754265e-09,0.00010722400273638355,0.0,5.454530362382242,34.5,0.0,-0.3732282837110647,-0.3732282837110647,Chuzhou
bus_BV10817592,1.4138398704401059e-05,1.4135363282106885e-05,3.0354222941734533e-09,0.00010722400273638355,0.0,5.467170202999955,65.0,0.0,-0.3765878428585471,-0.3765878428585471,Chuzhou
bus_BV10353688,1.4138398704401059e-05,1.4114133634822804e-05,2.4265069578254303e-08,-8.184765542207373e-05,0.0,5.322715432271262,34.5,0.0,-0.3836849319114428,-0.3836849319114428,Chuzhou
bus_BV09380781,1.4138398704401059e-05,1.4131282985003363e-05,7.115719397695795e-09,0.00010722400273638355,0.0,5.3732462921677175,34.5,0.0,-0.390701659230286,-0.390701659230286,Chuzhou
bus_BV10434321,1.4138398704401059e-05,1.4138067604869964e-05,3.3109953109481283e-10,-8.184765542207373e-05,0.0,5.408056458489906,34.5,0.0,-0.3942528736829273,-0.3942528736829273,Chuzhou
bus_BV10170834,1.4138398704401059e-05,1.4132337428688157e-05,6.061275712901954e-09,0.00029629566089484083,0.0,5.324005521892363,110.5,0.0,-0.39910981483723407,-0.39910981483723407,Chuzhou
bus_BV11599456,1.4138398704401059e-05,1.4111891070698921e-05,2.6507633702137513e-08,0.00010722400273638355,0.0,5.100433890553758,110.5,0.0,-0.4229765033982944,-0.4229765033982944,Chuzhou
bus_BV10170547,1.4138398704401059e-05,1.4127349381875277e-05,1.1049322525781685e-08,0.00010722400273638355,0.0,5.179565965787682,34.5,0.0,-0.4249872894441348,-0.4249872894441348,Chuzhou
bus_BV10267262,4.7794239226092545e-05,4.743401400652872e-05,3.602252195638271e-07,0.000421511379218531,0.003257328990228013,5.8690557240182715,8.5,0.0,1.820860149158695,1.820860149158695,Nanning
bus_BV10267705,4.7794239226092545e-05,4.7762527618923135e-05,3.171160716941031e-08,0.0011208120785192177,0.0,10.684897787919674,3.0,0.0625,1.2200218824966924,1.2200218824966924,Nanning
bus_BV09048174,4.7794239226092545e-05,4.716544235943086e-05,6.287968666616878e-07,7.186102956813212e-05,0.0,9.706602978149686,26.0,0.0,1.1154577363443356,1.1154577363443356,Nanning
bus_BV10268046,4.7794239226092545e-05,4.7607341448418585e-05,1.8689777767396098e-07,7.186102956813212e-05,0.0,6.988970424137123,238.0,0.16666666666666666,1.028521490515113,1.028521490515113,Nanning
bus_BV11027039,4.7794239226092545e-05,4.7673210742537606e-05,1.21028483554939e-07,7.186102956813212e-05,0.0,10.017788434308375,1.5,0.058823529411764705,0.7474153048341681,0.7474153048341681,Nanning
bus_BV10751440,4.7794239226092545e-05,4.77736020676183e-05,2.0637158474245878e-08,0.0021697631274703033,0.0,5.476160998411649,138.5,0.0,0.6764445330050696,0.6764445330050696,Nanning
bus_BV10267371,4.7794239226092545e-05,4.722247441825246e-05,5.71764807840084e-07,7.186102956813212e-05,0.0,5.222693236744455,77.5,0.0,0.44614224571218175,0.44614224571218175,Nanning
bus_BV11177634,4.7794239226092545e-05,4.7794239226092545e-05,0.0,0.0014704624281696166,0.0,6.4463109538821355,238.0,0.0,0.44523294155505266,0.44523294155505266,Nanning
bus_BV10267430,4.7794239226092545e-05,4.761000198960391e-05,1.842372364886362e-07,7.186102956813212e-05,0.0,4.615509174480827,45.0,0.1111111111111111,0.41295983241953926,0.41295983241953926,Nanning
bus_BV09046191,4.7794239226092545e-05,4.7725552938083254e-05,6.86862880092912e-08,7.186102956813212e-05,0.0,4.84235937865505,45.0,0.1111111111111111,0.27720067982101715,0.27720067982101715,Nanning
bus_BV09320876,4.7794239226092545e-05,4.7733639052292724e-05,6.060017379982144e-08,7.186102956813212e-05,0.0,5.249178641081541,26.0,0.1,0.2587956070010305,0.2587956070010305,Nanning
bus_BV09095907,4.7794239226092545e-05,4.7794239226092545e-05,0.0,0.0014704624281696166,0.0,4.86556792505404,680.5,0.0,0.2380697314312404,0.2380697314312404,Nanning
bus_BV10267342,4.7794239226092545e-05,4.781139127669823e-05,-1.7152050605684398e-08,7.186102956813212e-05,0.0,5.9968686404402085,15.5,0.09090909090909091,0.1962237610756702,0.1962237610756702,Nanning
bus_BV09007815,4.7794239226092545e-05,4.7585944710822495e-05,2.0829451527005008e-07,7.186102956813212e-05,0.0,6.904413407578945,8.5,0.0,0.1459869084703007,0.1459869084703007,Nanning
bus_BV11027035,4.7794239226092545e-05,4.767498525300434e-05,1.192539730882029e-07,7.186102956813212e-05,0.0,7.593080345873392,26.0,0.0,0.10871830226307741,0.10871830226307741,Nanning
bus_BV10976625,4.7794239226092545e-05,4.773127415746763e-05,6.296506862491549e-08,7.186102956813212e-05,0.0,7.935911653471195,26.0,0.0,0.07303242516879202,0.07303242516879202,Nanning
bus_BV11679540,4.7794239226092545e-05,4.777568070913757e-05,1.8558516954973736e-08,7.186102956813212e-05,0.0,8.079400935947616,4.0,0.0,0.02823948860683627,0.02823948860683627,Nanning
bus_BV10938008,4.7794239226092545e-05,4.7443515540463374e-05,3.50723685629172e-07,7.186102956813212e-05,0.0,4.380178398589273,138.5,0.0,0.019158088381132962,0.019158088381132962,Nanning
bus_BV10267409,4.7794239226092545e-05,4.7791315089311315e-05,2.924136781230237e-09,7.186102956813212e-05,0.0,8.111727561556554,1.5,0.0,0.010084908477148463,0.010084908477148463,Nanning
bus_BV11027048,4.7794239226092545e-05,4.7496222550462346e-05,2.9801667563019926e-07,7.186102956813212e-05,0.0,4.865265434842301,77.5,0.0,0.007245329312873278,0.007245329312873278,Nanning
bus_BV10267907,4.7794239226092545e-05,4.763868280226984e-05,1.5555642382270854e-07,0.000421511379218531,0.0,5.128084484056597,45.0,0.0,0.002060281310029499,0.002060281310029499,Nanning
bus_BV10267278,4.7794239226092545e-05,4.7531134361040736e-05,2.6310486505180987e-07,7.186102956813212e-05,0.0,5.028687862572514,26.0,0.0,-0.021337178383632104,-0.021337178383632104,Nanning
bus_BV10267197,4.7794239226092545e-05,4.7686518697833285e-05,1.0772052825926045e-07,0.000421511379218531,0.0,5.378261319136967,8.5,0.0,-0.03366220098837942,-0.03366220098837942,Nanning
bus_BV10267559,4.7794239226092545e-05,4.7669846450498174e-05,1.2439277559437125e-07,7.186102956813212e-05,0.0,6.437924478186155,15.5,0.0,-0.0353102199192616,-0.0353102199192616,Nanning
bus_BV11089631,4.7794239226092545e-05,4.754535837540636e-05,2.488808506861823e-07,7.186102956813212e-05,0.0,4.384220875202957,45.0,0.0,-0.12616860174156053,-0.12616860174156053,Nanning
bus_BV10267337,4.7794239226092545e-05,4.7734147671407404e-05,6.009155468514137e-08,0.000421511379218531,0.0,4.968160567745253,15.5,0.0,-0.15562056856329087,-0.15562056856329087,Nanning
bus_BV10978091,4.7794239226092545e-05,4.778521271469944e-05,9.026511393103297e-09,7.186102956813212e-05,0.0,6.708670473385515,77.5,0.0,-0.16505213958527476,-0.16505213958527476,Nanning
bus_BV11607569,4.7794239226092545e-05,4.7767758723499235e-05,2.6480502593310452e-08,7.186102956813212e-05,0.0,6.141449531033046,77.5,0.0,-0.21439177663084086,-0.21439177663084086,Nanning
bus_BV11029147,4.7794239226092545e-05,4.7686851519440724e-05,1.073877066518216e-07,7.186102956813212e-05,0.0,4.900266034209168,77.5,0.0,-0.26118119540115226,-0.26118119540115226,Nanning
bus_BV10978877,4.7794239226092545e-05,4.765293564167668e-05,1.4130358441586364e-07,7.186102956813212e-05,0.0,4.448028647290421,26.0,0.0,-0.271875484398717,-0.271875484398717,Nanning
bus_BV11334801,4.7794239226092545e-05,4.7753798151532966e-05,4.044107455957981e-08,7.186102956813212e-05,0.0,5.537667733062995,26.0,0.0,-0.2735260497322458,-0.2735260497322458,Nanning
bus_BV09145220,4.7794239226092545e-05,4.769396580853542e-05,1.0027341755712506e-07,7.186102956813212e-05,0.0,4.730350337475747,238.0,0.0,-0.2936382691557532,-0.2936382691557532,Nanning
bus_BV11027033,4.7794239226092545e-05,4.7712578997764094e-05,8.166022832845114e-08,7.186102956813212e-05,0.0,4.933256411219259,77.5,0.0,-0.29370384234257063,-0.29370384234257063,Nanning
bus_BV10268275,4.7794239226092545e-05,4.774965284621514e-05,4.4586379877408606e-08,7.186102956813212e-05,0.0,5.274815129874303,8.5,0.0,-0.3020372292091835,-0.3020372292091835,Nanning
bus_BV10267762,4.7794239226092545e-05,4.7792317519527204e-05,1.9217065653416598e-09,7.186102956813212e-05,0.0,5.629323387981907,8.5,0.0,-0.31668054671483187,-0.31668054671483187,Nanning
bus_BV11029296,4.7794239226092545e-05,4.770847075167134e-05,8.576847442120649e-08,7.186102956813212e-05,0.0,4.499395697179165,77.5,0.0,-0.3446794494915385,-0.3446794494915385,Nanning
bus_BV10618584,4.7794239226092545e-05,4.7708747737905886e-05,8.54914881866597e-08,7.186102956813212e-05,0.0,4.480613891309046,680.5,0.0,-0.34753757835323695,-0.34753757835323695,Nanning
bus_BV10732213,4.7794239226092545e-05,4.774014435305958e-05,5.409487303296268e-08,7.186102956813212e-05,0.0,4.81723331168035,77.5,0.0,-0.34838750607600966,-0.34838750607600966,Nanning
bus_BV10976624,4.7794239226092545e-05,4.778757634857708e-05,6.662877515464642e-09,7.186102956813212e-05,0.0,4.997474735566565,77.5,0.0,-0.39269687205291415,-0.39269687205291415,Nanning
bus_BV10943459,4.7794239226092545e-05,4.773451192881727e-05,5.972729727527539e-08,7.186102956813212e-05,0.0,4.405117063404064,45.0,0.0,-0.39433052141733704,-0.39433052141733704,Nanning
bus_BV09342004,4.7794239226092545e-05,4.773999078032045e-05,5.4248445772096495e-08,7.186102956813212e-05,0.0,4.4211284745116926,26.0,0.0,-0.40007881540722545,-0.40007881540722545,Nanning
bus_BV10618583,4.7794239226092545e-05,4.774798601601675e-05,4.625321007579693e-08,7.186102956813212e-05,0.0,4.434745156937487,680.5,0.0,-0.40974484436378034,-0.40974484436378034,Nanning
bus_BV11260248,4.7794239226092545e-05,4.776093733067639e-05,3.330189541615486e-08,7.186102956813212e-05,0.0,4.560575688780683,15.5,0.0,-0.41180272144163266,-0.41180272144163266,Nanning
bus_BV10981047,4.7794239226092545e-05,4.776914641569192e-05,2.5092810400627894e-08,7.186102956813212e-05,0.0,4.540254595417925,401.5,0.0,-0.4262227117291304,-0.4262227117291304,Nanning
bus_BV10267287,4.7794239226092545e-05,4.776911354272939e-05,2.5125683363158677e-08,7.186102956813212e-05,0.0,4.34103941447064,77.5,0.0,-0.4522836429905231,-0.4522836429905231,Nanning
bus_BV10618587,4.7794239226092545e-05,4.7794006042273564e-05,2.3318381898112346e-10,7.186102956813212e-05,0.0,4.5270068314532965,15.5,0.0,-0.46356215389582245,-0.46356215389582245,Nanning
bus_BV11104448,4.7794239226092545e-05,4.779364470616421e-05,5.945199283368492e-10,7.186102956813212e-05,0.0,4.4959778490833395,1150.5,0.0,-0.46711114070488347,-0.46711114070488347,Nanning
bus_BV11434711,4.7794239226092545e-05,4.782693353972248e-05,-3.2694313629934735e-08,7.186102956813212e-05,0.0,4.553918661464967,401.5,0.0,-0.5071930877415779,-0.5071930877415779,Nanning
bus_BV11418743,4.7794239226092545e-05,4.784825695676826e-05,-5.401773067571585e-08,7.186102956813212e-05,0.0,4.772970628527888,8.5,0.0,-0.5090241846437545,-0.5090241846437545,Nanning
bus_BV09068330,4.7794239226092545e-05,4.7869465631964625e-05,-7.52264058720794e-08,-0.00027778932008215573,0.0,5.267166850262919,5.0,0.0,-0.639031094283936,-0.639031094283936,Nanning
bus_BV09385716,3.8806802820527926e-05,3.795308695202464e-05,8.537158685032836e-07,0.03723431850167258,0.11170212765957446,4.867974456913314,322.0,0.0,3.216755538212404,3.216755538212404,Lanzhou
bus_BV10295518,3.8806802820527926e-05,3.8184596998175896e-05,6.222058223520293e-07,0.0021967782800065283,0.013297872340425532,8.312218155108411,44.5,0.0,0.7986507532835168,0.7986507532835168,Lanzhou
bus_BV10295161,3.8806802820527926e-05,3.8717462201725e-05,8.93406188029236e-08,5.162275623105117e-05,0.0,5.208997672417167,124.0,0.14285714285714285,0.7664243422769899,0.7664243422769899,Lanzhou
bus_BV10295241,3.8806802820527926e-05,3.833710819265183e-05,4.6969462787609806e-07,5.162275623105117e-05,0.0,11.60169216484472,1.0,0.0,0.7595389898592178,0.7595389898592178,Lanzhou
bus_BV10295754,3.8806802820527926e-05,3.866312383454524e-05,1.4367898598268813e-07,0.0007666745974894695,0.005319148936170213,13.102663087400687,2.0,0.0,0.7138490588038934,0.7138490588038934,Lanzhou
bus_BV10295620,3.8806802820527926e-05,3.827735332990796e-05,5.294494906199647e-07,5.162275623105117e-05,0.0,8.799106886987456,124.0,0.0,0.5164807552358436,0.5164807552358436,Lanzhou
bus_BV10295149,3.8806802820527926e-05,3.87802051091573e-05,2.6597711370628314e-08,5.162275623105117e-05,0.0,6.274332191962507,25.0,0.1,0.5113838848621683,0.5113838848621683,Lanzhou
bus_BV10295144,3.8806802820527926e-05,3.832007364173818e-05,4.867291787897453e-07,5.162275623105117e-05,0.0,9.031869333195742,10.0,0.0,0.5020041075762377,0.5020041075762377,Lanzhou
bus_BV11329603,3.8806802820527926e-05,3.874482394382987e-05,6.197887669805386e-08,5.162275623105117e-05,0.0,5.6229881542679685,25.0,0.1,0.47462738932131154,0.47462738932131154,Lanzhou
bus_BV10295658,3.8806802820527926e-05,3.827620733928033e-05,5.305954812475942e-07,0.003269356041894267,0.007978723404255319,5.728289669880355,76.0,0.0,0.4139899292959289,0.4139899292959289,Lanzhou
bus_BV11292669,3.8806802820527926e-05,3.804695532858267e-05,7.598474919452578e-07,5.162275623105117e-05,0.0,5.762549205002212,10.0,0.0,0.40521019275489617,0.40521019275489617,Lanzhou
bus_BV10295148,3.8806802820527926e-05,3.85703627832127e-05,2.3644003731522272e-07,0.003984407883152685,0.013297872340425532,5.693787511772861,44.5,0.0,0.23432771254886225,0.23432771254886225,Lanzhou
bus_BV11671399,3.8806802820527926e-05,3.8736936369499316e-05,6.986645102860972e-08,0.003626881962523476,0.018617021276595744,6.568538512658135,44.5,0.0,0.22754417248832487,0.22754417248832487,Lanzhou
bus_BV10926067,3.8806802820527926e-05,3.877648052055994e-05,3.0322299967982527e-08,0.00040914867686026035,0.0,9.79150381689877,3.0,0.0,0.17738297464332403,0.17738297464332403,Lanzhou
bus_BV10295293,3.8806802820527926e-05,3.8791310722053246e-05,1.5492098474679833e-08,5.162275623105117e-05,0.0,9.70109018897256,10.0,0.0,0.14052307991072555,0.14052307991072555,Lanzhou
bus_BV10295153,3.8806802820527926e-05,3.87818472072994e-05,2.4955613228527373e-08,5.162275623105117e-05,0.0,9.14030758242308,6.0,0.0,0.08959959235534526,0.08959959235534526,Lanzhou
bus_BV10295147,3.8806802820527926e-05,3.870737097472479e-05,9.943184580313595e-08,5.162275623105117e-05,0.0,7.578197622841311,14.5,0.0,-0.008080525610378066,-0.008080525610378066,Lanzhou
bus_BV11420907,3.8806802820527926e-05,3.84427056260348e-05,3.6409719449312757e-07,5.162275623105117e-05,0.0,4.804225486177104,124.0,0.0,-0.05997894905667331,-0.05997894905667331,Lanzhou
bus_BV09191992,3.8806802820527926e-05,3.8829426592586265e-05,-2.2623772058339234e-08,5.162275623105117e-05,0.0,7.924947826426346,25.0,0.0,-0.0832740522098858,-0.0832740522098858,Lanzhou
bus_BV10376948,3.8806802820527926e-05,3.872967875102952e-05,7.71240694984082e-08,0.003269356041894267,0.007978723404255319,4.938771227144526,14.5,0.0,-0.08624603719412349,-0.08624603719412349,Lanzhou
bus_BV11237215,3.8806802820527926e-05,3.877620998449338e-05,3.0592836034547114e-08,5.162275623105117e-05,0.0,7.432235996622883,14.5,0.0,-0.08679402285507716,-0.08679402285507716,Lanzhou
bus_BV09000669,3.8806802820527926e-05,3.8673506095767013e-05,1.3329672476091218e-07,5.162275623105117e-05,0.0,5.634150992110001,6.0,0.0,-0.18364398705449297,-0.18364398705449297,Lanzhou
bus_BV10982372,3.8806802820527926e-05,3.880557796204863e-05,1.2248584792980935e-09,5.162275623105117e-05,0.0,6.4148851475804864,25.0,0.0,-0.22190022463053616,-0.22190022463053616,Lanzhou
bus_BV11282577,3.8806802820527926e-05,3.876312684989521e-05,4.3675970632712406e-08,5.162275623105117e-05,0.0,6.018906532837033,14.5,0.0,-0.22502067702422487,-0.22502067702422487,Lanzhou
bus_BV11264014,3.8806802820527926e-05,3.8806147592474484e-05,6.552280534414872e-10,5.162275623105117e-05,0.0,6.341583823517259,25.0,0.0,-0.23021514200024576,-0.23021514200024576,Lanzhou
bus_BV10295150,3.8806802820527926e-05,3.8785189906894215e-05,2.1612913633710742e-08,5.162275623105117e-05,0.0,6.133101469034401,76.0,0.0,-0.23313670310414852,-0.23313670310414852,Lanzhou
bus_BV11101865,3.8806802820527926e-05,3.877706503297398e-05,2.9737787553946703e-08,5.162275623105117e-05,0.0,5.939731699580341,6.0,0.0,-0.24623296081767315,-0.24623296081767315,Lanzhou
bus_BV10295340,3.8806802820527926e-05,3.874318329366296e-05,6.361952686496507e-08,5.162275623105117e-05,0.0,5.404478588267858,25.0,0.0,-0.2720254814284404,-0.2720254814284404,Lanzhou
bus_BV10377209,3.8806802820527926e-05,3.8753374271139735e-05,5.3428549388190435e-08,0.0007666745974894695,0.0026595744680851063,4.834483521666789,124.0,0.0,-0.28131057663865816,-0.28131057663865816,Lanzhou
bus_BV11027562,3.8806802820527926e-05,3.880420065989256e-05,2.60216063536448e-09,5.162275623105117e-05,0.0,5.7096356256564045,76.0,0.0,-0.2956041715307753,-0.2956041715307753,Lanzhou
bus_BV11138681,3.8806802820527926e-05,3.8805991044248794e-05,8.117762791316633e-10,5.162275623105117e-05,0.0,5.592650977761467,14.5,0.0,-0.30968336230076166,-0.30968336230076166,Lanzhou
bus_BV09006489,3.8806802820527926e-05,3.8841239571604664e-05,-3.443675107673785e-08,5.162275623105117e-05,0.0,5.815373566119733,25.0,0.0,-0.31836777477651845,-0.31836777477651845,Lanzhou
bus_BV11051760,3.8806802820527926e-05,3.8804391234623904e-05,2.4115859040214948e-09,5.162275623105117e-05,0.0,5.464715973207899,6.0,0.0,-0.3218142114741677,-0.3218142114741677,Lanzhou
bus_BV10295669,3.8806802820527926e-05,3.875830412349489e-05,4.849869703303373e-08,5.162275623105117e-05,0.0,5.062439576992854,201.5,0.0,-0.32226608972764303,-0.32226608972764303,Lanzhou
bus_BV11027568,3.8806802820527926e-05,3.880149105394859e-05,5.3117665793335706e-09,5.162275623105117e-05,0.0,5.417123238406359,14.5,0.0,-0.32421083023847397,-0.32421083023847397,Lanzhou
bus_BV11113303,3.8806802820527926e-05,3.881020837393805e-05,-3.405553410122306e-09,5.162275623105117e-05,0.0,5.3995654394225845,44.5,0.0,-0.3340801750535954,-0.3340801750535954,Lanzhou
bus_BV11556197,3.8806802820527926e-05,3.8733974801489843e-05,7.282801903808224e-08,5.162275623105117e-05,0.0,4.726233800190721,201.5,0.0,-0.33566938183152506,-0.33566938183152506,Lanzhou
bus_BV10999219,3.8806802820527926e-05,3.875713500064953e-05,4.966781987839601e-08,5.162275623105117e-05,0.0,4.869310245996888,25.0,0.0,-0.341722521016819,-0.341722521016819,Lanzhou
bus_BV10952247,3.8806802820527926e-05,3.885115625076506e-05,-4.435343023713174e-08,0.00040914867686026035,0.0,5.508219861477935,124.0,0.0,-0.34648837984240793,-0.34648837984240793,Lanzhou
bus_BV10295670,3.8806802820527926e-05,3.87785388655764e-05,2.826395495152432e-08,5.162275623105117e-05,0.0,4.9433484053737455,201.5,0.0,-0.3535020609824865,-0.3535020609824865,Lanzhou
bus_BV11361662,3.8806802820527926e-05,3.8802227799625204e-05,4.575020902721492e-09,5.162275623105117e-05,0.0,5.095324628949837,6.0,0.0,-0.35909455474622337,-0.35909455474622337,Lanzhou
bus_BV10950339,3.8806802820527926e-05,3.878156374429325e-05,2.5239076234673935e-08,5.162275623105117e-05,0.0,4.901836232074265,201.5,0.0,-0.36069181805041717,-0.36069181805041717,Lanzhou
bus_BV10954990,3.8806802820527926e-05,3.8782199977711435e-05,2.4602842816490297e-08,5.162275623105117e-05,0.0,4.7723830881430445,76.0,0.0,-0.3750368471388511,-0.3750368471388511,Lanzhou
bus_BV09079478,3.8806802820527926e-05,3.879669687873281e-05,1.0105941795112761e-08,5.162275623105117e-05,0.0,4.801531686219326,25.0,0.0,-0.3852472269188869,-0.3852472269188869,Lanzhou
bus_BV10466938,3.8806802820527926e-05,3.879421422449154e-05,1.2588596036384537e-08,0.00040914867686026035,0.0,4.53663076807922,201.5,0.0,-0.3974931224560801,-0.3974931224560801,Lanzhou
bus_BV09390893,3.8806802820527926e-05,3.880663404630163e-05,1.6877422629759092e-10,5.162275623105117e-05,0.0,4.729734172941047,124.0,0.0,-0.4020021626923952,-0.4020021626923952,Lanzhou
bus_BV11448894,3.8806802820527926e-05,3.885777249512289e-05,-5.0969674594967716e-08,5.162275623105117e-05,0.0,5.111370642573572,201.5,0.0,-0.4083817032740239,-0.4083817032740239,Lanzhou
bus_BV10295273,3.8806802820527926e-05,3.878857704305969e-05,1.8225777468232937e-08,5.162275623105117e-05,0.0,4.507540497123805,25.0,0.0,-0.40904421769330557,-0.40904421769330557,Lanzhou
bus_BV09390889,3.8806802820527926e-05,3.8854391682892274e-05,-4.758886236434849e-08,5.162275623105117e-05,0.0,4.674392880990515,322.0,0.0,-0.451728902772341,-0.451728902772341,Lanzhou
bus_BV10996684,3.8806802820527926e-05,3.899423091439709e-05,-1.874280938691611e-07,5.162275623105117e-05,0.0,4.691371079855079,124.0,0.0,-0.5783036192867306,-0.5783036192867306,Lanzhou
bus_BV10592935,6.892841754118124e-05,6.752923826529199e-05,1.3991792758892503e-06,0.0027980620668918155,0.0040650406504065045,4.765903913823337,58.0,0.0,2.920538098919704,2.920538098919704,urumchi
bus_BV10308562,6.892841754118124e-05,6.854238548076417e-05,3.8603206041707143e-07,0.000935864673968112,0.0040650406504065045,6.016917653056572,38.0,0.0,1.3692029734577806,1.3692029734577806,urumchi
bus_BV10308469,6.892841754118124e-05,6.839881957298002e-05,5.295979682012214e-07,4.765977506315799e-06,0.0,6.776940359859028,16.0,0.09090909090909091,0.9862367626529942,0.9862367626529942,urumchi
bus_BV10308039,6.892841754118124e-05,6.85370642096766e-05,3.913533315046423e-07,0.000935864673968112,0.0020325203252032522,4.6347650849526145,58.0,0.0,0.7316078580213359,0.7316078580213359,urumchi
bus_BV10860666,6.892841754118124e-05,6.8576221350238e-05,3.521961909432378e-07,4.765977506315799e-06,0.0,5.919906106835663,16.0,0.09090909090909091,0.7124377283487544,0.7124377283487544,urumchi
bus_BV09156951,6.892841754118124e-05,6.854961039558782e-05,3.788071455934199e-07,0.0004703153257371584,0.0020325203252032522,5.779416907742085,10.5,0.0,0.6685149337824097,0.6685149337824097,urumchi
bus_BV10881705,6.892841754118124e-05,6.868575001197617e-05,2.426675292050638e-07,4.765977506315799e-06,0.0,10.83054024727128,2.0,0.0,0.6046079113567917,0.6046079113567917,urumchi
bus_BV10308849,6.892841754118124e-05,6.87240030085594e-05,2.044145326218381e-07,0.0004703153257371584,0.0020325203252032522,5.474535192654606,26.5,0.0,0.4753673122250502,0.4753673122250502,urumchi
bus_BV10307773,6.892841754118124e-05,6.890733831397239e-05,2.1079227208851037e-08,4.765977506315799e-06,0.0,6.925975655797032,7.0,0.07692307692307693,0.46088753303594426,0.46088753303594426,urumchi
bus_BV10308088,6.892841754118124e-05,6.891154322021621e-05,1.6874320965027832e-08,4.765977506315799e-06,0.0,5.908772354108219,16.0,0.09090909090909091,0.4223593371865498,0.4223593371865498,urumchi
bus_BV10307774,6.892841754118124e-05,6.881454352761744e-05,1.1387401356379736e-07,4.765977506315799e-06,0.0,10.043468439345519,1.0,0.0,0.38252163773032133,0.38252163773032133,urumchi
bus_BV11100558,6.892841754118124e-05,6.892841754118124e-05,0.0,4.765977506315799e-06,0.0,5.990908805321766,7.0,0.07692307692307693,0.31055322015529885,0.31055322015529885,urumchi
bus_BV10308030,6.892841754118124e-05,6.852510558584505e-05,4.03311955336186e-07,4.765977506315799e-06,0.0,7.485919343971062,16.0,0.0,0.2699663880819171,0.2699663880819171,urumchi
bus_BV10307776,6.892841754118124e-05,6.864508263133047e-05,2.8333490985077154e-07,4.765977506315799e-06,0.0,8.142728050412815,3.0,0.0,0.25959900398080865,0.25959900398080865,urumchi
bus_BV10307953,6.892841754118124e-05,6.878557483055636e-05,1.4284271062487384e-07,4.765977506315799e-06,0.0,8.538351794223384,16.0,0.0,0.19465490040877126,0.19465490040877126,urumchi
bus_BV11611145,6.892841754118124e-05,6.886749729746627e-05,6.092024371496651e-08,0.0004703153257371584,0.0,7.032837409952966,7.0,0.0,0.12545072439177918,0.12545072439177918,urumchi
bus_BV10308000,6.892841754118124e-05,6.885838059037775e-05,7.003695080349181e-08,4.765977506315799e-06,0.0,7.344998757927973,4.0,0.0,-0.036699962302293,-0.036699962302293,urumchi
bus_BV09200182,6.892841754118124e-05,6.870599219911782e-05,2.2242534206342202e-07,4.765977506315799e-06,0.0,6.261775642938186,16.0,0.0,-0.058732240050883726,-0.058732240050883726,urumchi
bus_BV10307825,6.892841754118124e-05,6.854119102561761e-05,3.8722651556362506e-07,4.765977506315799e-06,0.0,5.001414216007672,96.5,0.0,-0.0951283183108258,-0.0951283183108258,urumchi
bus_BV10307968,6.892841754118124e-05,6.869929939141751e-05,2.2911814976372274e-07,4.765977506315799e-06,0.0,5.834959829397667,26.5,0.0,-0.1133163745193029,-0.1133163745193029,urumchi
bus_BV10307798,6.892841754118124e-05,6.891340383967791e-05,1.501370150333017e-08,4.765977506315799e-06,0.0,6.913489078638902,7.0,0.0,-0.14504698515055375,-0.14504698515055375,urumchi
bus_BV09342154,6.892841754118124e-05,6.862682039184468e-05,3.015971493365528e-07,4.765977506315799e-06,0.0,5.125705737124797,58.0,0.0,-0.1512300113509447,-0.1512300113509447,urumchi
bus_BV10307889,6.892841754118124e-05,6.875848020733212e-05,1.6993733384911968e-07,4.765977506315799e-06,0.0,5.771255227546603,38.0,0.0,-0.17324082905000965,-0.17324082905000965,urumchi
bus_BV10345312,6.892841754118124e-05,6.895544362887427e-05,-2.7026087693032396e-08,4.765977506315799e-06,0.0,6.7471092682144365,7.0,0.0,-0.20473968497527295,-0.20473968497527295,urumchi
bus_BV10557195,6.892841754118124e-05,6.886905210521068e-05,5.9365435970553954e-08,4.765977506315799e-06,0.0,6.212226798869409,26.5,0.0,-0.2060308969866793,-0.2060308969866793,urumchi
bus_BV10307946,6.892841754118124e-05,6.862848900446299e-05,2.999285367182497e-07,4.765977506315799e-06,0.0,4.72930408630971,26.5,0.0,-0.20870824424509182,-0.20870824424509182,urumchi
bus_BV10307730,6.892841754118124e-05,6.873044004287925e-05,1.9797749830198583e-07,4.765977506315799e-06,0.0,5.222602671134183,16.0,0.0,-0.22668319059828845,-0.22668319059828845,urumchi
bus_BV10307797,6.892841754118124e-05,6.861315046833835e-05,3.152670728428852e-07,4.765977506315799e-06,0.0,4.411096537523189,96.5,0.0,-0.24049891273990187,-0.24049891273990187,urumchi
bus_BV10307983,6.892841754118124e-05,6.894710197560244e-05,-1.8684434421206188e-08,4.765977506315799e-06,0.0,6.3466822545682104,16.0,0.0,-0.2541743815810647,-0.2541743815810647,urumchi
bus_BV10307744,6.892841754118124e-05,6.885521284565819e-05,7.320469552304812e-08,4.765977506315799e-06,0.0,5.541600429577795,26.5,0.0,-0.28893588720298996,-0.28893588720298996,urumchi
bus_BV10307959,6.892841754118124e-05,6.906929609350848e-05,-1.4087855232723754e-07,4.765977506315799e-06,0.0,6.606029760638361,10.5,0.0,-0.32264167988275066,-0.32264167988275066,urumchi
bus_BV10307948,6.892841754118124e-05,6.878144193662937e-05,1.469756045518653e-07,4.765977506315799e-06,0.0,4.77731422192629,26.5,0.0,-0.3335183375511397,-0.3335183375511397,urumchi
bus_BV10307742,6.892841754118124e-05,6.879836136704435e-05,1.300561741368893e-07,4.765977506315799e-06,0.0,4.8535215611641815,26.5,0.0,-0.3373014175427087,-0.3373014175427087,urumchi
bus_BV09163426,6.892841754118124e-05,6.882616515881597e-05,1.0225238236527122e-07,4.765977506315799e-06,0.0,4.713461067356144,58.0,0.0,-0.38102476585629275,-0.38102476585629275,urumchi
bus_BV10497054,6.892841754118124e-05,6.895644490055904e-05,-2.802735937780488e-08,4.765977506315799e-06,0.0,5.4629274033944295,26.5,0.0,-0.387156608359947,-0.387156608359947,urumchi
bus_BV11567952,6.892841754118124e-05,6.890230400940527e-05,2.6113531775969964e-08,4.765977506315799e-06,0.0,5.120188540648558,58.0,0.0,-0.38903069172752963,-0.38903069172752963,urumchi
bus_BV10874677,6.892841754118124e-05,6.879890420676963e-05,1.2951333441161108e-07,4.765977506315799e-06,0.0,4.477338632967035,58.0,0.0,-0.39095256902160175,-0.39095256902160175,urumchi
bus_BV10307944,6.892841754118124e-05,6.877063914559696e-05,1.5777839558428171e-07,4.765977506315799e-06,0.0,4.260368246336487,58.0,0.0,-0.39730877255407715,-0.39730877255407715,urumchi
bus_BV10557197,6.892841754118124e-05,6.896242424767442e-05,-3.40067064931828e-08,4.765977506315799e-06,0.0,5.423553831890515,26.5,0.0,-0.39786768923500376,-0.39786768923500376,urumchi
bus_BV10308170,6.892841754118124e-05,6.88572082978398e-05,7.120924334143731e-08,4.765977506315799e-06,0.0,4.77951745820965,38.0,0.0,-0.39839472986257113,-0.39839472986257113,urumchi
bus_BV10457720,6.892841754118124e-05,6.883060035568519e-05,9.781718549605226e-08,4.765977506315799e-06,0.0,4.569127384477791,96.5,0.0,-0.40524637244745554,-0.40524637244745554,urumchi
bus_BV10307853,6.892841754118124e-05,6.892346734602488e-05,4.950195156357856e-09,4.765977506315799e-06,0.0,5.109154166430144,16.0,0.0,-0.4087992300145558,-0.4087992300145558,urumchi
bus_BV11009809,6.892841754118124e-05,6.894293452141763e-05,-1.4516980236388053e-08,4.765977506315799e-06,0.0,5.134426615640317,26.5,0.0,-0.4219754276757722,-0.4219754276757722,urumchi
bus_BV10307713,6.892841754118124e-05,6.88496912385135e-05,7.872630266774286e-08,4.765977506315799e-06,0.0,4.418891640557093,38.0,0.0,-0.4429118653986658,-0.4429118653986658,urumchi
bus_BV10452587,6.892841754118124e-05,6.890948244954733e-05,1.8935091633911268e-08,4.765977506315799e-06,0.0,4.656963975861919,38.0,0.0,-0.460696781480155,-0.460696781480155,urumchi
bus_BV11567950,6.892841754118124e-05,6.895198394835079e-05,-2.3566407169548767e-08,4.765977506315799e-06,0.0,4.704186044781581,58.0,0.0,-0.49058805655395626,-0.49058805655395626,urumchi
bus_BV10882655,6.892841754118124e-05,6.891045215387364e-05,1.7965387307593652e-08,4.765977506315799e-06,0.0,4.3959309614375135,58.0,0.0,-0.498435499780155,-0.498435499780155,urumchi
bus_BV10435298,6.892841754118124e-05,6.894695624460498e-05,-1.8538703423746244e-08,4.765977506315799e-06,0.0,4.5166662959089,58.0,0.0,-0.5127735427798928,-0.5127735427798928,urumchi
bus_BV10885480,6.892841754118124e-05,6.891694403109183e-05,1.147351008941159e-08,4.765977506315799e-06,0.0,4.274967267751668,38.0,0.0,-0.5211226242158528,-0.5211226242158528,urumchi
bus_BV10308852,6.892841754118124e-05,6.899860787480657e-05,-7.019033362532987e-08,4.765977506315799e-06,0.0,4.259341398503516,58.0,0.0,-0.5935937427320355,-0.5935937427320355,urumchi
bus_BV10103953,2.4205739072254615e-05,2.3910112424475416e-05,2.9562664777919913e-07,0.0038156085978505727,0.017241379310344827,5.980875570542303,33.5,0.0,2.267371213865515,2.267371213865515,Dalian
bus_BV10102675,2.4205739072254615e-05,2.382577776946995e-05,3.799613027846661e-07,0.002315608597850627,0.013793103448275862,6.2810459360249125,204.0,0.0,1.9473230520261198,1.9473230520261198,Dalian
metro_BV10104040,2.4205739072254615e-05,2.4090365977813242e-05,1.1537309444137342e-07,6.560859785054163e-05,0.0,6.918014183822688,345.0,0.2,1.0910114661760004,1.0910114661760004,Dalian
bus_BV10412093,2.4205739072254615e-05,2.4073868485455743e-05,1.318705867988717e-07,-0.00018439140214943084,0.020689655172413793,6.2045430389490095,13.5,0.0,0.8817485605304907,0.8817485605304907,Dalian
bus_BV10102827,2.4205739072254615e-05,2.409512016539383e-05,1.1061890686078624e-07,6.560859785054163e-05,0.0,5.616145611557365,204.0,0.16666666666666666,0.6806144495375241,0.6806144495375241,Dalian
bus_BV09007797,2.4205739072254615e-05,2.4174797978312533e-05,3.0941093942081775e-08,0.0003156085978506251,0.0,9.156778986897683,1.5,0.058823529411764705,0.5826928895529444,0.5826928895529444,Dalian
bus_BV10102096,2.4205739072254615e-05,2.4092555540586223e-05,1.1318353166839254e-07,0.0010656085978505425,0.0,8.169578461869728,49.0,0.0,0.5408964545168072,0.5408964545168072,Dalian
bus_BV11666002,2.4205739072254615e-05,2.409840561694761e-05,1.0733345530700427e-07,6.560859785054163e-05,0.0,9.226875171451036,33.5,0.0,0.4186657543458446,0.4186657543458446,Dalian
bus_BV10103229,2.4205739072254615e-05,2.4204151602755063e-05,1.5874694995523782e-09,6.560859785054163e-05,0.0,10.723094820369242,1.5,0.0,0.39309629248209743,0.39309629248209743,Dalian
bus_BV10391236,2.4205739072254615e-05,2.4230232883092927e-05,-2.449381083831161e-08,0.0020656085978505434,0.0034482758620689655,6.522481695024399,22.5,0.0,0.3436889551059192,0.3436889551059192,Dalian
bus_BV10102078,2.4205739072254615e-05,2.4158774961752476e-05,4.69641105021391e-08,0.0003156085978506251,0.0,9.166590575394885,33.5,0.0,0.3192390508110615,0.3192390508110615,Dalian
bus_BV10101768,2.4205739072254615e-05,2.4150020814202193e-05,5.5718258052422134e-08,0.00081560859785057,0.0,8.094073983688972,8.0,0.0,0.30264502979673025,0.30264502979673025,Dalian
bus_BV10564841,2.4205739072254615e-05,2.4176764850173278e-05,2.8974222081337123e-08,0.0010656085978505425,0.0034482758620689655,6.447078761784443,127.5,0.0,0.18549007038058385,0.18549007038058385,Dalian
bus_BV10101894,2.4205739072254615e-05,2.419223031227076e-05,1.3508759983856791e-08,0.0005656085978505976,0.0034482758620689655,7.242306670685491,13.5,0.0,0.1366285421662301,0.1366285421662301,Dalian
bus_BV10101853,2.4205739072254615e-05,2.4204023405581066e-05,1.715666673548946e-09,0.0010656085978505425,0.0,7.098503620128125,13.5,0.0,0.059823573289293455,0.059823573289293455,Dalian
bus_BV10101806,2.4205739072254615e-05,2.4203929613183752e-05,1.8094590708630251e-09,6.560859785054163e-05,0.0,8.604117155867021,3.0,0.0,0.0303285341684571,0.0303285341684571,Dalian
bus_BV10101844,2.4205739072254615e-05,2.4177525404798955e-05,2.8213667455660236e-08,6.560859785054163e-05,0.0,8.173791749484648,4.5,0.0,0.026985547470440033,0.026985547470440033,Dalian
bus_BV10102561,2.4205739072254615e-05,2.4203313725778444e-05,2.425346476171014e-09,6.560859785054163e-05,0.0,8.441531390713934,13.5,0.0,0.0040917412785644106,0.0040917412785644106,Dalian
bus_BV10101799,2.4205739072254615e-05,2.4205739072254615e-05,0.0,6.560859785054163e-05,0.0,5.623635055159655,13.5,0.08333333333333333,-0.049415725895840645,-0.049415725895840645,Dalian
bus_BV10412073,2.4205739072254615e-05,2.418019593389306e-05,2.55431383615539e-08,-0.00018439140214943084,0.0034482758620689655,7.014347850890337,33.5,0.0,-0.08629753646536793,-0.08629753646536793,Dalian
bus_BV10505293,2.4205739072254615e-05,2.4089694889840157e-05,1.1604418241445809e-07,6.560859785054163e-05,0.0,6.125732587299973,127.5,0.0,-0.08987390342448891,-0.08987390342448891,Dalian
bus_BV10383560,2.4205739072254615e-05,2.4205490974506493e-05,2.4809774812226083e-10,6.560859785054163e-05,0.0,7.783199332209077,204.0,0.0,-0.11460743475548854,-0.11460743475548854,Dalian
bus_BV10101779,2.4205739072254615e-05,2.4160691141398086e-05,4.504793085652946e-08,6.560859785054163e-05,0.0,7.032881367214756,33.5,0.0,-0.12374125626549018,-0.12374125626549018,Dalian
bus_BV09007984,2.4205739072254615e-05,2.419427015351331e-05,1.1468918741303676e-08,6.560859785054163e-05,0.0,7.431693567777859,13.5,0.0,-0.14494513030583878,-0.14494513030583878,Dalian
bus_BV10101803,2.4205739072254615e-05,2.4204228484430378e-05,1.5105878242370442e-09,6.560859785054163e-05,0.0,7.485729045619287,4.5,0.0,-0.1622488895570114,-0.1622488895570114,Dalian
bus_BV10101755,2.4205739072254615e-05,2.408192247207578e-05,1.2381660017883624e-07,6.560859785054163e-05,0.0,5.5627615442222895,79.0,0.0,-0.16567408519017213,-0.16567408519017213,Dalian
bus_BV10101854,2.4205739072254615e-05,2.421200915215661e-05,-6.270079901995047e-09,6.560859785054163e-05,0.0,7.09170748343948,6.5,0.0,-0.2505747979890004,-0.2505747979890004,Dalian
bus_BV10101766,2.4205739072254615e-05,2.4143974028524953e-05,6.176504372966247e-08,6.560859785054163e-05,0.0,5.903880673144266,13.5,0.0,-0.27273836722766176,-0.27273836722766176,Dalian
bus_BV10102394,2.4205739072254615e-05,2.416499780326176e-05,4.07412689928561e-08,6.560859785054163e-05,0.0,6.160282535089497,33.5,0.0,-0.2848641339286604,-0.2848641339286604,Dalian
bus_BV10101911,2.4205739072254615e-05,2.4194605556623873e-05,1.1133515630741721e-08,0.0003156085978506251,0.0,6.141249235713873,33.5,0.0,-0.2951424679169096,-0.2951424679169096,Dalian
bus_BV10102548,2.4205739072254615e-05,2.420243689692563e-05,3.302175328985464e-09,6.560859785054163e-05,0.0,6.679049796253469,33.5,0.0,-0.2957972794482431,-0.2957972794482431,Dalian
bus_BV10391161,2.4205739072254615e-05,2.4191808335193993e-05,1.3930737060622141e-08,6.560859785054163e-05,0.0,6.474906620336972,49.0,0.0,-0.3024455943456347,-0.3024455943456347,Dalian
bus_BV10102549,2.4205739072254615e-05,2.4192327512529122e-05,1.341155972549288e-08,6.560859785054163e-05,0.0,6.482271491961433,79.0,0.0,-0.3025678849090755,-0.3025678849090755,Dalian
bus_BV10101801,2.4205739072254615e-05,2.420495601658436e-05,7.830556702564321e-10,6.560859785054163e-05,0.0,6.62309305197817,6.5,0.0,-0.31211391628055296,-0.31211391628055296,Dalian
bus_BV10387518,2.4205739072254615e-05,2.4206553190563756e-05,-8.141183091405835e-10,6.560859785054163e-05,0.0,6.608197463879835,79.0,0.0,-0.31892959709212576,-0.31892959709212576,Dalian
bus_BV10103090,2.4205739072254615e-05,2.420438887265848e-05,1.3501995961341412e-09,6.560859785054163e-05,0.0,6.284723385611118,127.5,0.0,-0.3686239983146385,-0.3686239983146385,Dalian
bus_BV10101750,2.4205739072254615e-05,2.4196394733208038e-05,9.344339046577567e-09,6.560859785054163e-05,0.0,6.135307082492275,79.0,0.0,-0.3729166781666382,-0.3729166781666382,Dalian
bus_BV10101787,2.4205739072254615e-05,2.4172067028099862e-05,3.367204415475293e-08,6.560859785054163e-05,0.0,5.6824143465187165,79.0,0.0,-0.38566978065249174,-0.38566978065249174,Dalian
bus_BV10101908,2.4205739072254615e-05,2.418311533951578e-05,2.262373273883604e-08,6.560859785054163e-05,0.0,5.803069344741662,22.5,0.0,-0.39445785926193777,-0.39445785926193777,Dalian
bus_BV10103036,2.4205739072254615e-05,2.4173117171455614e-05,3.262190079900167e-08,6.560859785054163e-05,0.0,5.563442333495003,345.0,0.0,-0.408872850618916,-0.408872850618916,Dalian
bus_BV10101826,2.4205739072254615e-05,2.4204605125644255e-05,1.1339466103600616e-09,6.560859785054163e-05,0.0,6.040046228944678,22.5,0.0,-0.41115796009809863,-0.41115796009809863,Dalian
bus_BV10102178,2.4205739072254615e-05,2.4200109088787224e-05,5.629983467391532e-09,6.560859785054163e-05,0.0,5.917773679146916,127.5,0.0,-0.4201293043224736,-0.4201293043224736,Dalian
bus_BV10101775,2.4205739072254615e-05,2.4200099092069425e-05,5.639980185190383e-09,6.560859785054163e-05,0.0,5.809412918806561,49.0,0.0,-0.43868422063494483,-0.43868422063494483,Dalian
bus_BV11040095,2.4205739072254615e-05,2.420197185277413e-05,3.767219480485008e-09,6.560859785054163e-05,0.0,5.837302234660747,79.0,0.0,-0.43889848112790025,-0.43889848112790025,Dalian
bus_BV10103833,2.4205739072254615e-05,2.4216843310445164e-05,-1.1104238190548645e-08,6.560859785054163e-05,0.0,6.010200206048474,13.5,0.0,-0.44892848164555943,-0.44892848164555943,Dalian
bus_BV10391399,2.4205739072254615e-05,2.4246073873756546e-05,-4.0334801501931174e-08,6.560859785054163e-05,0.0,6.441675920434689,49.0,0.0,-0.4529292057368906,-0.4529292057368906,Dalian
bus_BV10101857,2.4205739072254615e-05,2.4205095025758515e-05,6.440464960999416e-10,6.560859785054163e-05,0.0,5.614935126757013,13.5,0.0,-0.4853626584843827,-0.4853626584843827,Dalian
bus_BV10103638,2.4205739072254615e-05,2.4205003574883017e-05,7.354973715977637e-10,6.560859785054163e-05,0.0,5.525259056942021,49.0,0.0,-0.500496216969566,-0.500496216969566,Dalian
bus_BV10103640,2.4205739072254615e-05,2.422920148956449e-05,-2.346241730987367e-08,6.560859785054163e-05,0.0,5.587332135345492,33.5,0.0,-0.5544141632039692,-0.5544141632039692,Dalian
bus_BV10101834,2.4205739072254615e-05,2.4254247567389395e-05,-4.850849513477951e-08,6.560859785054163e-05,0.0,5.951330137998824,13.5,0.0,-0.5588213172646497,-0.5588213172646497,Dalian
bus_BV10212673,6.24219043245561e-05,6.15358051974368e-05,8.860991271192917e-07,0.0014798331804573017,0.010101010101010102,5.378838305156994,8.5,0.0,2.6746087813134105,2.6746087813134105,Xiamen
bus_BV10676193,6.24219043245561e-05,6.205969577127246e-05,3.6220855328363206e-07,0.0018492458143694046,0.00202020202020202,4.447186405392036,68.5,0.0,1.0655881628191664,1.0655881628191664,Xiamen
bus_BV11411751,6.24219043245561e-05,6.196656247280676e-05,4.5534185174933616e-07,2.1826448090012107e-06,0.0,8.549433484587038,5.0,0.07142857142857142,0.961860767190867,0.961860767190867,Xiamen
bus_BV11411750,6.24219043245561e-05,6.203037145613216e-05,3.915328684239364e-07,2.1826448090012107e-06,0.0,6.49323360952168,44.5,0.1,0.7590155303305058,0.7590155303305058,Xiamen
bus_BV09097112,6.24219043245561e-05,6.224447145438583e-05,1.7743287017025892e-07,0.000741007912633096,0.00404040404040404,4.545765438293426,28.5,0.0,0.5825301408094576,0.5825301408094576,Xiamen
bus_BV09000597,6.24219043245561e-05,6.21211735073595e-05,3.0073081719658853e-07,2.1826448090012107e-06,0.0,9.451412789225493,68.5,0.0,0.5156009480351984,0.5156009480351984,Xiamen
bus_BV11688821,6.24219043245561e-05,6.203263942625731e-05,3.8926489829878427e-07,2.1826448090012107e-06,0.0,8.254785511808322,8.5,0.0,0.4514688951919699,0.4514688951919699,Xiamen
bus_BV11324789,6.24219043245561e-05,6.239427850953351e-05,2.7625815022584124e-08,2.1826448090012107e-06,0.0,4.613956824392116,305.5,0.16666666666666666,0.4431797438039093,0.4431797438039093,Xiamen
bus_BV11688865,6.24219043245561e-05,6.244775640451004e-05,-2.5852079953944977e-08,0.0011104205465451988,0.0,7.655613036735848,2.5,0.0,0.4347267880367864,0.4347267880367864,Xiamen
bus_BV10210992,6.24219043245561e-05,6.218533328074206e-05,2.365710438140305e-07,2.1826448090012107e-06,0.0,9.266037877643267,1.0,0.0,0.4155727334301008,0.4155727334301008,Xiamen
bus_BV11363137,6.24219043245561e-05,6.223764467615538e-05,1.8425964840071798e-07,2.1826448090012107e-06,0.0,8.093749712785382,44.5,0.0,0.19188489033955292,0.19188489033955292,Xiamen
bus_BV11688952,6.24219043245561e-05,6.215604199373959e-05,2.658623308165065e-07,2.1826448090012107e-06,0.0,7.3756958149150815,44.5,0.0,0.18634583856677717,0.18634583856677717,Xiamen
bus_BV11688879,6.24219043245561e-05,6.235218552120056e-05,6.971880335553029e-08,2.1826448090012107e-06,0.0,5.253135608278254,15.5,0.09090909090909091,0.16409282840604256,0.16409282840604256,Xiamen
bus_BV10211009,6.24219043245561e-05,6.232697014216548e-05,9.493418239061289e-08,2.1826448090012107e-06,0.0,5.0357363446034435,28.5,0.09090909090909091,0.1630049147726117,0.1630049147726117,Xiamen
bus_BV09236442,6.24219043245561e-05,6.220007142116551e-05,2.218329033905819e-07,2.1826448090012107e-06,0.0,7.493534907070869,15.5,0.0,0.1518102321720315,0.1518102321720315,Xiamen
bus_BV11689231,6.24219043245561e-05,6.237317701178256e-05,4.872731277353508e-08,2.1826448090012107e-06,0.0,5.097164718440774,28.5,0.09090909090909091,0.11809851237210228,0.11809851237210228,Xiamen
bus_BV10211960,6.24219043245561e-05,6.236434827765859e-05,5.7556046897507744e-08,2.1826448090012107e-06,0.0,4.902281099796407,28.5,0.09090909090909091,0.10118687967423462,0.10118687967423462,Xiamen
bus_BV09005518,6.24219043245561e-05,6.229644493025205e-05,1.2545939430404056e-07,0.000741007912633096,0.0,4.570928093888514,107.5,0.0,-0.0018752076036658294,-0.0018752076036658294,Xiamen
bus_BV10211082,6.24219043245561e-05,6.205394396725752e-05,3.6796035729857297e-07,2.1826448090012107e-06,0.0,5.155904130300297,44.5,0.0,-0.004506853701253935,-0.004506853701253935,Xiamen
bus_BV11688866,6.24219043245561e-05,6.238833290137625e-05,3.357142317984222e-08,2.1826448090012107e-06,0.0,7.877445832850569,28.5,0.0,-0.012552667396551559,-0.012552667396551559,Xiamen
bus_BV11688951,6.24219043245561e-05,6.245299827390343e-05,-3.109394934733896e-08,2.1826448090012107e-06,0.0,8.382319003783962,5.0,0.0,-0.01709121941959174,-0.01709121941959174,Xiamen
bus_BV10422483,6.24219043245561e-05,6.236168762079966e-05,6.021670375643007e-08,2.1826448090012107e-06,0.0,7.351507517436463,2.5,0.0,-0.05493141878009221,-0.05493141878009221,Xiamen
bus_BV11688938,6.24219043245561e-05,6.235314028431073e-05,6.876404024536435e-08,2.1826448090012107e-06,0.0,7.240935102430237,44.5,0.0,-0.06043345008265261,-0.06043345008265261,Xiamen
bus_BV10877941,6.24219043245561e-05,6.218250329310532e-05,2.3940103145077296e-07,2.1826448090012107e-06,0.0,5.772464428577685,305.5,0.0,-0.06741847776526834,-0.06741847776526834,Xiamen
bus_BV09109472,6.24219043245561e-05,6.22244960575025e-05,1.97408267053599e-07,2.1826448090012107e-06,0.0,6.066356121264621,15.5,0.0,-0.07509338207877674,-0.07509338207877674,Xiamen
bus_BV11688964,6.24219043245561e-05,6.248342705627902e-05,-6.152273172292287e-08,0.0011104205465451988,0.0,4.241538383503391,28.5,0.0,-0.08174032685512753,-0.08174032685512753,Xiamen
bus_BV09109470,6.24219043245561e-05,6.224665000018422e-05,1.7525432437186922e-07,2.1826448090012107e-06,0.0,5.857510096700602,15.5,0.0,-0.12979214398983466,-0.12979214398983466,Xiamen
bus_BV11363124,6.24219043245561e-05,6.23252852274952e-05,9.661909706089593e-08,2.1826448090012107e-06,0.0,6.362465149829702,181.0,0.0,-0.15048096273376776,-0.15048096273376776,Xiamen
bus_BV11688882,6.24219043245561e-05,6.238080956924967e-05,4.109475530642015e-08,2.1826448090012107e-06,0.0,6.67147915713235,8.5,0.0,-0.17170563746345474,-0.17170563746345474,Xiamen
bus_BV09166275,6.24219043245561e-05,6.241636492400165e-05,5.539400554438944e-09,0.00037159527872099307,0.0,5.492584839625253,44.5,0.0,-0.1946270517432388,-0.1946270517432388,Xiamen
bus_BV09002481,6.24219043245561e-05,6.241893986244302e-05,2.96446211306943e-09,2.1826448090012107e-06,0.0,6.430404828226368,5.0,0.0,-0.24937317827107514,-0.24937317827107514,Xiamen
bus_BV10211696,6.24219043245561e-05,6.218360340523292e-05,2.383009193231714e-07,2.1826448090012107e-06,0.0,4.35408498970864,498.5,0.0,-0.2661132843628644,-0.2661132843628644,Xiamen
bus_BV11114518,6.24219043245561e-05,6.245398309084138e-05,-3.207876628528528e-08,0.00037159527872099307,0.0,5.275996571225354,68.5,0.0,-0.26829393803985824,-0.26829393803985824,Xiamen
bus_BV09008068,6.24219043245561e-05,6.24764724486137e-05,-5.456812405760106e-08,2.1826448090012107e-06,0.0,6.605258049092624,28.5,0.0,-0.29159481938551357,-0.29159481938551357,Xiamen
bus_BV10211068,6.24219043245561e-05,6.239919136432312e-05,2.271296023297325e-08,2.1826448090012107e-06,0.0,5.815124021679838,15.5,0.0,-0.3121662334482853,-0.3121662334482853,Xiamen
bus_BV09001521,6.24219043245561e-05,6.234923693194407e-05,7.266739261202243e-08,2.1826448090012107e-06,0.0,5.155853860712777,181.0,0.0,-0.34613698744877563,-0.34613698744877563,Xiamen
bus_BV10747363,6.24219043245561e-05,6.241397175294657e-05,7.932571609523269e-09,2.1826448090012107e-06,0.0,5.63716636121621,28.5,0.0,-0.3540352582383891,-0.3540352582383891,Xiamen
bus_BV11687802,6.24219043245561e-05,6.237460978367694e-05,4.729454087914868e-08,2.1826448090012107e-06,0.0,5.135545536077988,181.0,0.0,-0.3783174134595782,-0.3783174134595782,Xiamen
bus_BV10620769,6.24219043245561e-05,6.23227376018077e-05,9.916672274840022e-08,2.1826448090012107e-06,0.0,4.685144405847977,68.5,0.0,-0.380997366577845,-0.380997366577845,Xiamen
bus_BV10211205,6.24219043245561e-05,6.232599962558452e-05,9.590469897157231e-08,2.1826448090012107e-06,0.0,4.69486150506631,107.5,0.0,-0.38341867922730716,-0.38341867922730716,Xiamen
bus_BV10396634,6.24219043245561e-05,6.234789142298987e-05,7.401290156622178e-08,2.1826448090012107e-06,0.0,4.816716675166618,15.5,0.0,-0.3917843666407896,-0.3917843666407896,Xiamen
bus_BV11688885,6.24219043245561e-05,6.242170345309329e-05,2.00871462800907e-10,2.1826448090012107e-06,0.0,5.373029839116714,15.5,0.0,-0.3997447918006714,-0.3997447918006714,Xiamen
bus_BV10212018,6.24219043245561e-05,6.241382850961847e-05,8.07581493762451e-09,2.1826448090012107e-06,0.0,4.84045699790231,28.5,0.0,-0.46476231354600744,-0.46476231354600744,Xiamen
bus_BV09005592,6.24219043245561e-05,6.241349525545549e-05,8.409069100605033e-09,2.1826448090012107e-06,0.0,4.659180538096861,8.5,0.0,-0.48960836989567647,-0.48960836989567647,Xiamen
bus_BV11688954,6.24219043245561e-05,6.242657633769216e-05,-4.672013136064988e-09,2.1826448090012107e-06,0.0,4.592574727052454,15.5,0.0,-0.5140125788449678,-0.5140125788449678,Xiamen
bus_BV10332054,6.24219043245561e-05,6.241654959745542e-05,5.3547271006772505e-09,2.1826448090012107e-06,0.0,4.4718445946777505,15.5,0.0,-0.519216931772545,-0.519216931772545,Xiamen
bus_BV10212552,6.24219043245561e-05,6.24116649474866e-05,1.0239377069498558e-08,2.1826448090012107e-06,0.0,4.28133952564975,44.5,0.0,-0.540082014438061,-0.540082014438061,Xiamen
bus_BV10655502,6.24219043245561e-05,6.245092674587848e-05,-2.902242132239003e-08,2.1826448090012107e-06,0.0,4.448705623249785,68.5,0.0,-0.5622083826167708,-0.5622083826167708,Xiamen
bus_BV11031608,6.24219043245561e-05,6.250440322701773e-05,-8.249890246163729e-08,2.1826448090012107e-06,0.0,4.461206741473022,68.5,0.0,-0.6223350775365716,-0.6223350775365716,Xiamen
bus_BV11396624,6.24219043245561e-05,6.247970582128898e-05,-5.780149673289105e-08,2.1826448090012107e-06,0.0,4.243063379762364,44.5,0.0,-0.6241258020998999,-0.6241258020998999,Xiamen
bus_BV10085752,4.6581949367598004e-05,4.562949917928541e-05,9.524501883125932e-07,0.0105722866722614,0.018072289156626505,6.066020477933986,94.5,0.0,3.520950555231596,3.520950555231596,Taiyuan
bus_BV10084988,4.6581949367598004e-05,4.540608513448518e-05,1.1758642331128233e-06,7.637122348969072e-07,0.0,19.949016253669505,1.0,0.0,2.1033744513201573,2.1033744513201573,Taiyuan
bus_BV11492771,4.6581949367598004e-05,4.627807580370724e-05,3.038735638907666e-07,0.003634724729744021,0.014056224899598393,4.525736829344163,94.5,0.0,1.3466486880276567,1.3466486880276567,Taiyuan
bus_BV11321892,4.6581949367598004e-05,4.639679903109271e-05,1.8515033650529474e-07,0.003304364637243151,0.010040160642570281,4.8965694309074825,254.0,0.0,0.9162624913866289,0.9162624913866289,Taiyuan
bus_BV10085441,4.6581949367598004e-05,4.581700077338248e-05,7.649485942155216e-07,0.0006614838972365256,0.004016064257028112,5.913611459311298,162.0,0.0,0.779902558419708,0.779902558419708,Taiyuan
bus_BV09269771,4.6581949367598004e-05,4.621620740547257e-05,3.6574196212543384e-07,0.0006614838972365256,0.002008032128514056,11.43977721342929,2.5,0.0,0.7207653706926902,0.7207653706926902,Taiyuan
bus_BV11014692,4.6581949367598004e-05,4.640577850344686e-05,1.7617086415114232e-07,0.001652564174739024,0.002008032128514056,7.79306555921303,36.0,0.0,0.34043081664946573,0.34043081664946573,Taiyuan
bus_BV11689104,4.6581949367598004e-05,4.631129350168615e-05,2.7065586591185564e-07,7.637122348969072e-07,0.0,10.93732958175326,2.5,0.0,0.3292623849293096,0.3292623849293096,Taiyuan
bus_BV09007760,4.6581949367598004e-05,4.6441173672857553e-05,1.407756947404505e-07,7.637122348969072e-07,0.0,12.418762611894044,5.5,0.0,0.32811100223997924,0.32811100223997924,Taiyuan
bus_BV10085169,4.6581949367598004e-05,4.6041526092176965e-05,5.404232754210387e-07,7.637122348969072e-07,0.0,7.665168807455936,7.0,0.0,0.3138298417221027,0.3138298417221027,Taiyuan
bus_BV10085034,4.6581949367598004e-05,4.6412940372192796e-05,1.6900899540520797e-07,7.637122348969072e-07,0.0,10.745042733539243,4.0,0.0,0.20490666151858689,0.20490666151858689,Taiyuan
bus_BV11048550,4.6581949367598004e-05,4.6555111278539135e-05,2.683808905886868e-08,0.001982924267239894,0.002008032128514056,7.04035930888382,13.0,0.0,0.16542381389024602,0.16542381389024602,Taiyuan
bus_BV10085157,4.6581949367598004e-05,4.645292925525657e-05,1.2902011234143057e-07,0.00033112380473576675,0.002008032128514056,8.474774685197431,5.5,0.0,0.15061872713718003,0.15061872713718003,Taiyuan
bus_BV11215313,4.6581949367598004e-05,4.640870120272095e-05,1.732481648770553e-07,0.0013222040822382652,0.004016064257028112,4.649236431504187,55.5,0.0,0.14403163359629081,0.14403163359629081,Taiyuan
bus_BV11201788,4.6581949367598004e-05,4.603275326622642e-05,5.491961013715822e-07,7.637122348969072e-07,0.0,4.926904729954903,162.0,0.0,0.07295087150735671,0.07295087150735671,Taiyuan
bus_BV09000626,4.6581949367598004e-05,4.6477066468573364e-05,1.0488289902463972e-07,7.637122348969072e-07,0.0,8.956348271307009,18.5,0.0,-0.02583446654255203,-0.02583446654255203,Taiyuan
bus_BV11094446,4.6581949367598004e-05,4.634198928180536e-05,2.3996008579264176e-07,7.637122348969072e-07,0.0,6.595593329785489,55.5,0.0,-0.09953471864411616,-0.09953471864411616,Taiyuan
bus_BV11215312,4.6581949367598004e-05,4.623018858769021e-05,3.5176077990779135e-07,7.637122348969072e-07,0.0,4.98696888351597,24.5,0.0,-0.12899508208544702,-0.12899508208544702,Taiyuan
bus_BV11623925,4.6581949367598004e-05,4.6521762277933284e-05,6.018708966472005e-08,0.0009918439897373954,0.002008032128514056,5.0521946584131285,406.0,0.0,-0.13302803968262825,-0.13302803968262825,Taiyuan
bus_BV11570754,4.6581949367598004e-05,4.629416782632828e-05,2.8778154126972227e-07,7.637122348969072e-07,0.0,5.662139693048774,36.0,0.0,-0.13454781338887395,-0.13454781338887395,Taiyuan
bus_BV10085541,4.6581949367598004e-05,4.653195202190175e-05,4.999734569625637e-08,7.637122348969072e-07,0.0,8.089472654970226,8.5,0.0,-0.16267399547485387,-0.16267399547485387,Taiyuan
bus_BV11206644,4.6581949367598004e-05,4.637825804398282e-05,2.0369132361518672e-07,7.637122348969072e-07,0.0,6.22136937942535,13.0,0.0,-0.17181911983993167,-0.17181911983993167,Taiyuan
bus_BV11048565,4.6581949367598004e-05,4.64787623593752e-05,1.0318700822280652e-07,7.637122348969072e-07,0.0,7.23697481256092,24.5,0.0,-0.18465308298246952,-0.18465308298246952,Taiyuan
bus_BV11318669,4.6581949367598004e-05,4.6366556789230176e-05,2.1539257836782793e-07,0.00033112380473576675,0.0,5.355514550216127,706.5,0.0,-0.18797292643005342,-0.18797292643005342,Taiyuan
bus_BV11303244,4.6581949367598004e-05,4.646247309985606e-05,1.1947626774194312e-07,0.0013222040822382652,0.0,4.431577875733248,406.0,0.0,-0.22122947399730888,-0.22122947399730888,Taiyuan
bus_BV11433143,4.6581949367598004e-05,4.649434890691678e-05,8.76004606812256e-08,0.00033112380473576675,0.0,6.367072930585881,18.5,0.0,-0.2298459566573658,-0.2298459566573658,Taiyuan
bus_BV10085340,4.6581949367598004e-05,4.636886804826777e-05,2.1308131933023635e-07,7.637122348969072e-07,0.0,5.132228499679176,24.5,0.0,-0.2614290334650376,-0.2614290334650376,Taiyuan
bus_BV10085289,4.6581949367598004e-05,4.6543993036793866e-05,3.7956330804138436e-08,7.637122348969072e-07,0.0,6.997679551873039,162.0,0.0,-0.27504224920813136,-0.27504224920813136,Taiyuan
bus_BV11278163,4.6581949367598004e-05,4.63362497155071e-05,2.456996520909036e-07,7.637122348969072e-07,0.0,4.604286751639838,36.0,0.0,-0.27537808386011686,-0.27537808386011686,Taiyuan
bus_BV11201787,4.6581949367598004e-05,4.6552690631755185e-05,2.925873584281875e-08,0.00033112380473576675,0.002008032128514056,4.887208847412197,13.0,0.0,-0.28185966553928155,-0.28185966553928155,Taiyuan
bus_BV10789519,4.6581949367598004e-05,4.65301467543829e-05,5.1802613215103305e-08,7.637122348969072e-07,0.0,6.590009141214923,36.0,0.0,-0.2977289791603103,-0.2977289791603103,Taiyuan
bus_BV10700197,4.6581949367598004e-05,4.655958816566745e-05,2.236120193055565e-08,0.00033112380473576675,0.0,6.3493718447799035,8.5,0.0,-0.3000051073655019,-0.3000051073655019,Taiyuan
bus_BV11207784,4.6581949367598004e-05,4.655112643945842e-05,3.082292813958419e-08,7.637122348969072e-07,0.0,6.531767745919854,13.0,0.0,-0.3250903109142306,-0.3250903109142306,Taiyuan
bus_BV11048561,4.6581949367598004e-05,4.65161552013529e-05,6.57941662451022e-08,7.637122348969072e-07,0.0,5.899356855073392,24.5,0.0,-0.34610888461996847,-0.34610888461996847,Taiyuan
bus_BV11447106,4.6581949367598004e-05,4.6387593127100794e-05,1.943562404972099e-07,7.637122348969072e-07,0.0,4.345190930489913,162.0,0.0,-0.3529853059811397,-0.3529853059811397,Taiyuan
bus_BV10085096,4.6581949367598004e-05,4.655099842772442e-05,3.0950939873582574e-08,7.637122348969072e-07,0.0,5.873771172562812,36.0,0.0,-0.3850531252106675,-0.3850531252106675,Taiyuan
bus_BV09130313,4.6581949367598004e-05,4.6450918338147406e-05,1.310310294505977e-07,7.637122348969072e-07,0.0,4.67885381188334,24.5,0.0,-0.3890421015229245,-0.3890421015229245,Taiyuan
bus_BV11206642,4.6581949367598004e-05,4.655666834065862e-05,2.528102693938409e-08,7.637122348969072e-07,0.0,5.718861579042024,13.0,0.0,-0.4051585935277792,-0.4051585935277792,Taiyuan
bus_BV10085230,4.6581949367598004e-05,4.6503432003046934e-05,7.851736455107038e-08,7.637122348969072e-07,0.0,4.876158489730925,24.5,0.0,-0.42619405097998464,-0.42619405097998464,Taiyuan
bus_BV10085539,4.6581949367598004e-05,4.6562028293188294e-05,1.9921074409710274e-08,7.637122348969072e-07,0.0,5.471262693442742,18.5,0.0,-0.4334040700258627,-0.4334040700258627,Taiyuan
bus_BV10086340,4.6581949367598004e-05,4.6536892045765823e-05,4.505732183218052e-08,7.637122348969072e-07,0.0,5.0868937588861725,13.0,0.0,-0.44210099137827114,-0.44210099137827114,Taiyuan
bus_BV10831178,4.6581949367598004e-05,4.654433539557602e-05,3.7613972021986156e-08,7.637122348969072e-07,0.0,4.981482298610394,18.5,0.0,-0.4595488378772799,-0.4595488378772799,Taiyuan
bus_BV11207824,4.6581949367598004e-05,4.6540658309048616e-05,4.129105854938842e-08,7.637122348969072e-07,0.0,4.763611614389863,55.5,0.0,-0.4755845245166934,-0.4755845245166934,Taiyuan
bus_BV10085156,4.6581949367598004e-05,4.6513844916596506e-05,6.810445100149796e-08,7.637122348969072e-07,0.0,4.398259736012375,36.0,0.0,-0.4807824844362347,-0.4807824844362347,Taiyuan
bus_BV09268233,4.6581949367598004e-05,4.6548261809484434e-05,3.368755811357035e-08,7.637122348969072e-07,0.0,4.77222707220151,1158.5,0.0,-0.4827861220878542,-0.4827861220878542,Taiyuan
bus_BV10084989,4.6581949367598004e-05,4.652959165304793e-05,5.235771455007108e-08,7.637122348969072e-07,0.0,4.475418576967965,94.5,0.0,-0.4902792996433924,-0.4902792996433924,Taiyuan
bus_BV10789416,4.6581949367598004e-05,4.65627929511548e-05,1.9156416443200715e-08,7.637122348969072e-07,0.0,4.8136827514470895,94.5,0.0,-0.49426669903793985,-0.49426669903793985,Taiyuan
bus_BV11160284,4.6581949367598004e-05,4.653501520421313e-05,4.693416338487724e-08,7.637122348969072e-07,0.0,4.2960212578328525,254.0,0.0,-0.5123624887287694,-0.5123624887287694,Taiyuan
bus_BV11206656,4.6581949367598004e-05,4.658091741996285e-05,1.0319476351523392e-09,7.637122348969072e-07,0.0,4.454816676090236,13.0,0.0,-0.5460854349107079,-0.5460854349107079,Taiyuan
bus_BV10085011,4.6581949367598004e-05,4.6635764709756635e-05,-5.381534215863083e-08,7.637122348969072e-07,0.0,4.286762696153269,55.5,0.0,-0.6190587485452786,-0.6190587485452786,Taiyuan
bus_BV10852760,2.7233931036676288e-05,2.387413673811685e-05,3.359794298559437e-06,0.18933236325201663,0.30364372469635625,10.388759065362851,27.5,0.0,3.363933448857317,3.363933448857317,Wuhu
bus_BV11070148,2.7233931036676288e-05,2.3986004170073606e-05,3.2479268666026823e-06,0.18531629899498847,0.29554655870445345,8.451315762746715,27.5,0.0,3.0628579184037457,3.0628579184037457,Wuhu
bus_BV11662674,2.7233931036676288e-05,2.6460947618068396e-05,7.729834186078917e-07,3.619706405610934e-06,0.0,10.07604355338028,2.0,0.07142857142857142,1.1052494321096424,1.1052494321096424,Wuhu
bus_BV11259102,2.7233931036676288e-05,2.717696995121669e-05,5.69610854595965e-08,3.619706405610934e-06,0.0,5.493732377675809,47.0,0.14285714285714285,1.0146085507864002,1.0146085507864002,Wuhu
bus_BV09061634,2.7233931036676288e-05,2.7163085849157346e-05,7.084518751894145e-08,0.00029048143905041623,0.0,14.789755351575069,4.5,0.0,0.7731170711492151,0.7731170711492151,Wuhu
bus_BV10648101,2.7233931036676288e-05,2.7227419895475068e-05,6.5111412012198034e-09,3.619706405610934e-06,0.0,9.379427238792921,1.0,0.0,0.14579268976422133,0.14579268976422133,Wuhu
bus_BV11471898,2.7233931036676288e-05,2.7155081711414914e-05,7.884932526137413e-08,3.619706405610934e-06,0.0,8.339018946249176,17.0,0.0,0.05168411651798475,0.05168411651798475,Wuhu
bus_BV09342040,2.7233931036676288e-05,2.7209836803528315e-05,2.4094233147972476e-08,3.619706405610934e-06,0.0,7.8267032954249744,83.5,0.0,-0.022636226557610318,-0.022636226557610318,Wuhu
bus_BV10743624,2.7233931036676288e-05,2.7200429065494055e-05,3.3501971182232606e-08,3.619706405610934e-06,0.0,7.786575826107523,10.0,0.0,-0.02421710045816963,-0.02421710045816963,Wuhu
bus_BV10725760,2.7233931036676288e-05,2.7169919640012495e-05,6.40113966637926e-08,3.619706405610934e-06,0.0,7.300452182327287,10.0,0.0,-0.06920727353731053,-0.06920727353731053,Wuhu
bus_BV11377110,2.7233931036676288e-05,2.7197375488910077e-05,3.655554776621118e-08,3.619706405610934e-06,0.0,7.37355381226409,160.5,0.0,-0.06952153674829546,-0.06952153674829546,Wuhu
bus_BV10174279,2.7233931036676288e-05,2.7226733358282822e-05,7.197678393465392e-09,3.619706405610934e-06,0.0,7.288720366285281,10.0,0.0,-0.0881100649380766,-0.0881100649380766,Wuhu
bus_BV09310034,2.7233931036676288e-05,2.723633188555689e-05,-2.4008488806024253e-09,3.619706405610934e-06,0.0,7.249442498922569,17.0,0.0,-0.09547998943840011,-0.09547998943840011,Wuhu
bus_BV11190676,2.7233931036676288e-05,2.719181073110756e-05,4.212030556872699e-08,3.619706405610934e-06,0.0,6.963670901583872,10.0,0.0,-0.11369701766865958,-0.11369701766865958,Wuhu
bus_BV10843581,2.7233931036676288e-05,2.7199655672301787e-05,3.427536437450104e-08,3.619706405610934e-06,0.0,6.9682245931495785,10.0,0.0,-0.11561583100342715,-0.11561583100342715,Wuhu
bus_BV10733830,2.7233931036676288e-05,2.6881208652370818e-05,3.5272238430546964e-07,0.0025853753002094138,0.0020242914979757085,5.8505418719802025,27.5,0.0,-0.12121070439450929,-0.12121070439450929,Wuhu
bus_BV11485791,2.7233931036676288e-05,2.7232372812651423e-05,1.558224024864849e-09,3.619706405610934e-06,0.0,6.961514932297832,47.0,0.0,-0.12649613801237908,-0.12649613801237908,Wuhu
bus_BV11478845,2.7233931036676288e-05,2.717818575260073e-05,5.574528407555841e-08,3.619706405610934e-06,0.0,6.732841666192456,83.5,0.0,-0.13532686391654078,-0.13532686391654078,Wuhu
bus_BV10432893,2.7233931036676288e-05,2.722519894631179e-05,8.732090364496658e-09,3.619706405610934e-06,0.0,6.746491517829478,4.5,0.0,-0.14835327685355326,-0.14835327685355326,Wuhu
bus_BV10832385,2.7233931036676288e-05,2.7177091741414894e-05,5.6839295261393476e-08,0.0017247901022747758,0.004048582995951417,6.379693124858378,10.0,0.0,-0.15135260728271469,-0.15135260728271469,Wuhu
bus_BV10573088,2.7233931036676288e-05,2.696984747574258e-05,2.6408356093370836e-07,3.619706405610934e-06,0.0,5.897668989056878,47.0,0.0,-0.16434881030001824,-0.16434881030001824,Wuhu
bus_BV10738613,2.7233931036676288e-05,2.7189064433497075e-05,4.486660317921297e-08,3.619706405610934e-06,0.0,6.370883706715064,47.0,0.0,-0.17922651340319792,-0.17922651340319792,Wuhu
bus_BV11377855,2.7233931036676288e-05,2.7230243931971266e-05,3.6871047050213938e-09,3.619706405610934e-06,0.0,6.474000820547033,10.0,0.0,-0.18042840470494872,-0.18042840470494872,Wuhu
bus_BV10174688,2.7233931036676288e-05,2.7200180363260477e-05,3.37506734158107e-08,3.619706405610934e-06,0.0,6.25164014925112,160.5,0.0,-0.19602069301408054,-0.19602069301408054,Wuhu
bus_BV10787635,2.7233931036676288e-05,2.7214313705879027e-05,1.9617330797261042e-08,3.619706405610934e-06,0.0,6.184963250471661,27.5,0.0,-0.2078626768007085,-0.2078626768007085,Wuhu
bus_BV11662672,2.7233931036676288e-05,2.7226102210516438e-05,7.828826159849849e-09,3.619706405610934e-06,0.0,6.183942672076938,4.5,0.0,-0.21162658720582467,-0.21162658720582467,Wuhu
bus_BV10174389,2.7233931036676288e-05,2.720899531757752e-05,2.4935719098767475e-08,3.619706405610934e-06,0.0,6.041940045389214,17.0,0.0,-0.22223174415194172,-0.22223174415194172,Wuhu
bus_BV10174299,2.7233931036676288e-05,2.7219831527347962e-05,1.4099509328325448e-08,3.619706405610934e-06,0.0,6.0095340238175945,17.0,0.0,-0.2292153427453596,-0.2292153427453596,Wuhu
bus_BV10174304,2.7233931036676288e-05,2.725601290904656e-05,-2.2081872370273317e-08,3.619706405610934e-06,0.0,5.986379151010335,4.5,0.0,-0.2430096699284337,-0.2430096699284337,Wuhu
bus_BV10762285,2.7233931036676288e-05,2.7138102698249275e-05,9.582833842701312e-08,3.619706405610934e-06,0.0,5.627435445228533,83.5,0.0,-0.2466997722863063,-0.2466997722863063,Wuhu
bus_BV10832367,2.7233931036676288e-05,2.6952087960687042e-05,2.818430759892456e-07,3.619706405610934e-06,0.0,5.087540050470718,17.0,0.0,-0.2495680485122464,-0.2495680485122464,Wuhu
bus_BV11380770,2.7233931036676288e-05,2.7192909513256246e-05,4.1021523420041467e-08,3.619706405610934e-06,0.0,5.743292802666155,160.5,0.0,-0.2506939321686143,-0.2506939321686143,Wuhu
bus_BV10174615,2.7233931036676288e-05,2.713994997216018e-05,9.398106451610839e-08,3.619706405610934e-06,0.0,5.574382006369547,160.5,0.0,-0.2532125455100454,-0.2532125455100454,Wuhu
bus_BV10174845,2.7233931036676288e-05,2.6930206518218845e-05,3.0372451845744305e-07,3.619706405610934e-06,0.0,4.814430475185142,160.5,0.0,-0.2733762702655517,-0.2733762702655517,Wuhu
bus_BV10174692,2.7233931036676288e-05,2.7059058030033557e-05,1.7487300664273064e-07,0.00029048143905041623,0.0,5.142776466943018,83.5,0.0,-0.27493596138552084,-0.27493596138552084,Wuhu
bus_BV10174212,2.7233931036676288e-05,2.7204685355755806e-05,2.92456809204819e-08,3.619706405610934e-06,0.0,5.40529803713563,17.0,0.0,-0.29218796082339893,-0.29218796082339893,Wuhu
bus_BV11103677,2.7233931036676288e-05,2.7191798314349398e-05,4.213272232689023e-08,3.619706405610934e-06,0.0,5.299784602616328,83.5,0.0,-0.30001352627394023,-0.30001352627394023,Wuhu
bus_BV10174436,2.7233931036676288e-05,2.7188348797606037e-05,4.5582239070250885e-08,3.619706405610934e-06,0.0,5.273286224972897,83.5,0.0,-0.3019128456849237,-0.3019128456849237,Wuhu
bus_BV10544344,2.7233931036676288e-05,2.7218871758706776e-05,1.505927796951185e-08,3.619706405610934e-06,0.0,5.347053650641415,160.5,0.0,-0.3031021072264008,-0.3031021072264008,Wuhu
bus_BV10843569,2.7233931036676288e-05,2.7207788129036753e-05,2.6142907639534814e-08,0.0014379283696298595,0.0020242914979757085,5.179116687593545,47.0,0.0,-0.3037580308390655,-0.3037580308390655,Wuhu
bus_BV10174504,2.7233931036676288e-05,2.7209891664333606e-05,2.4039372342681784e-08,3.619706405610934e-06,0.0,5.23298016492193,27.5,0.0,-0.3130957784479736,-0.3130957784479736,Wuhu
bus_BV10842980,2.7233931036676288e-05,2.714711702098845e-05,8.681401568783848e-08,3.619706405610934e-06,0.0,5.055573229772151,160.5,0.0,-0.31352710367444625,-0.31352710367444625,Wuhu
bus_BV10445271,2.7233931036676288e-05,2.7231938813634767e-05,1.9922230415211288e-09,3.619706405610934e-06,0.0,5.247133255232161,83.5,0.0,-0.31833655093190893,-0.31833655093190893,Wuhu
bus_BV11509012,2.7233931036676288e-05,2.721305731157575e-05,2.087372510053642e-08,3.619706405610934e-06,0.0,5.191641811033064,539.5,0.0,-0.3187048658398468,-0.3187048658398468,Wuhu
bus_BV10697609,2.7233931036676288e-05,2.723059340440178e-05,3.337632274507882e-09,3.619706405610934e-06,0.0,5.233105947914919,83.5,0.0,-0.3194907870504837,-0.3194907870504837,Wuhu
bus_BV10732557,2.7233931036676288e-05,2.717027323037737e-05,6.365780629891916e-08,3.619706405610934e-06,0.0,4.857403424177145,83.5,0.0,-0.3428869415620109,-0.3428869415620109,Wuhu
bus_BV10724231,2.7233931036676288e-05,2.721846457972657e-05,1.5466456949718302e-08,3.619706405610934e-06,0.0,4.9665774345395866,47.0,0.0,-0.3455814006635736,-0.3455814006635736,Wuhu
bus_BV11601716,2.7233931036676288e-05,2.7196692371487385e-05,3.723866518890297e-08,3.619706405610934e-06,0.0,4.84952734017861,47.0,0.0,-0.3519480531416619,-0.3519480531416619,Wuhu
bus_BV10476652,2.7233931036676288e-05,2.7225508222228337e-05,8.422814447950577e-09,3.619706405610934e-06,0.0,4.90672234182053,83.5,0.0,-0.3544645706850493,-0.3544645706850493,Wuhu
bus_BV11381231,2.7233931036676288e-05,2.724439623508022e-05,-1.0465198403932554e-08,3.619706405610934e-06,0.0,4.779565013335308,160.5,0.0,-0.37455110155139365,-0.37455110155139365,Wuhu
bus_BV10897726,5.5881872118423766e-05,5.5671738817322536e-05,2.1013330110122922e-07,0.005574188320845996,0.004640371229698376,5.171718662736342,217.5,0.0,1.5021915230958982,1.5021915230958982,Kunming
bus_BV11007931,5.5881872118423766e-05,5.4507633701941716e-05,1.3742384164820498e-06,0.0008958257477466036,0.004640371229698376,7.560702015024059,2.5,0.0,1.254276384077311,1.254276384077311,Kunming
bus_BV10286896,5.5881872118423766e-05,5.486683509445919e-05,1.0150370239645788e-06,0.0003110304261091379,0.0069605568445475635,7.544606943298703,4.0,0.0,1.1773727630261481,1.1773727630261481,Kunming
bus_BV10288123,5.5881872118423766e-05,5.562618333897954e-05,2.5568877944422304e-07,0.002065416391021424,0.0069605568445475635,5.677920786224176,23.0,0.0,1.0036186330196226,1.0036186330196226,Kunming
bus_BV10801215,5.5881872118423766e-05,5.572107093912051e-05,1.6080117930325765e-07,1.863276529046054e-05,0.0,17.704060322876746,2.5,0.0,0.8513431493433524,0.8513431493433524,Kunming
bus_BV10801217,5.5881872118423766e-05,5.555937664362216e-05,3.2249547480160337e-07,1.863276529046054e-05,0.0,7.88870832862789,57.0,0.1,0.7882770412411662,0.7882770412411662,Kunming
bus_BV10286972,5.5881872118423766e-05,5.378359168253782e-05,2.098280435885945e-06,1.863276529046054e-05,0.0,6.122702355782558,13.0,0.0,0.7877977768657621,0.7877977768657621,Kunming
bus_BV10391663,5.5881872118423766e-05,5.582822718924901e-05,5.364492917475606e-08,0.001188223408565281,0.004640371229698376,5.988367624129265,23.0,0.0,0.4614859826709674,0.4614859826709674,Kunming
bus_BV10287843,5.5881872118423766e-05,5.5808253591606723e-05,7.361852681704215e-08,1.863276529046054e-05,0.0,7.720912202770795,13.0,0.07692307692307693,0.45625053172549446,0.45625053172549446,Kunming
bus_BV11494087,5.5881872118423766e-05,5.568489633265138e-05,1.9697578577238363e-07,1.863276529046054e-05,0.0,13.210361649087966,1.0,0.0,0.44118745548038074,0.44118745548038074,Kunming
bus_BV11000139,5.5881872118423766e-05,5.5838778997767384e-05,4.309312065638117e-08,1.863276529046054e-05,0.0,6.029653258014306,23.0,0.08333333333333333,0.3286347899030416,0.3286347899030416,Kunming
bus_BV10287603,5.5881872118423766e-05,5.5796376246036035e-05,8.549587238773073e-08,0.0006034280869279263,0.004640371229698376,5.809615915644537,6.0,0.0,0.3236230664153674,0.3236230664153674,Kunming
bus_BV10287243,5.5881872118423766e-05,5.587251655603131e-05,9.355562392455584e-09,1.863276529046054e-05,0.0,5.1532440357335165,23.0,0.08333333333333333,0.2266661511482858,0.2266661511482858,Kunming
bus_BV10287088,5.5881872118423766e-05,5.586871494713801e-05,1.3157171285753237e-08,1.863276529046054e-05,0.0,4.989211898083018,13.0,0.07692307692307693,0.16250056646596817,0.16250056646596817,Kunming
bus_BV10287132,5.5881872118423766e-05,5.581223511588995e-05,6.963700253381235e-08,0.0003110304261091379,0.002320185614849188,5.749190234624191,23.0,0.0,-0.015736948456152353,-0.015736948456152353,Kunming
bus_BV10288230,5.5881872118423766e-05,5.517017837460302e-05,7.116937438207455e-07,1.863276529046054e-05,0.0,5.308932276133782,57.0,0.0,-0.03698322658276352,-0.03698322658276352,Kunming
bus_BV10430375,5.5881872118423766e-05,5.585885018576335e-05,2.3021932660416313e-08,0.001188223408565281,0.0,5.901188844483803,9.0,0.0,-0.07549381396529231,-0.07549381396529231,Kunming
bus_BV10287257,5.5881872118423766e-05,5.577918064452861e-05,1.0269147389515773e-07,1.863276529046054e-05,0.0,8.292201902333918,57.0,0.0,-0.07983134644256927,-0.07983134644256927,Kunming
bus_BV10807199,5.5881872118423766e-05,5.572254998407892e-05,1.5932213434484356e-07,1.863276529046054e-05,0.0,7.590497889590916,137.5,0.0,-0.11641358713188014,-0.11641358713188014,Kunming
bus_BV10854025,5.5881872118423766e-05,5.583689191521931e-05,4.4980203204453284e-08,0.0003110304261091379,0.0,7.21170813091093,39.0,0.0,-0.14526205655253305,-0.14526205655253305,Kunming
bus_BV10287260,5.5881872118423766e-05,5.573439777618315e-05,1.4747434224061343e-07,1.863276529046054e-05,0.0,7.307191978716744,88.5,0.0,-0.1498831219303058,-0.1498831219303058,Kunming
bus_BV10287134,5.5881872118423766e-05,5.5868262868266685e-05,1.3609250157080202e-08,1.863276529046054e-05,0.0,7.984446680864323,39.0,0.0,-0.15724589980188353,-0.15724589980188353,Kunming
bus_BV10424510,5.5881872118423766e-05,5.5833470290360954e-05,4.840182806281141e-08,0.0003110304261091379,0.0,6.88671843194775,6.0,0.0,-0.17449111024791025,-0.17449111024791025,Kunming
bus_BV10286842,5.5881872118423766e-05,5.584018348063503e-05,4.1688637788735194e-08,1.863276529046054e-05,0.0,7.642899241362341,6.0,0.0,-0.17477451446159442,-0.17477451446159442,Kunming
bus_BV10596718,5.5881872118423766e-05,5.578350430138375e-05,9.836781704001407e-08,1.863276529046054e-05,0.0,7.321800084112993,88.5,0.0,-0.174940902498256,-0.174940902498256,Kunming
bus_BV10332246,5.5881872118423766e-05,5.586773762603727e-05,1.4134492386496658e-08,0.0003110304261091379,0.0,6.858546196689033,217.5,0.0,-0.19564502169886472,-0.19564502169886472,Kunming
bus_BV10456981,5.5881872118423766e-05,5.582018195026164e-05,6.169016816212771e-08,1.863276529046054e-05,0.0,7.235755883896107,23.0,0.0,-0.20292643936727012,-0.20292643936727012,Kunming
bus_BV10287256,5.5881872118423766e-05,5.573788047019019e-05,1.4399164823357527e-07,1.863276529046054e-05,0.0,6.578136775512748,137.5,0.0,-0.22146443445923697,-0.22146443445923697,Kunming
bus_BV10287254,5.5881872118423766e-05,5.587476322126717e-05,7.108897156593401e-09,1.863276529046054e-05,0.0,7.203800347829348,137.5,0.0,-0.2353855125274435,-0.2353855125274435,Kunming
bus_BV10416445,5.5881872118423766e-05,5.5781949799410284e-05,9.992231901348122e-08,1.863276529046054e-05,0.0,6.643218846536813,39.0,0.0,-0.23898277050992395,-0.23898277050992395,Kunming
bus_BV10805783,5.5881872118423766e-05,5.582104585200783e-05,6.082626641593352e-08,1.863276529046054e-05,0.0,6.371227196069101,23.0,0.0,-0.286049616894669,-0.286049616894669,Kunming
bus_BV11353288,5.5881872118423766e-05,5.572363660755026e-05,1.58235510873506e-07,0.0003110304261091379,0.0,4.973333596513832,552.5,0.0,-0.29826111079984,-0.29826111079984,Kunming
bus_BV10287007,5.5881872118423766e-05,5.585812918067289e-05,2.37429377508732e-08,1.863276529046054e-05,0.0,6.412227152491614,9.0,0.0,-0.30210697986042656,-0.30210697986042656,Kunming
bus_BV10288133,5.5881872118423766e-05,5.5912529998885365e-05,-3.065788046159915e-08,1.863276529046054e-05,0.0,6.500981835057142,39.0,0.0,-0.32292770941082793,-0.32292770941082793,Kunming
bus_BV09017687,5.5881872118423766e-05,5.5847647254230365e-05,3.4224864193400505e-08,1.863276529046054e-05,0.0,6.03430086459571,88.5,0.0,-0.33259381602908045,-0.33259381602908045,Kunming
bus_BV10287165,5.5881872118423766e-05,5.584834752982537e-05,3.352458859839534e-08,1.863276529046054e-05,0.0,6.030183190967384,88.5,0.0,-0.3333647573006623,-0.3333647573006623,Kunming
bus_BV10287099,5.5881872118423766e-05,5.578702118963612e-05,9.485092878764705e-08,1.863276529046054e-05,0.0,5.675329456131937,23.0,0.0,-0.3342549286221216,-0.3342549286221216,Kunming
bus_BV10848307,5.5881872118423766e-05,5.581120122953784e-05,7.067088888592645e-08,1.863276529046054e-05,0.0,5.792773314116565,88.5,0.0,-0.33605226665641963,-0.33605226665641963,Kunming
bus_BV10840576,5.5881872118423766e-05,5.593796046887754e-05,-5.608835045377129e-08,1.863276529046054e-05,0.0,6.481089619028004,88.5,0.0,-0.33852940653989394,-0.33852940653989394,Kunming
bus_BV10675936,5.5881872118423766e-05,5.587816885531719e-05,3.7032631065763767e-09,1.863276529046054e-05,0.0,6.054067993805816,137.5,0.0,-0.34714634749814055,-0.34714634749814055,Kunming
bus_BV10783701,5.5881872118423766e-05,5.577405610874331e-05,1.0781600968045799e-07,1.863276529046054e-05,0.0,5.252346880699737,39.0,0.0,-0.3677118917271538,-0.3677118917271538,Kunming
bus_BV10815354,5.5881872118423766e-05,5.588172465090003e-05,1.474675237337405e-10,1.863276529046054e-05,0.0,5.71340959765968,39.0,0.0,-0.38163233598222535,-0.38163233598222535,Kunming
bus_BV10946608,5.5881872118423766e-05,5.587365125148488e-05,8.220866938884639e-09,1.863276529046054e-05,0.0,5.54511420729196,552.5,0.0,-0.39337382720724723,-0.39337382720724723,Kunming
bus_BV10287034,5.5881872118423766e-05,5.583399360285113e-05,4.787851557263418e-08,1.863276529046054e-05,0.0,5.248684819476639,23.0,0.0,-0.40035130189460966,-0.40035130189460966,Kunming
bus_BV10286870,5.5881872118423766e-05,5.5798765667099164e-05,8.310645132460155e-08,1.863276529046054e-05,0.0,4.913147696967489,23.0,0.0,-0.4134542324440117,-0.4134542324440117,Kunming
bus_BV10412264,5.5881872118423766e-05,5.5869756228594404e-05,1.211588982936193e-08,1.863276529046054e-05,0.0,5.223451368261585,552.5,0.0,-0.4220297720493634,-0.4220297720493634,Kunming
bus_BV10894157,5.5881872118423766e-05,5.5819125908587696e-05,6.274620983606944e-08,1.863276529046054e-05,0.0,4.926926507771516,137.5,0.0,-0.4231052226229167,-0.4231052226229167,Kunming
bus_BV10288132,5.5881872118423766e-05,5.588173839340502e-05,1.337250187427759e-10,1.863276529046054e-05,0.0,5.196064292906556,88.5,0.0,-0.4311032388291084,-0.4311032388291084,Kunming
bus_BV10848610,5.5881872118423766e-05,5.588081871402565e-05,1.0534043981137828e-09,1.863276529046054e-05,0.0,5.059127921922827,137.5,0.0,-0.4437003098029819,-0.4437003098029819,Kunming
bus_BV10504293,5.5881872118423766e-05,5.5868042582289075e-05,1.3829536134690279e-08,1.863276529046054e-05,0.0,4.795574189918814,9.0,0.0,-0.4620160356731884,-0.4620160356731884,Kunming
bus_BV10869016,2.735504191334456e-05,2.7066180178616637e-05,2.888617347279217e-07,0.006953858466576923,0.02364864864864865,6.451444575634675,437.0,0.0,3.145218179486401,3.145218179486401,Shijiazhuang
bus_BV10959043,2.735504191334456e-05,2.6963665645870556e-05,3.9137626747400277e-07,4.274308934526516e-05,0.0,14.993087123774131,21.5,0.09090909090909091,1.7934078106042628,1.7934078106042628,Shijiazhuang
bus_BV10411597,2.735504191334456e-05,2.7264571368525286e-05,9.04705448192724e-08,0.002154472787943784,0.0033783783783783786,18.6343452306704,1.0,0.0,1.4492423967445425,1.4492423967445425,Shijiazhuang
bus_BV09139106,2.735504191334456e-05,2.723478042563711e-05,1.202614877074488e-07,4.274308934526516e-05,0.0,9.021145223370404,12.5,0.08333333333333333,0.562564655840254,0.562564655840254,Shijiazhuang
bus_BV11283604,2.735504191334456e-05,2.724534155722976e-05,1.0970035611479923e-07,4.274308934526516e-05,0.0,7.013168295137775,61.5,0.1111111111111111,0.5139749667774878,0.5139749667774878,Shijiazhuang
bus_BV09132272,2.735504191334456e-05,2.7323756103043347e-05,3.128581030121085e-08,4.274308934526516e-05,0.0,10.884894564252201,8.5,0.08333333333333333,0.47736965455433866,0.47736965455433866,Shijiazhuang
bus_BV10075078,2.735504191334456e-05,2.7349955902213018e-05,5.086011131540336e-09,0.00023471851649059516,0.0,12.198054565681835,3.0,0.058823529411764705,0.4275804820615714,0.4275804820615714,Shijiazhuang
bus_BV10986773,2.735504191334456e-05,2.7322352779299036e-05,3.26891340455224e-08,4.274308934526516e-05,0.0,8.90798999662402,12.5,0.09090909090909091,0.3609430180732587,0.3609430180732587,Shijiazhuang
bus_BV10869062,2.735504191334456e-05,2.7293499469677024e-05,6.154244366753404e-08,0.0011945956522172452,0.0033783783783783786,7.586252868974175,8.5,0.0,0.2999665805187738,0.2999665805187738,Shijiazhuang
bus_BV10074978,2.735504191334456e-05,2.733098810534894e-05,2.405380799561793e-08,4.274308934526516e-05,0.0,5.900418689364195,61.5,0.1111111111111111,0.19918168505785383,0.19918168505785383,Shijiazhuang
bus_BV10075098,2.735504191334456e-05,2.7403526865834338e-05,-4.848495248977995e-08,4.274308934526516e-05,0.0,5.796540333209685,154.5,0.14285714285714285,0.15977509763155895,0.15977509763155895,Shijiazhuang
bus_BV10074673,2.735504191334456e-05,2.732122646517366e-05,3.3815448170899617e-08,4.274308934526516e-05,0.0,5.996031017040928,21.5,0.09090909090909091,0.13070892762024425,0.13070892762024425,Shijiazhuang
bus_BV11677290,2.735504191334456e-05,2.733629809856703e-05,1.874381477752737e-08,4.274308934526516e-05,0.0,5.665108098719432,36.5,0.1,0.1103266264959592,0.1103266264959592,Shijiazhuang
bus_BV10074704,2.735504191334456e-05,2.7189650496102364e-05,1.653914172421945e-07,4.274308934526516e-05,0.0,6.093161093750745,36.5,0.0,0.026858438422075706,0.026858438422075706,Shijiazhuang
bus_BV11200753,2.735504191334456e-05,2.7341934643362543e-05,1.31072699820152e-08,4.274308934526516e-05,0.0,10.688781301487516,2.0,0.0,-0.006375358510934764,-0.006375358510934764,Shijiazhuang
bus_BV10074967,2.735504191334456e-05,2.722376056562671e-05,1.3128134771784783e-07,4.274308934526516e-05,0.0,6.733246443793935,257.5,0.0,-0.01176124292775127,-0.01176124292775127,Shijiazhuang
bus_BV11694235,2.735504191334456e-05,2.7292884420740083e-05,6.21574926044753e-08,4.274308934526516e-05,0.0,8.540498120400569,6.0,0.0,-0.0491710427586047,-0.0491710427586047,Shijiazhuang
bus_BV10074965,2.735504191334456e-05,2.7207062708801797e-05,1.479792045427614e-07,4.274308934526516e-05,0.0,5.637306217665266,437.0,0.0,-0.05552971417663661,-0.05552971417663661,Shijiazhuang
bus_BV11688591,2.735504191334456e-05,2.7333389985568708e-05,2.1651927775850774e-08,4.274308934526516e-05,0.0,9.721320235671733,21.5,0.0,-0.06133844749498236,-0.06133844749498236,Shijiazhuang
bus_BV10074694,2.735504191334456e-05,2.7245928456127546e-05,1.091134572170119e-07,4.274308934526516e-05,0.0,6.663526484675213,12.5,0.0,-0.07575734878189179,-0.07575734878189179,Shijiazhuang
bus_BV10324309,2.735504191334456e-05,2.7224177151291895e-05,1.3086476205266317e-07,4.274308934526516e-05,0.0,5.55133484238757,97.0,0.0,-0.10751141021481972,-0.10751141021481972,Shijiazhuang
bus_BV10075674,2.735504191334456e-05,2.734070500630631e-05,1.4336907038247943e-08,4.274308934526516e-05,0.0,9.013809753662798,12.5,0.0,-0.13727402798140248,-0.13727402798140248,Shijiazhuang
bus_BV10074737,2.735504191334456e-05,2.7347671853480115e-05,7.370059864443757e-09,4.274308934526516e-05,0.0,8.819668747404462,6.0,0.0,-0.1711793772502528,-0.1711793772502528,Shijiazhuang
bus_BV10074710,2.735504191334456e-05,2.730138788774709e-05,5.3654025597467815e-08,4.274308934526516e-05,0.0,7.002961526201714,61.5,0.0,-0.19471017963235543,-0.19471017963235543,Shijiazhuang
bus_BV10873973,2.735504191334456e-05,2.735504191334456e-05,0.0,0.0010026202250719152,0.0,5.949153609084904,1478.0,0.0,-0.2322103346002986,-0.2322103346002986,Shijiazhuang
bus_BV11383216,2.735504191334456e-05,2.7326644098315972e-05,2.8397815028586334e-08,4.274308934526516e-05,0.0,7.2925084545014505,36.5,0.0,-0.23807243756089583,-0.23807243756089583,Shijiazhuang
bus_BV10919434,2.735504191334456e-05,2.7344283406852688e-05,1.0758506491870344e-08,-0.00014923233780006484,0.0,8.297777742933425,12.5,0.0,-0.2417004477715653,-0.2417004477715653,Shijiazhuang
bus_BV10075036,2.735504191334456e-05,2.7275439295760422e-05,7.960261758413649e-08,4.274308934526516e-05,0.0,5.429977359045802,61.5,0.0,-0.25230654908967914,-0.25230654908967914,Shijiazhuang
bus_BV10074860,2.735504191334456e-05,2.733067097705352e-05,2.4370936291036874e-08,4.274308934526516e-05,0.0,7.170661672663059,21.5,0.0,-0.25844131131799275,-0.25844131131799275,Shijiazhuang
bus_BV10074616,2.735504191334456e-05,2.735321628252972e-05,1.8256308148369474e-09,4.274308934526516e-05,0.0,7.831246626280289,6.0,0.0,-0.26494601626158076,-0.26494601626158076,Shijiazhuang
bus_BV09190770,2.735504191334456e-05,2.7313040415592613e-05,4.200149775194546e-08,4.274308934526516e-05,0.0,5.892201443660849,154.5,0.0,-0.31436906611606263,-0.31436906611606263,Shijiazhuang
bus_BV10602152,2.735504191334456e-05,2.734901011480017e-05,6.031798544388041e-09,0.00042669394363592517,0.0,6.036385335703632,12.5,0.0,-0.3222938996684339,-0.3222938996684339,Shijiazhuang
bus_BV10075017,2.735504191334456e-05,2.7353407705915412e-05,1.634207429146076e-09,4.274308934526516e-05,0.0,7.022357566618674,21.5,0.0,-0.3302296620699172,-0.3302296620699172,Shijiazhuang
bus_BV10075189,2.735504191334456e-05,2.7333815916065635e-05,2.122599727892379e-08,4.274308934526516e-05,0.0,6.315069875840405,61.5,0.0,-0.3352476555398792,-0.3352476555398792,Shijiazhuang
bus_BV10074619,2.735504191334456e-05,2.740346820080664e-05,-4.842628746208315e-08,4.274308934526516e-05,0.0,8.603240996901953,4.0,0.0,-0.33553581849623115,-0.33553581849623115,Shijiazhuang
bus_BV09273320,2.735504191334456e-05,2.733779462219756e-05,1.7247291146998484e-08,4.274308934526516e-05,0.0,6.365387461555155,21.5,0.0,-0.34170194621000644,-0.34170194621000644,Shijiazhuang
bus_BV10074924,2.735504191334456e-05,2.7334257215929064e-05,2.0784697415494803e-08,4.274308934526516e-05,0.0,6.213965747813158,36.5,0.0,-0.34450733002302375,-0.34450733002302375,Shijiazhuang
bus_BV10074950,2.735504191334456e-05,2.7326206483562445e-05,2.8835429782113087e-08,4.274308934526516e-05,0.0,5.8523004926338285,36.5,0.0,-0.35225723777921436,-0.35225723777921436,Shijiazhuang
bus_BV10074846,2.735504191334456e-05,2.732884590452432e-05,2.6196008820237676e-08,4.274308934526516e-05,0.0,5.834910366549469,61.5,0.0,-0.3606048158965218,-0.3606048158965218,Shijiazhuang
bus_BV10074676,2.735504191334456e-05,2.7319754987881197e-05,3.5286925463361125e-08,4.274308934526516e-05,0.0,5.527934194856884,21.5,0.0,-0.36123409435866505,-0.36123409435866505,Shijiazhuang
bus_BV10075245,2.735504191334456e-05,2.73543027097111e-05,7.392036334576786e-10,0.00023471851649059516,0.0,6.171562214105373,21.5,0.0,-0.3630688474009668,-0.3630688474009668,Shijiazhuang
bus_BV10074836,2.735504191334456e-05,2.735009527031655e-05,4.946643028009315e-09,4.274308934526516e-05,0.0,6.409302652126969,36.5,0.0,-0.37059737728202435,-0.37059737728202435,Shijiazhuang
bus_BV10074696,2.735504191334456e-05,2.734696601208997e-05,8.07590125458815e-09,4.274308934526516e-05,0.0,6.252632224634813,21.5,0.0,-0.3748985748273782,-0.3748985748273782,Shijiazhuang
bus_BV10075031,2.735504191334456e-05,2.7349584594620825e-05,5.457318723733494e-09,4.274308934526516e-05,0.0,6.307956036509426,36.5,0.0,-0.37736800501359447,-0.37736800501359447,Shijiazhuang
bus_BV11088684,2.735504191334456e-05,2.7342784397969836e-05,1.225751537472231e-08,4.274308934526516e-05,0.0,6.076369364913753,61.5,0.0,-0.3779958473958419,-0.3779958473958419,Shijiazhuang
bus_BV11688492,2.735504191334456e-05,2.7370261524859735e-05,-1.521961151517684e-08,4.274308934526516e-05,0.0,6.8269217439055,21.5,0.0,-0.39029098619951863,-0.39029098619951863,Shijiazhuang
bus_BV10324295,2.735504191334456e-05,2.7329414341731273e-05,2.5627571613285287e-08,4.274308934526516e-05,0.0,5.475145434809729,36.5,0.0,-0.3909141453722337,-0.3909141453722337,Shijiazhuang
bus_BV10342255,2.735504191334456e-05,2.734459873455162e-05,1.0443178792937684e-08,4.274308934526516e-05,0.0,5.666440000214543,61.5,0.0,-0.4156055146634058,-0.4156055146634058,Shijiazhuang
bus_BV10075307,2.735504191334456e-05,2.7342956769763416e-05,1.2085143581142801e-08,4.274308934526516e-05,0.0,5.592889913658498,36.5,0.0,-0.41716911993207484,-0.41716911993207484,Shijiazhuang
bus_BV10880335,2.735504191334456e-05,2.734157271063562e-05,1.346920270893761e-08,4.274308934526516e-05,0.0,5.475248492060027,61.5,0.0,-0.4229433293119419,-0.4229433293119419,Shijiazhuang
bus_BV10284606,6.302393051591478e-05,6.245506744187504e-05,5.688630740397388e-07,0.00034070425266818916,0.0022123893805309734,6.877018244202065,3.5,0.0,1.636539426986677,1.636539426986677,Guiyang
bus_BV10284875,6.302393051591478e-05,6.271571967788571e-05,3.082108380290672e-07,0.0006634931487301543,0.0,10.101390335717822,43.0,0.06666666666666667,1.6040878114749075,1.6040878114749075,Guiyang
bus_BV10585056,6.302393051591478e-05,6.2894876639765e-05,1.2905387614978267e-07,0.00034070425266818916,0.0022123893805309734,5.894154513017215,43.0,0.0,1.049216763685012,1.049216763685012,Guiyang
bus_BV10801214,6.302393051591478e-05,6.26428276698594e-05,3.811028460553841e-07,0.0009862820447921194,0.0,6.390897892336144,33.0,0.0,0.939154860682187,0.939154860682187,Guiyang
bus_BV10582581,6.302393051591478e-05,6.185304552927029e-05,1.170884986644491e-06,1.791535660622401e-05,0.0,5.257332691172484,43.0,0.0,0.7721126745111747,0.7721126745111747,Guiyang
bus_BV10284917,6.302393051591478e-05,6.293268380544895e-05,9.124671046582778e-08,1.791535660622401e-05,0.0,5.419120734899063,255.0,0.125,0.7411459826993331,0.7411459826993331,Guiyang
bus_BV10284737,6.302393051591478e-05,6.300368052507267e-05,2.0249990842103748e-08,0.0009862820447921194,0.0,7.857573404732073,8.5,0.0,0.7307728018603462,0.7307728018603462,Guiyang
bus_BV09219058,6.302393051591478e-05,6.281227033471877e-05,2.1166018119600798e-07,0.00034070425266818916,0.0,5.76604402563933,18.0,0.05555555555555555,0.5906231371181012,0.5906231371181012,Guiyang
bus_BV10284835,6.302393051591478e-05,6.277378471287562e-05,2.5014580303916317e-07,1.791535660622401e-05,0.0,10.342684171295325,18.0,0.0,0.4020086282143992,0.4020086282143992,Guiyang
bus_BV11688754,6.302393051591478e-05,6.299825386271078e-05,2.5676653203995535e-08,0.00034070425266818916,0.0,9.677960899427571,3.5,0.0,0.37361641586793864,0.37361641586793864,Guiyang
bus_BV10516835,6.302393051591478e-05,6.291172581149872e-05,1.1220470441605801e-07,1.791535660622401e-05,0.0,11.30458678376136,33.0,0.0,0.37063011313463495,0.37063011313463495,Guiyang
bus_BV11448548,6.302393051591478e-05,6.270236287041595e-05,3.215676454988286e-07,1.791535660622401e-05,0.0,5.695379961234426,8.5,0.047619047619047616,0.3384448336443839,0.3384448336443839,Guiyang
bus_BV10284936,6.302393051591478e-05,6.295579844552703e-05,6.813207038774787e-08,0.00034070425266818916,0.0,8.256107450627091,18.0,0.0,0.24781603449425282,0.24781603449425282,Guiyang
bus_BV10420062,6.302393051591478e-05,6.298607711336865e-05,3.785340254612644e-08,1.791535660622401e-05,0.0,10.81403439830051,2.0,0.0,0.23230931240559366,0.23230931240559366,Guiyang
bus_BV10284682,6.302393051591478e-05,6.300651714127914e-05,1.741337463563857e-08,1.791535660622401e-05,0.0,9.810645179163506,1.0,0.0,0.08978031467718199,0.08978031467718199,Guiyang
bus_BV11125256,6.302393051591478e-05,6.300470080733356e-05,1.922970858121828e-08,1.791535660622401e-05,0.0,9.4991819783952,8.5,0.0,0.054241706238528434,0.054241706238528434,Guiyang
bus_BV10284601,6.302393051591478e-05,6.29831678215579e-05,4.076269435688217e-08,1.791535660622401e-05,0.0,5.0723332540182,13.0,0.05263157894736842,0.008147323141995566,0.008147323141995566,Guiyang
bus_BV10455591,6.302393051591478e-05,6.280142606993406e-05,2.225044459807133e-07,1.791535660622401e-05,0.0,6.900658068552854,90.0,0.0,-0.041621417829125845,-0.041621417829125845,Guiyang
bus_BV10744637,6.302393051591478e-05,6.283595042116397e-05,1.879800947508038e-07,1.791535660622401e-05,0.0,7.010382938106933,5.0,0.0,-0.06523986765173365,-0.06523986765173365,Guiyang
bus_BV10865332,6.302393051591478e-05,6.302393051591478e-05,0.0,1.791535660622401e-05,0.0,8.496902230505222,6.0,0.0,-0.0868629749328876,-0.0868629749328876,Guiyang
bus_BV10285068,6.302393051591478e-05,6.288427016742587e-05,1.396603484889094e-07,1.791535660622401e-05,0.0,6.78274702468481,27.0,0.0,-0.1441631010514248,-0.1441631010514248,Guiyang
bus_BV11554439,6.302393051591478e-05,6.279696441822173e-05,2.2696609769304983e-07,1.791535660622401e-05,0.0,5.68423983242912,90.0,0.0,-0.18322440685901206,-0.18322440685901206,Guiyang
bus_BV09003256,6.302393051591478e-05,6.295084089243674e-05,7.308962347804288e-08,1.791535660622401e-05,0.0,6.956953615025258,13.0,0.0,-0.19420093035500435,-0.19420093035500435,Guiyang
bus_BV10329984,6.302393051591478e-05,6.29611280863492e-05,6.28024295655841e-08,1.791535660622401e-05,0.0,6.9830429371478075,43.0,0.0,-0.2020332630872993,-0.2020332630872993,Guiyang
bus_BV10284775,6.302393051591478e-05,6.300199246637097e-05,2.1938049543808718e-08,1.791535660622401e-05,0.0,7.264318107019642,22.5,0.0,-0.21177223689525038,-0.21177223689525038,Guiyang
bus_BV10284646,6.302393051591478e-05,6.301370215250407e-05,1.0228363410709333e-08,1.791535660622401e-05,0.0,7.291819186596557,13.0,0.0,-0.22095181335547237,-0.22095181335547237,Guiyang
bus_BV10284602,6.302393051591478e-05,6.29964754172584e-05,2.7455098656383316e-08,1.791535660622401e-05,0.0,7.082933966022855,8.5,0.0,-0.22771265630257875,-0.22771265630257875,Guiyang
bus_BV10284693,6.302393051591478e-05,6.288953438142035e-05,1.3439613449442466e-07,1.791535660622401e-05,0.0,5.864698959305181,18.0,0.0,-0.26023848692694523,-0.26023848692694523,Guiyang
bus_BV11257285,6.302393051591478e-05,6.296590148731113e-05,5.8029028603649854e-08,1.791535660622401e-05,0.0,6.536702375997328,22.5,0.0,-0.26082858144621895,-0.26082858144621895,Guiyang
bus_BV10284725,6.302393051591478e-05,6.294259518007749e-05,8.133533583729242e-08,1.791535660622401e-05,0.0,6.183730701856553,43.0,0.0,-0.27844218701209716,-0.27844218701209716,Guiyang
bus_BV10284722,6.302393051591478e-05,6.291092156895767e-05,1.130089469571113e-07,1.791535660622401e-05,0.0,5.8427297297750265,43.0,0.0,-0.28569160696994744,-0.28569160696994744,Guiyang
bus_BV09221902,6.302393051591478e-05,6.291528148872091e-05,1.086490271938657e-07,1.791535660622401e-05,0.0,5.858452037467303,73.0,0.0,-0.28844979143564164,-0.28844979143564164,Guiyang
bus_BV10284623,6.302393051591478e-05,6.286569253292208e-05,1.5823798299269504e-07,1.791535660622401e-05,0.0,5.332400218293152,13.0,0.0,-0.29885785206714616,-0.29885785206714616,Guiyang
bus_BV11029449,6.302393051591478e-05,6.297843644012581e-05,4.5494075788965905e-08,1.791535660622401e-05,0.0,6.252508701425328,33.0,0.0,-0.30839193274973875,-0.30839193274973875,Guiyang
bus_BV10284683,6.302393051591478e-05,6.298522525238492e-05,3.870526352985667e-08,1.791535660622401e-05,0.0,6.2968436160411105,27.0,0.0,-0.3102978513773033,-0.3102978513773033,Guiyang
bus_BV10284995,6.302393051591478e-05,6.297375614607172e-05,5.0174369843055755e-08,1.791535660622401e-05,0.0,6.104749849886582,43.0,0.0,-0.3211789145086044,-0.3211789145086044,Guiyang
bus_BV10285440,6.302393051591478e-05,6.298540412924403e-05,3.852638667074457e-08,1.791535660622401e-05,0.0,6.096737129113826,90.0,0.0,-0.33456576164217394,-0.33456576164217394,Guiyang
bus_BV11319991,6.302393051591478e-05,6.299907277437757e-05,2.4857741537205537e-08,1.791535660622401e-05,0.0,6.010161848041814,27.0,0.0,-0.35956044823602323,-0.35956044823602323,Guiyang
bus_BV10284773,6.302393051591478e-05,6.297045951752503e-05,5.3470998389752505e-08,1.791535660622401e-05,0.0,5.748467218474622,43.0,0.0,-0.3605315134395924,-0.3605315134395924,Guiyang
bus_BV10284715,6.302393051591478e-05,6.292718269183692e-05,9.674782407785684e-08,1.791535660622401e-05,0.0,5.343759716676185,57.5,0.0,-0.3630712086097234,-0.3630712086097234,Guiyang
bus_BV10284642,6.302393051591478e-05,6.300793867263268e-05,1.599184328209891e-08,1.791535660622401e-05,0.0,5.922102835468637,22.5,0.0,-0.37961146032948895,-0.37961146032948895,Guiyang
bus_BV10285218,6.302393051591478e-05,6.298672178635689e-05,3.720872955788898e-08,1.791535660622401e-05,0.0,5.510078563173215,73.0,0.0,-0.40655876769118665,-0.40655876769118665,Guiyang
bus_BV10953160,6.302393051591478e-05,6.297460494378262e-05,4.93255721321597e-08,1.791535660622401e-05,0.0,5.069907363833234,148.0,0.0,-0.44659808784157395,-0.44659808784157395,Guiyang
bus_BV10284786,6.302393051591478e-05,6.298746684846155e-05,3.646366745322532e-08,1.791535660622401e-05,0.0,5.172529674582823,57.5,0.0,-0.4479678143715356,-0.4479678143715356,Guiyang
bus_BV10284620,6.302393051591478e-05,6.29879164982997e-05,3.60140176150828e-08,1.791535660622401e-05,0.0,5.166858956630909,33.0,0.0,-0.4491296824072389,-0.4491296824072389,Guiyang
bus_BV10482514,6.302393051591478e-05,6.29849075795979e-05,3.9022936316871794e-08,1.791535660622401e-05,0.0,5.071485249726006,255.0,0.0,-0.4573961451580755,-0.4573961451580755,Guiyang
bus_BV10800823,6.302393051591478e-05,6.301391387646535e-05,1.0016639449429558e-08,1.791535660622401e-05,0.0,5.271996582808441,57.5,0.0,-0.46420593583906083,-0.46420593583906083,Guiyang
bus_BV11478686,6.302393051591478e-05,6.301968306598365e-05,4.24744993113269e-09,1.791535660622401e-05,0.0,5.106908299068104,73.0,0.0,-0.4902225492159432,-0.4902225492159432,Guiyang
bus_BV10284598,6.302393051591478e-05,6.302030633600679e-05,3.6241799079888204e-09,1.791535660622401e-05,0.0,4.950252867080765,90.0,0.0,-0.5097363101973612,-0.5097363101973612,Guiyang
bus_BV10284605,6.302393051591478e-05,6.305399072051849e-05,-3.0060204603710866e-08,1.791535660622401e-05,0.0,5.152449403748239,18.0,0.0,-0.5213325830442394,-0.5213325830442394,Guiyang
bus_BV09105369,2.3062768009760714e-05,2.2824220872871246e-05,2.385471368894687e-07,0.0005740130068216942,0.0,6.96279648919168,28.0,0.08333333333333333,2.499761971172825,2.499761971172825,Fuzhou
bus_BV10208441,2.3062768009760714e-05,2.2869918160894598e-05,1.9284984886611624e-07,3.444466149793435e-05,0.0,32.33167868253855,1.0,0.0,2.0677884748213575,2.0677884748213575,Fuzhou
bus_BV10411607,2.3062768009760714e-05,2.3017952495858286e-05,4.481551390242872e-08,3.444466149793435e-05,0.0,5.222440057752459,784.0,0.2,1.0605491942198584,1.0605491942198584,Fuzhou
bus_BV11171763,2.3062768009760714e-05,2.3055339791066945e-05,7.428218693768902e-09,0.00039415689171373725,0.0,11.286029638952625,13.0,0.0,0.8055575703138254,0.8055575703138254,Fuzhou
bus_BV10208832,2.3062768009760714e-05,2.285372164615512e-05,2.0904636360559274e-07,3.444466149793435e-05,0.0,5.258523989529703,297.0,0.0,0.4762558656494402,0.4762558656494402,Fuzhou
bus_BV10208850,2.3062768009760714e-05,2.2933315187427314e-05,1.2945282233340017e-07,3.444466149793435e-05,0.0,9.581393705061922,13.0,0.0,0.3965609178480146,0.3965609178480146,Fuzhou
bus_BV10906644,2.3062768009760714e-05,2.30415630724047e-05,2.1204937356014215e-08,3.444466149793435e-05,0.0,4.754032539283395,62.5,0.1,0.2802307191395312,0.2802307191395312,Fuzhou
bus_BV10979110,2.3062768009760714e-05,2.3054387579970352e-05,8.380429790362043e-09,3.444466149793435e-05,0.0,5.630010485837095,62.5,0.1,0.27840481416049156,0.27840481416049156,Fuzhou
bus_BV10208520,2.3062768009760714e-05,2.3016323429970768e-05,4.6444579789946445e-08,0.00021430077660578029,0.0,6.402145238855823,13.0,0.0,0.258252120717744,0.258252120717744,Fuzhou
bus_BV10208927,2.3062768009760714e-05,2.3060618291648064e-05,2.1497181126508148e-09,3.444466149793435e-05,0.0,5.714356047980761,62.5,0.1,0.25657229145568156,0.25657229145568156,Fuzhou
bus_BV10208485,2.3062768009760714e-05,2.2916467366269274e-05,1.4630064349144056e-07,3.444466149793435e-05,0.0,4.890906882681914,38.5,0.0,0.18169399963603827,0.18169399963603827,Fuzhou
bus_BV10844781,2.3062768009760714e-05,2.303502588865524e-05,2.774212110547548e-08,0.00021430077660578029,0.0,5.897954908622784,28.0,0.0,0.14623140314472016,0.14623140314472016,Fuzhou
bus_BV11583925,2.3062768009760714e-05,2.2929083840579624e-05,1.336841691810903e-07,3.444466149793435e-05,0.0,5.161310779726119,109.5,0.0,0.1435999244006379,0.1435999244006379,Fuzhou
bus_BV10569567,2.3062768009760714e-05,2.2969711215448242e-05,9.305679431247191e-08,3.444466149793435e-05,0.0,7.686346790810779,179.5,0.0,0.12246959249469765,0.12246959249469765,Fuzhou
bus_BV10209089,2.3062768009760714e-05,2.3034490147135285e-05,2.8277862625429394e-08,0.00021430077660578029,0.0,5.338061873892964,62.5,0.0,0.11418771052181949,0.11418771052181949,Fuzhou
bus_BV10468198,2.3062768009760714e-05,2.3043960654125326e-05,1.880735563538846e-08,0.00021430077660578029,0.0,5.444381294582493,109.5,0.0,0.07965968679893139,0.07965968679893139,Fuzhou
bus_BV10209418,2.3062768009760714e-05,2.305943083455974e-05,3.3371752009741292e-09,0.00021430077660578029,0.0,6.215282148220477,62.5,0.0,0.05991539921518109,0.05991539921518109,Fuzhou
bus_BV09180217,2.3062768009760714e-05,2.3057197058455955e-05,5.5709513047596734e-09,3.444466149793435e-05,0.0,4.700386564871421,18.5,0.07692307692307693,0.05934638466059248,0.05934638466059248,Fuzhou
bus_BV09020981,2.3062768009760714e-05,2.304731392291193e-05,1.54540868487827e-08,3.444466149793435e-05,0.0,11.911396936451952,2.0,0.0,0.045400608543450446,0.045400608543450446,Fuzhou
bus_BV10208476,2.3062768009760714e-05,2.3061405044729434e-05,1.3629650312799895e-09,0.00021430077660578029,0.0,5.814495844712065,18.5,0.0,0.026757198715057662,0.026757198715057662,Fuzhou
bus_BV11370256,2.3062768009760714e-05,2.303714616753233e-05,2.562184222838597e-08,3.444466149793435e-05,0.0,10.017571470754424,5.0,0.0,-0.026765508300794563,-0.026765508300794563,Fuzhou
bus_BV10391469,2.3062768009760714e-05,2.2977181074168562e-05,8.558693559215249e-08,3.444466149793435e-05,0.0,5.508351841593209,784.0,0.0,-0.043596404416853474,-0.043596404416853474,Fuzhou
bus_BV10208580,2.3062768009760714e-05,2.3042548232538713e-05,2.0219777222001714e-08,3.444466149793435e-05,0.0,9.86882988888401,3.5,0.0,-0.05931274293639458,-0.05931274293639458,Fuzhou
bus_BV10849906,2.3062768009760714e-05,2.3040862291762018e-05,2.190571799869678e-08,3.444466149793435e-05,0.0,8.253233806100187,11.0,0.0,-0.15116919318888458,-0.15116919318888458,Fuzhou
bus_BV11143187,2.3062768009760714e-05,2.3062693994212257e-05,7.401554845773038e-11,3.444466149793435e-05,0.0,9.442252311056764,3.5,0.0,-0.17282621172552,-0.17282621172552,Fuzhou
bus_BV11162014,2.3062768009760714e-05,2.3056096463830593e-05,6.67154593012083e-09,3.444466149793435e-05,0.0,8.717317018768167,18.5,0.0,-0.18872279056202354,-0.18872279056202354,Fuzhou
bus_BV10208579,2.3062768009760714e-05,2.3005161341353703e-05,5.760666840701133e-08,3.444466149793435e-05,0.0,4.813124104439807,38.5,0.0,-0.20756149805250163,-0.20756149805250163,Fuzhou
bus_BV10208768,2.3062768009760714e-05,2.3023932629368433e-05,3.883538039228083e-08,3.444466149793435e-05,0.0,5.831003705504924,297.0,0.0,-0.2264563288419641,-0.2264563288419641,Fuzhou
bus_BV10208493,2.3062768009760714e-05,2.3051069006940143e-05,1.1699002820571438e-08,3.444466149793435e-05,0.0,7.5963034527702735,8.5,0.0,-0.23573669242815432,-0.23573669242815432,Fuzhou
bus_BV11111178,2.3062768009760714e-05,2.306090097419295e-05,1.8670355677643787e-09,3.444466149793435e-05,0.0,7.795358211738316,6.0,0.0,-0.2661395462304106,-0.2661395462304106,Fuzhou
bus_BV09154883,2.3062768009760714e-05,2.3058162574020217e-05,4.60543574049764e-09,3.444466149793435e-05,0.0,7.240366316804723,8.5,0.0,-0.2883340609950866,-0.2883340609950866,Fuzhou
bus_BV10411609,2.3062768009760714e-05,2.30296071600593e-05,3.3160849701414983e-08,3.444466149793435e-05,0.0,4.98353969184854,491.5,0.0,-0.3030720812575258,-0.3030720812575258,Fuzhou
bus_BV10209499,2.3062768009760714e-05,2.3029899841943372e-05,3.2868167817342296e-08,3.444466149793435e-05,0.0,4.912716844973915,109.5,0.0,-0.30868792147558444,-0.30868792147558444,Fuzhou
bus_BV11025393,2.3062768009760714e-05,2.3062768009760714e-05,0.0,3.444466149793435e-05,0.0,7.151082513381031,62.5,0.0,-0.3137784692001942,-0.3137784692001942,Fuzhou
bus_BV10208955,2.3062768009760714e-05,2.304527255982283e-05,1.7495449937885013e-08,3.444466149793435e-05,0.0,5.338465927801799,18.5,0.0,-0.34919504265300194,-0.34919504265300194,Fuzhou
bus_BV10569487,2.3062768009760714e-05,2.305353065237538e-05,9.2373573853328e-09,3.444466149793435e-05,0.0,5.688933871747264,109.5,0.0,-0.36348157498026207,-0.36348157498026207,Fuzhou
bus_BV11125358,2.3062768009760714e-05,2.3046707571026784e-05,1.6060438733930756e-08,3.444466149793435e-05,0.0,5.105169961042979,62.5,0.0,-0.3697353459399606,-0.3697353459399606,Fuzhou
bus_BV10208952,2.3062768009760714e-05,2.3056304667832105e-05,6.4633419286095944e-09,3.444466149793435e-05,0.0,5.762873283576826,18.5,0.0,-0.37096832584307077,-0.37096832584307077,Fuzhou
bus_BV10208963,2.3062768009760714e-05,2.3059318994563864e-05,3.449015196849896e-09,3.444466149793435e-05,0.0,5.90141841642064,18.5,0.0,-0.3755313243072647,-0.3755313243072647,Fuzhou
bus_BV10208534,2.3062768009760714e-05,2.3052388655822144e-05,1.0379353938569998e-08,3.444466149793435e-05,0.0,5.239422483845794,62.5,0.0,-0.38612200428736143,-0.38612200428736143,Fuzhou
bus_BV10209883,2.3062768009760714e-05,2.307616699499245e-05,-1.3398985231736116e-08,3.444466149793435e-05,0.0,6.7421421608127785,62.5,0.0,-0.396962639299965,-0.396962639299965,Fuzhou
bus_BV10208436,2.3062768009760714e-05,2.304953173251804e-05,1.3236277242672742e-08,3.444466149793435e-05,0.0,4.813097498619555,18.5,0.0,-0.39990518941945297,-0.39990518941945297,Fuzhou
bus_BV10208921,2.3062768009760714e-05,2.3062480193787206e-05,2.8781597350785665e-10,3.444466149793435e-05,0.0,5.356034331576601,62.5,0.0,-0.422710400582143,-0.422710400582143,Fuzhou
bus_BV10208495,2.3062768009760714e-05,2.3057450434446784e-05,5.31757531393041e-09,3.444466149793435e-05,0.0,5.00017461465115,28.0,0.0,-0.4227493773382814,-0.4227493773382814,Fuzhou
bus_BV11229053,2.3062768009760714e-05,2.305551324300663e-05,7.254766754084997e-09,3.444466149793435e-05,0.0,4.775910926289998,62.5,0.0,-0.42811705591085636,-0.42811705591085636,Fuzhou
bus_BV10208643,2.3062768009760714e-05,2.305944532108735e-05,3.322688673365533e-09,3.444466149793435e-05,0.0,4.870692688837798,28.0,0.0,-0.4393446165539665,-0.4393446165539665,Fuzhou
bus_BV10209120,2.3062768009760714e-05,2.3059318994563864e-05,3.449015196849896e-09,3.444466149793435e-05,0.0,4.854117134577937,62.5,0.0,-0.4398144044960642,-0.4398144044960642,Fuzhou
bus_BV10208477,2.3062768009760714e-05,2.306125662205852e-05,1.5113877021926628e-09,3.444466149793435e-05,0.0,4.935318013832508,38.5,0.0,-0.44322977418485593,-0.44322977418485593,Fuzhou
bus_BV11474377,2.3062768009760714e-05,2.3049778950040672e-05,1.2989059720042314e-08,-0.0001454114536100226,0.0,10.442571152424334,8.5,0.0,-0.4721078958857389,-0.4721078958857389,Fuzhou
bus_BV11505711,2.3062768009760714e-05,2.3106093179822428e-05,-4.332517006171366e-08,3.444466149793435e-05,0.0,7.387775471738163,8.5,0.0,-0.4870614263357579,-0.4870614263357579,Fuzhou
bus_BV10330341,3.660777178632844e-05,3.455867111333648e-05,2.049100672991963e-06,0.0581514770205358,0.11392405063291139,9.57906813593744,53.5,0.0,2.830938279105973,2.830938279105973,Harbin
bus_BV10731532,3.660777178632844e-05,3.5055335923999055e-05,1.5524358623293845e-06,0.06704680180332434,0.14177215189873418,6.1348493433637,165.0,0.0,2.622318762734636,2.622318762734636,Harbin
bus_BV10114428,3.660777178632844e-05,3.592509988788765e-05,6.826718984407932e-07,2.1563905103438863e-05,0.0,10.024025175057599,17.0,0.0625,0.8351249162036909,0.8351249162036909,Harbin
bus_BV09060900,3.660777178632844e-05,3.6561737473036575e-05,4.6034313291865026e-08,2.1563905103438863e-05,0.0,14.94702468339489,1.0,0.04,0.7688687881993954,0.7688687881993954,Harbin
bus_BV10114512,3.660777178632844e-05,3.653926608740847e-05,6.850569891996797e-08,0.00043529994151225715,0.002531645569620253,7.930098231431921,111.5,0.1,0.666651700595153,0.666651700595153,Harbin
bus_BV09242428,3.660777178632844e-05,3.656297460014602e-05,4.4797186182417585e-08,2.1563905103438863e-05,0.0,6.586466620954109,111.5,0.1,0.503536358491967,0.503536358491967,Harbin
bus_BV09063340,3.660777178632844e-05,3.6529409795855793e-05,7.836199047264644e-08,2.1563905103438863e-05,0.0,9.45772150277757,3.5,0.05,0.36379656190654946,0.36379656190654946,Harbin
bus_BV09005417,3.660777178632844e-05,3.6421169750550146e-05,1.866020357782936e-07,0.0012627720143297827,0.005063291139240506,12.15005836812875,12.0,0.0,0.3068571038621771,0.3068571038621771,Harbin
bus_BV10114326,3.660777178632844e-05,3.659842915016904e-05,9.342636159400731e-09,0.0002284319233077925,0.0,13.552870043575496,2.0,0.0,0.28706639879046336,0.28706639879046336,Harbin
bus_BV10114321,3.660777178632844e-05,3.594005767855027e-05,6.677141077781717e-07,0.0002284319233077925,0.0,9.67963492921298,8.5,0.0,0.2715345333893754,0.2715345333893754,Harbin
bus_BV10115682,3.660777178632844e-05,3.5853254747134876e-05,7.545170391935638e-07,0.00271084814176048,0.007594936708860759,8.029910542437015,165.0,0.0,0.2653872938316332,0.2653872938316332,Harbin
bus_BV10114485,3.660777178632844e-05,3.656207526704197e-05,4.569651928647164e-08,2.1563905103438863e-05,0.0,7.617150920669549,17.0,0.058823529411764705,0.25156406056893066,0.25156406056893066,Harbin
bus_BV10114707,3.660777178632844e-05,3.6571927250149404e-05,3.5844536179036e-08,2.1563905103438863e-05,0.0,11.488239170860016,17.0,0.0,0.10703771119335972,0.10703771119335972,Harbin
bus_BV11688651,3.660777178632844e-05,3.649152996820104e-05,1.1624181812740193e-07,2.1563905103438863e-05,0.0,10.729694575723851,8.5,0.0,0.07880555819275889,0.07880555819275889,Harbin
bus_BV09009509,3.660777178632844e-05,3.608662634376802e-05,5.211454425604176e-07,0.0008490359779209644,0.0,8.011166208262415,25.5,0.0,0.05172709018312699,0.05172709018312699,Harbin
bus_BV09000969,3.660777178632844e-05,3.657400184974168e-05,3.3769936586760683e-08,2.1563905103438863e-05,0.0,10.802093561382593,8.5,0.0,0.0426826795140058,0.0426826795140058,Harbin
bus_BV10703120,3.660777178632844e-05,3.6469896985717865e-05,1.3787480061057443e-07,2.1563905103438863e-05,0.0,9.886851897207796,41.5,0.0,0.012302777178431062,0.012302777178431062,Harbin
bus_BV10819232,3.660777178632844e-05,3.6145276428359505e-05,4.6249535796893476e-07,2.1563905103438863e-05,0.0,7.436308365203672,22.0,0.0,-0.045228093348291434,-0.045228093348291434,Harbin
bus_BV10750453,3.660777178632844e-05,3.6567537340130416e-05,4.0234446198023457e-08,0.004365792287395531,0.005063291139240506,8.465018460350095,77.0,0.0,-0.05831136401245056,-0.05831136401245056,Harbin
bus_BV10114284,3.660777178632844e-05,3.656167141138151e-05,4.610037494693302e-08,0.00043529994151225715,0.0,9.00882871903666,12.0,0.0,-0.10954705762376495,-0.10954705762376495,Harbin
bus_BV10114312,3.660777178632844e-05,3.650255563145227e-05,1.0521615487617026e-07,0.0002284319233077925,0.002531645569620253,8.408333369756578,5.5,0.0,-0.11747710271761927,-0.11747710271761927,Harbin
bus_BV11092217,3.660777178632844e-05,3.6561959660625886e-05,4.5812125702554e-08,0.0002284319233077925,0.0,8.839394964408086,3.5,0.0,-0.12869807018234358,-0.12869807018234358,Harbin
bus_BV10330339,3.660777178632844e-05,3.656157914726571e-05,4.6192639062727617e-08,0.0012627720143297827,0.002531645569620253,7.846107003960433,32.0,0.0,-0.18307954484180766,-0.18307954484180766,Harbin
bus_BV11139768,3.660777178632844e-05,3.625875396540258e-05,3.4901782092585976e-07,0.0002284319233077925,0.0,6.471837044758253,22.0,0.0,-0.18968924842618784,-0.18968924842618784,Harbin
bus_BV11688650,3.660777178632844e-05,3.6136597841649606e-05,4.7117394467883355e-07,2.1563905103438863e-05,0.0,5.64868566004838,17.0,0.0,-0.2055841383692742,-0.2055841383692742,Harbin
bus_BV11087021,3.660777178632844e-05,3.659506275656525e-05,1.270902976319144e-08,2.1563905103438863e-05,0.0,8.22300659382507,5.5,0.0,-0.2060982115405638,-0.2060982115405638,Harbin
bus_BV10114566,3.660777178632844e-05,3.663060523432348e-05,-2.2833447995040848e-08,0.0006421679597166108,0.0,8.278558856330053,8.5,0.0,-0.20929298435791654,-0.20929298435791654,Harbin
bus_BV10114619,3.660777178632844e-05,3.652293337940105e-05,8.483840692738779e-08,2.1563905103438863e-05,0.0,7.544685793431935,41.5,0.0,-0.2312226109741416,-0.2312226109741416,Harbin
bus_BV10114325,3.660777178632844e-05,3.6560233997157136e-05,4.7537789171303666e-08,0.00043529994151225715,0.0,7.594308736306576,22.0,0.0,-0.2392523463991257,-0.2392523463991257,Harbin
bus_BV10114308,3.660777178632844e-05,3.6568264544520655e-05,3.950724180778537e-08,0.00043529994151225715,0.0,6.886038827694366,17.0,0.0,-0.3087386543500476,-0.3087386543500476,Harbin
bus_BV10115369,3.660777178632844e-05,3.6379151140423844e-05,2.2862064590459567e-07,2.1563905103438863e-05,0.0,5.583569949095294,111.5,0.0,-0.3374651204332776,-0.3374651204332776,Harbin
bus_BV10586895,3.660777178632844e-05,3.657377248529607e-05,3.399930103236928e-08,0.0002284319233077925,0.0,6.58953150424989,111.5,0.0,-0.34231758920159416,-0.34231758920159416,Harbin
bus_BV10721741,3.660777178632844e-05,3.6571803565320925e-05,3.596822100751485e-08,2.1563905103438863e-05,0.0,6.554992667313756,111.5,0.0,-0.34785680628795634,-0.34785680628795634,Harbin
bus_BV10812996,3.660777178632844e-05,3.650910495100142e-05,9.86668353270196e-08,2.1563905103438863e-05,0.0,6.1684648234856345,53.5,0.0,-0.35096539161252016,-0.35096539161252016,Harbin
bus_BV10114644,3.660777178632844e-05,3.658914869172906e-05,1.862309459938025e-08,0.00043529994151225715,0.002531645569620253,6.20354799654982,25.5,0.0,-0.3623717111307523,-0.3623717111307523,Harbin
bus_BV11688022,3.660777178632844e-05,3.6577369058596094e-05,3.040272773234553e-08,2.1563905103438863e-05,0.0,6.410759145477479,165.0,0.0,-0.3640467284073632,-0.3640467284073632,Harbin
bus_BV09005758,3.660777178632844e-05,3.660600491986596e-05,1.7668664624778804e-09,2.1563905103438863e-05,0.0,6.551891938762687,17.0,0.0,-0.3658919500260569,-0.3658919500260569,Harbin
bus_BV11140316,3.660777178632844e-05,3.65811425651463e-05,2.6629221182139084e-08,2.1563905103438863e-05,0.0,6.295968564824555,77.0,0.0,-0.3765913626133457,-0.3765913626133457,Harbin
bus_BV11688645,3.660777178632844e-05,3.653279153520814e-05,7.498025112029875e-08,0.0002284319233077925,0.002531645569620253,5.714978876217069,25.5,0.0,-0.38155755571691163,-0.38155755571691163,Harbin
bus_BV10432610,3.660777178632844e-05,3.660579672533527e-05,1.9750609931714312e-09,2.1563905103438863e-05,0.0,6.291793678525469,41.5,0.0,-0.3897709423446767,-0.3897709423446767,Harbin
bus_BV11468520,3.660777178632844e-05,3.660305536815947e-05,4.716418168972255e-09,2.1563905103438863e-05,0.0,6.2426313267942835,12.0,0.0,-0.3928821822842392,-0.3928821822842392,Harbin
bus_BV11043869,3.660777178632844e-05,3.660357436619715e-05,4.197420131290381e-09,2.1563905103438863e-05,0.0,6.021998919656311,17.0,0.0,-0.41349890085553176,-0.41349890085553176,Harbin
bus_BV11688027,3.660777178632844e-05,3.657384357777688e-05,3.392820855156292e-08,2.1563905103438863e-05,0.0,5.793657134457911,32.0,0.0,-0.41912812755149165,-0.41912812755149165,Harbin
bus_BV11205110,3.660777178632844e-05,3.6603596577166684e-05,4.175209161756254e-09,2.1563905103438863e-05,0.0,5.754988908986391,111.5,0.0,-0.43813488698978464,-0.43813488698978464,Harbin
bus_BV10347189,3.660777178632844e-05,3.660759941063395e-05,1.7237569448810396e-10,0.0002284319233077925,0.0,5.71827930682743,239.5,0.0,-0.4402219361834271,-0.4402219361834271,Harbin
bus_BV10114753,3.660777178632844e-05,3.658135091389686e-05,2.6420872431580844e-08,2.1563905103438863e-05,0.0,5.582143863205894,53.5,0.0,-0.44253053043404944,-0.44253053043404944,Harbin
bus_BV10114405,3.660777178632844e-05,3.671075005198433e-05,-1.029782656558872e-07,2.1563905103438863e-05,0.0,6.156061702516187,53.5,0.0,-0.45675528287353107,-0.45675528287353107,Harbin
bus_BV11688632,3.660777178632844e-05,3.6610264430538376e-05,-2.492644209935819e-09,0.0002284319233077925,0.0,5.536887349452625,32.0,0.0,-0.45833348611666236,-0.45833348611666236,Harbin
bus_BV10889511,3.660777178632844e-05,3.6625546116939854e-05,-1.7774330611413703e-08,2.1563905103438863e-05,0.0,5.46476951009482,53.5,0.0,-0.47629075095989826,-0.47629075095989826,Harbin
bus_BV10673502,3.660777178632844e-05,3.6654327918137704e-05,-4.655613180926365e-08,2.1563905103438863e-05,0.0,5.615030234207517,53.5,0.0,-0.4773699047750186,-0.4773699047750186,Harbin
bus_BV11159503,2.6830853903571572e-05,2.643230088595047e-05,3.9855301762110217e-07,0.004026595163664548,0.008032128514056224,5.688001826941504,281.0,0.0,2.5247650907795594,2.5247650907795594,Luoyang
bus_BV10098459,2.6830853903571572e-05,2.6390130847749227e-05,4.4072305582234465e-07,0.0020136226742886176,0.006024096385542169,5.713558297360426,34.5,0.0,1.6520861758534668,1.6520861758534668,Luoyang
bus_BV09140008,2.6830853903571572e-05,2.6474754953395498e-05,3.560989501760741e-07,6.501849125761794e-07,0.0,23.288443749276933,1.0,0.0,1.2789654828528567,1.2789654828528567,Luoyang
bus_BV11694024,2.6830853903571572e-05,2.6830767042002128e-05,8.686156944404241e-11,6.501849125761794e-07,0.0,5.864384755573241,34.5,0.09090909090909091,0.7757622174594359,0.7757622174594359,Luoyang
bus_BV11402631,2.6830853903571572e-05,2.5966872269680962e-05,8.639816338906097e-07,6.501849125761794e-07,0.0,7.183820782248139,13.5,0.0,0.7672817343917707,0.7672817343917707,Luoyang
bus_BV10377949,2.6830853903571572e-05,2.6830853903571572e-05,0.0,6.501849125761794e-07,0.0,5.663339518792423,9.5,0.07142857142857142,0.5185466762889075,0.5185466762889075,Luoyang
bus_BV10098052,2.6830853903571572e-05,2.6334429130045706e-05,4.96424773525866e-07,6.501849125761794e-07,0.0,8.673407870519025,20.5,0.0,0.43075945711677044,0.43075945711677044,Luoyang
bus_BV10098850,2.6830853903571572e-05,2.68037608741504e-05,2.709302942117373e-08,6.501849125761794e-07,0.0,14.811827179190024,6.0,0.0,0.29562305742022044,0.29562305742022044,Luoyang
bus_BV11047506,2.6830853903571572e-05,2.6751898466531827e-05,7.895543703974493e-08,0.0004479774047738694,0.002008032128514056,7.0858318393111555,20.5,0.0,0.24728509654459516,0.24728509654459516,Luoyang
bus_BV10955172,2.6830853903571572e-05,2.681018547917172e-05,2.0668424399851524e-08,6.501849125761794e-07,0.0,12.726472075279647,2.0,0.0,0.14292961750450658,0.14292961750450658,Luoyang
bus_BV10377927,2.6830853903571572e-05,2.6586884658539176e-05,2.439692450323963e-07,6.501849125761794e-07,0.0,8.864033839286973,20.5,0.0,0.14173424825106995,0.14173424825106995,Luoyang
bus_BV10098983,2.6830853903571572e-05,2.6453474586644024e-05,3.773793169275484e-07,6.501849125761794e-07,0.0,5.541491865345619,76.0,0.0,0.07044792469499728,0.07044792469499728,Luoyang
bus_BV11380524,2.6830853903571572e-05,2.6830853903571572e-05,0.0,0.0004479774047738694,0.0,9.74856112453266,34.5,0.0,0.05345440713333896,0.05345440713333896,Luoyang
bus_BV10615991,2.6830853903571572e-05,2.6817894677521593e-05,1.2959226049978997e-08,6.501849125761794e-07,0.0,10.665623083678296,3.0,0.0,-0.0095979601496218,-0.0095979601496218,Luoyang
bus_BV10098182,2.6830853903571572e-05,2.66951504580637e-05,1.357034455078724e-07,6.501849125761794e-07,0.0,8.040448532630984,6.0,0.0,-0.04516513240646702,-0.04516513240646702,Luoyang
bus_BV11115968,2.6830853903571572e-05,2.6827315527122966e-05,3.538376448605936e-09,0.0004479774047738694,0.0,8.011117956841519,13.5,0.0,-0.06311842247871571,-0.06311842247871571,Luoyang
bus_BV10098331,2.6830853903571572e-05,2.662664329213005e-05,2.04210611441522e-07,6.501849125761794e-07,0.0,6.391302879309938,76.0,0.0,-0.07780738681115754,-0.07780738681115754,Luoyang
bus_BV11542213,2.6830853903571572e-05,2.6717935742694412e-05,1.1291816087716025e-07,6.501849125761794e-07,0.0,7.944941619248732,4.0,0.0,-0.07908818337588644,-0.07908818337588644,Luoyang
bus_BV11178527,2.6830853903571572e-05,2.679528027746951e-05,3.5573626102061506e-08,6.501849125761794e-07,0.0,9.209203486106707,34.5,0.0,-0.08378953802098797,-0.08378953802098797,Luoyang
bus_BV10098153,2.6830853903571572e-05,2.669415521622641e-05,1.3669868734516243e-07,6.501849125761794e-07,0.0,7.127896226637167,184.0,0.0,-0.10742591830605648,-0.10742591830605648,Luoyang
bus_BV10098606,2.6830853903571572e-05,2.6802701853957116e-05,2.8152049614456353e-08,6.501849125761794e-07,0.0,8.619113435930906,6.0,0.0,-0.13370653038924082,-0.13370653038924082,Luoyang
bus_BV11621401,2.6830853903571572e-05,2.677078058127923e-05,6.007332229234248e-08,6.501849125761794e-07,0.0,7.796000296247995,76.0,0.0,-0.1527187748472199,-0.1527187748472199,Luoyang
bus_BV10098587,2.6830853903571572e-05,2.669155277830854e-05,1.3930112526303363e-07,6.501849125761794e-07,0.0,6.275451972446593,76.0,0.0,-0.16358282313527306,-0.16358282313527306,Luoyang
bus_BV11324698,2.6830853903571572e-05,2.68150651827872e-05,1.5788720784371647e-08,6.501849125761794e-07,0.0,8.376368667985938,76.0,0.0,-0.16538863632356735,-0.16538863632356735,Luoyang
bus_BV10619150,2.6830853903571572e-05,2.6792738914600778e-05,3.8114988970794047e-08,6.501849125761794e-07,0.0,7.2229860334632665,9.5,0.0,-0.21885415951880016,-0.21885415951880016,Luoyang
bus_BV11013452,2.6830853903571572e-05,2.682791930468094e-05,2.9345988906330587e-09,6.501849125761794e-07,0.0,7.644599234338929,20.5,0.0,-0.23166172244252956,-0.23166172244252956,Luoyang
bus_BV11107700,2.6830853903571572e-05,2.6822785211009737e-05,8.06869256183559e-09,6.501849125761794e-07,0.0,7.358518588991989,34.5,0.0,-0.2454063966411153,-0.2454063966411153,Luoyang
bus_BV10441389,2.6830853903571572e-05,2.6825817065186866e-05,5.036838384706233e-09,6.501849125761794e-07,0.0,7.3918629623745336,13.5,0.0,-0.24671808322678465,-0.24671808322678465,Luoyang
bus_BV10098473,2.6830853903571572e-05,2.679679871283225e-05,3.4055190739321376e-08,6.501849125761794e-07,0.0,6.861977879281556,52.0,0.0,-0.2488171566196289,-0.2488171566196289,Luoyang
bus_BV10098403,2.6830853903571572e-05,2.677989441602112e-05,5.095948755045126e-08,6.501849125761794e-07,0.0,6.280334271596031,13.5,0.0,-0.269020030549123,-0.269020030549123,Luoyang
bus_BV10098206,2.6830853903571572e-05,2.6801979006045512e-05,2.8874897526059707e-08,6.501849125761794e-07,0.0,6.628289596202445,34.5,0.0,-0.2712688634715284,-0.2712688634715284,Luoyang
bus_BV10501511,2.6830853903571572e-05,2.6822680009034703e-05,8.173894536869536e-09,6.501849125761794e-07,0.0,6.940131806296824,76.0,0.0,-0.274372096642656,-0.274372096642656,Luoyang
bus_BV10741722,2.6830853903571572e-05,2.6823062990985787e-05,7.790912585785347e-09,6.501849125761794e-07,0.0,6.896610431902535,34.5,0.0,-0.2778568329439539,-0.2778568329439539,Luoyang
bus_BV10761771,2.6830853903571572e-05,2.677764670613295e-05,5.320719743862366e-08,6.501849125761794e-07,0.0,6.060692544072143,184.0,0.0,-0.28160104990062396,-0.28160104990062396,Luoyang
bus_BV10565244,2.6830853903571572e-05,2.6818514324584444e-05,1.2339578987128035e-08,6.501849125761794e-07,0.0,6.64274735537558,20.5,0.0,-0.2900622915756693,-0.2900622915756693,Luoyang
bus_BV11523675,2.6830853903571572e-05,2.6825568366709808e-05,5.285536861764355e-09,6.501849125761794e-07,0.0,6.736293560138893,9.5,0.0,-0.2920039720586358,-0.2920039720586358,Luoyang
bus_BV11040786,2.6830853903571572e-05,2.6813992380731914e-05,1.6861522839658436e-08,6.501849125761794e-07,0.0,6.439126287929897,20.5,0.0,-0.29880627191689935,-0.29880627191689935,Luoyang
bus_BV11622635,2.6830853903571572e-05,2.682377850151679e-05,7.075402054783369e-09,0.00022431379484322278,0.0,5.579837032013469,20.5,0.0,-0.299105068971789,-0.299105068971789,Luoyang
bus_BV10098678,2.6830853903571572e-05,2.68299475529486e-05,9.063506229713657e-10,6.501849125761794e-07,0.0,6.692139301543423,116.5,0.0,-0.30031760732642854,-0.30031760732642854,Luoyang
bus_BV09408139,2.6830853903571572e-05,2.678213851878074e-05,4.8715384790831424e-08,6.501849125761794e-07,0.0,5.696157858222607,116.5,0.0,-0.3123265336402461,-0.3123265336402461,Luoyang
bus_BV10098679,2.6830853903571572e-05,2.68270551250659e-05,3.798778505670499e-09,6.501849125761794e-07,0.0,6.426974864355301,184.0,0.0,-0.3152919955479987,-0.3152919955479987,Luoyang
bus_BV11374784,2.6830853903571572e-05,2.682800577804012e-05,2.848125531452377e-09,6.501849125761794e-07,0.0,6.344050444865121,52.0,0.0,-0.32219624778340694,-0.32219624778340694,Luoyang
bus_BV11416364,2.6830853903571572e-05,2.683470909804414e-05,-3.855194472566424e-09,6.501849125761794e-07,0.0,6.367118372887491,34.5,0.0,-0.32861854988971817,-0.32861854988971817,Luoyang
bus_BV10098706,2.6830853903571572e-05,2.682771238427542e-05,3.141519296152753e-09,6.501849125761794e-07,0.0,6.067916569801589,52.0,0.0,-0.34104535117530443,-0.34104535117530443,Luoyang
bus_BV10098095,2.6830853903571572e-05,2.681298687870972e-05,1.7867024861851886e-08,6.501849125761794e-07,0.0,5.80014479244434,52.0,0.0,-0.3420325889447434,-0.3420325889447434,Luoyang
bus_BV11142974,2.6830853903571572e-05,2.6815945601667755e-05,1.4908301903817186e-08,6.501849125761794e-07,0.0,5.784684232478421,76.0,0.0,-0.3466502618585853,-0.3466502618585853,Luoyang
bus_BV11271702,2.6830853903571572e-05,2.682055975203204e-05,1.0294151539533085e-08,6.501849125761794e-07,0.0,5.701106146976787,34.5,0.0,-0.35798648835818425,-0.35798648835818425,Luoyang
bus_BV11517923,2.6830853903571572e-05,2.6840054072689472e-05,-9.200169117900138e-09,6.501849125761794e-07,0.0,5.993793637898872,116.5,0.0,-0.36097677313599397,-0.36097677313599397,Luoyang
bus_BV11194423,2.6830853903571572e-05,2.683021759661773e-05,6.363069538436214e-10,6.501849125761794e-07,0.0,5.6634550154378,76.0,0.0,-0.3721683931137405,-0.3721683931137405,Luoyang
bus_BV11185673,2.6830853903571572e-05,2.6822387018655237e-05,8.46688491633522e-09,6.501849125761794e-07,0.0,5.5153997905024275,184.0,0.0,-0.37308709279321384,-0.37308709279321384,Luoyang
bus_BV10457807,3.735443393981785e-05,3.613250828553808e-05,1.2219256542797693e-06,0.011256488588235025,0.028169014084507043,6.891467428926756,487.5,0.0,1.9587970065549725,1.9587970065549725,Nanchang
bus_BV10273606,3.735443393981785e-05,3.697475242825284e-05,3.7968151156501364e-07,0.021646098977845418,0.026156941649899398,8.755754826190836,2.5,0.0,1.7920329219022577,1.7920329219022577,Nanchang
bus_BV10273610,3.735443393981785e-05,3.7046574820509257e-05,3.078591193085941e-07,0.017749995081741465,0.022132796780684104,5.826493699233345,25.5,0.0,1.161738772933572,1.161738772933572,Nanchang
bus_BV10839126,3.735443393981785e-05,3.702300851568053e-05,3.3142542413731825e-07,0.007793285125031524,0.018108651911468814,8.975110699559657,9.0,0.0,0.9110024422797056,0.9110024422797056,Nanchang
bus_BV11400456,3.735443393981785e-05,3.697354001653713e-05,3.8089392328072123e-07,0.006278133609880054,0.022132796780684104,6.584241136069828,110.0,0.0,0.7726529555973214,0.7726529555973214,Nanchang
bus_BV10273227,3.735443393981785e-05,3.700134638478425e-05,3.530875550335983e-07,0.00043397776572418056,0.002012072434607646,8.691407449631255,25.5,0.09090909090909091,0.7576619176747239,0.7576619176747239,Nanchang
bus_BV10274536,3.735443393981785e-05,3.7079383272056455e-05,2.750506677613954e-07,0.007360384692131072,0.014084507042253521,8.565783683165748,5.5,0.0,0.6904978819618288,0.6904978819618288,Nanchang
bus_BV09006443,3.735443393981785e-05,3.7110151595102914e-05,2.442823447149363e-07,0.0002175275492739548,0.0,16.298456605245477,2.5,0.0,0.6728293205146411,0.6728293205146411,Nanchang
bus_BV10273051,3.735443393981785e-05,3.726269346602236e-05,9.174047379548937e-08,1.0773328237290158e-06,0.0,8.5563876340736,67.0,0.1111111111111111,0.5739995371293185,0.5739995371293185,Nanchang
bus_BV10273353,3.735443393981785e-05,3.729566305777908e-05,5.8770882038770616e-08,0.0012997786315250837,0.002012072434607646,15.223285644818736,1.0,0.0,0.508862727742948,0.508862727742948,Nanchang
bus_BV10273165,3.735443393981785e-05,3.713320756293703e-05,2.2122637688081989e-07,0.0002175275492739548,0.0,6.768537726876789,13.5,0.09090909090909091,0.3919619094254073,0.3919619094254073,Nanchang
bus_BV10273467,3.735443393981785e-05,3.709093722429516e-05,2.6349671552269063e-07,0.0043300816618280225,0.008048289738430584,8.435611953392396,5.5,0.0,0.362105899230915,0.362105899230915,Nanchang
bus_BV10912397,3.735443393981785e-05,3.711161970950195e-05,2.428142303158973e-07,1.0773328237290158e-06,0.0,5.899979206342967,25.5,0.09090909090909091,0.31995595141161515,0.31995595141161515,Nanchang
bus_BV10873756,3.735443393981785e-05,3.671159283845579e-05,6.428411013620599e-07,0.00194912928087565,0.0,5.788706703549792,487.5,0.0,0.12567765501781147,0.12567765501781147,Nanchang
bus_BV10600171,3.735443393981785e-05,3.733843626935089e-05,1.599767046696392e-08,1.0773328237290158e-06,0.0,5.841296149345782,25.5,0.09090909090909091,0.10889003977559875,0.10889003977559875,Nanchang
bus_BV09181591,3.735443393981785e-05,3.679887889696189e-05,5.555550428559594e-07,1.0773328237290158e-06,0.0,7.0356816368810025,110.0,0.0,0.07437422851168556,0.07437422851168556,Nanchang
bus_BV10326147,3.735443393981785e-05,3.720088239651472e-05,1.5355154330313169e-07,0.0021655794973258757,0.006036217303822937,7.925375332730404,9.0,0.0,0.05963599244529101,0.05963599244529101,Nanchang
bus_BV11440759,3.735443393981785e-05,3.671159283845579e-05,6.428411013620599e-07,1.0773328237290158e-06,0.0,5.720332475147849,110.0,0.0,0.029846573632557966,0.029846573632557966,Nanchang
bus_BV10273466,3.735443393981785e-05,3.7054199043202596e-05,3.002348966152547e-07,0.0006504279821744063,0.002012072434607646,6.788920021979981,25.5,0.0,-0.0948612130126626,-0.0948612130126626,Nanchang
bus_BV10273197,3.735443393981785e-05,3.724976289939197e-05,1.0467104042588055e-07,1.0773328237290158e-06,0.0,9.522943560572308,13.5,0.0,-0.10045700193677512,-0.10045700193677512,Nanchang
bus_BV10451963,3.735443393981785e-05,3.7092587552414386e-05,2.618463874034651e-07,1.0773328237290158e-06,0.0,7.869311625853129,9.0,0.0,-0.11344340311150855,-0.11344340311150855,Nanchang
bus_BV10454187,3.735443393981785e-05,3.734965679374923e-05,4.777146068623477e-09,1.0773328237290158e-06,0.0,10.277592140064517,9.0,0.0,-0.12005537482897297,-0.12005537482897297,Nanchang
bus_BV10272835,3.735443393981785e-05,3.7297651511917934e-05,5.678242789991652e-08,1.0773328237290158e-06,0.0,9.6065372375143,25.5,0.0,-0.13599861046317893,-0.13599861046317893,Nanchang
bus_BV10643939,3.735443393981785e-05,3.725430999454966e-05,1.0012394526818846e-07,0.00043397776572418056,0.002012072434607646,8.300715565449304,44.5,0.0,-0.14404984074095886,-0.14404984074095886,Nanchang
bus_BV10273234,3.735443393981785e-05,3.730236382782845e-05,5.207011198940097e-08,1.0773328237290158e-06,0.0,9.219475502970848,25.5,0.0,-0.17664906913447764,-0.17664906913447764,Nanchang
bus_BV10604198,3.735443393981785e-05,3.711764390706138e-05,2.3679003275646845e-07,1.0773328237290158e-06,0.0,7.190115374159122,44.5,0.0,-0.19998819813047297,-0.19998819813047297,Nanchang
bus_BV09384303,3.735443393981785e-05,3.723063763494406e-05,1.2379630487379127e-07,1.0773328237290158e-06,0.0,7.77452430742449,44.5,0.0,-0.2474590070679598,-0.2474590070679598,Nanchang
bus_BV10739462,3.735443393981785e-05,3.730081913238562e-05,5.361480743223311e-08,0.0002175275492739548,0.0,8.149182856619358,25.5,0.0,-0.2659122673257258,-0.2659122673257258,Nanchang
bus_BV09007457,3.735443393981785e-05,3.723670294915161e-05,1.1773099066623771e-07,1.0773328237290158e-06,0.0,7.613256204057995,4.0,0.0,-0.26811324273608333,-0.26811324273608333,Nanchang
bus_BV10613079,3.735443393981785e-05,3.720814205935414e-05,1.46291880463709e-07,1.0773328237290158e-06,0.0,7.008320973870007,25.5,0.0,-0.2990881348337783,-0.2990881348337783,Nanchang
bus_BV11154561,3.735443393981785e-05,3.7092720681704916e-05,2.617132581129349e-07,1.0773328237290158e-06,0.0,5.647587766698804,110.0,0.0,-0.32238408299661303,-0.32238408299661303,Nanchang
bus_BV10273174,3.735443393981785e-05,3.735114588114766e-05,3.2880586701920767e-09,1.0773328237290158e-06,0.0,7.981218721118588,25.5,0.0,-0.33724119755569487,-0.33724119755569487,Nanchang
bus_BV11361596,3.735443393981785e-05,3.7326227799340394e-05,2.8206140477457053e-08,1.0773328237290158e-06,0.0,7.611767553990042,25.5,0.0,-0.3493841796587741,-0.3493841796587741,Nanchang
bus_BV10643936,3.735443393981785e-05,3.732749546832635e-05,2.69384714915002e-08,1.0773328237290158e-06,0.0,7.46087459909163,9.0,0.0,-0.3647154351666989,-0.3647154351666989,Nanchang
bus_BV09382276,3.735443393981785e-05,3.731959048441223e-05,3.484345540562359e-08,1.0773328237290158e-06,0.0,7.1405892076175235,67.0,0.0,-0.3876552747475719,-0.3876552747475719,Nanchang
bus_BV11373068,3.735443393981785e-05,3.732138958590616e-05,3.304435391168845e-08,1.0773328237290158e-06,0.0,7.016519379530966,110.0,0.0,-0.40094702756915845,-0.40094702756915845,Nanchang
bus_BV10273417,3.735443393981785e-05,3.7304733951388374e-05,4.969998842947629e-08,0.0006504279821744063,0.002012072434607646,5.74276564551061,67.0,0.0,-0.4202341669322972,-0.4202341669322972,Nanchang
bus_BV10272908,3.735443393981785e-05,3.724149029202953e-05,1.1294364778832239e-07,1.0773328237290158e-06,0.0,5.817928969469022,294.0,0.0,-0.4411946995773113,-0.4411946995773113,Nanchang
bus_BV11319359,3.735443393981785e-05,3.728008530772456e-05,7.434863209329357e-08,1.0773328237290158e-06,0.0,6.129668104318133,25.5,0.0,-0.4468706641382841,-0.4468706641382841,Nanchang
bus_BV11601558,3.735443393981785e-05,3.734125196952538e-05,1.3181970292473451e-08,0.0002175275492739548,0.0,6.434719421714081,25.5,0.0,-0.46369670810924507,-0.46369670810924507,Nanchang
bus_BV10272843,3.735443393981785e-05,3.733164622498907e-05,2.2787714828783755e-08,1.0773328237290158e-06,0.0,6.422977712986678,25.5,0.0,-0.46602904287701696,-0.46602904287701696,Nanchang
bus_BV11195928,3.735443393981785e-05,3.727256220646892e-05,8.187173334893254e-08,0.00043397776572418056,0.0,5.51093512371139,44.5,0.0,-0.47834001315143276,-0.47834001315143276,Nanchang
bus_BV11389844,3.735443393981785e-05,3.7396963468457196e-05,-4.252952863934511e-08,1.0773328237290158e-06,0.0,6.82109456521294,44.5,0.0,-0.4878031148922586,-0.4878031148922586,Nanchang
bus_BV10273316,3.735443393981785e-05,3.727137681231289e-05,8.30571275049622e-08,1.0773328237290158e-06,0.0,5.486421656275949,13.5,0.0,-0.49943746912852355,-0.49943746912852355,Nanchang
bus_BV10273050,3.735443393981785e-05,3.7295285503606e-05,5.914843621184965e-08,1.0773328237290158e-06,0.0,5.606402037127538,181.0,0.0,-0.5098275192326407,-0.5098275192326407,Nanchang
bus_BV11442637,3.735443393981785e-05,3.7331504021376046e-05,2.2929918441804472e-08,1.0773328237290158e-06,0.0,5.808149437092879,294.0,0.0,-0.5236879392495404,-0.5236879392495404,Nanchang
bus_BV09008599,3.735443393981785e-05,3.73136071383181e-05,4.08268014997484e-08,1.0773328237290158e-06,0.0,5.582301718671302,44.5,0.0,-0.5286965124050494,-0.5286965124050494,Nanchang
bus_BV09019463,3.735443393981785e-05,3.733520067268333e-05,1.92332671345184e-08,1.0773328237290158e-06,0.0,5.61726637395689,294.0,0.0,-0.5449791101972662,-0.5449791101972662,Nanchang
bus_BV11432501,3.735443393981785e-05,3.736075602430884e-05,-6.3220844909880566e-09,1.0773328237290158e-06,0.0,5.74799369651793,110.0,0.0,-0.5558513240443692,-0.5558513240443692,Nanchang
bus_BV10273042,3.735443393981785e-05,3.735443393981785e-05,0.0,1.0773328237290158e-06,0.0,5.456996093113123,25.5,0.0,-0.5774728887898711,-0.5774728887898711,Nanchang
bus_BV09136337,1.8332900203879345e-05,1.6095540003257368e-05,2.2373602006219767e-06,0.22468114474490153,0.4106280193236715,5.683335881411674,409.5,0.0,3.372767972066175,3.372767972066175,Xuzhou
bus_BV10719321,1.8332900203879345e-05,1.7125296544348118e-05,1.2076036595312268e-06,0.09697657340929067,0.23671497584541062,6.661025061197989,108.0,0.0,1.628289342079174,1.628289342079174,Xuzhou
bus_BV10141960,1.8332900203879345e-05,1.8321937160430086e-05,1.096304344925893e-08,1.8707783782323517e-05,0.0,8.258208204145598,23.0,0.07692307692307693,0.8589916696464066,0.8589916696464066,Xuzhou
bus_BV10142296,1.8332900203879345e-05,1.8317900313929397e-05,1.499988994994807e-08,1.8707783782323517e-05,0.0,6.472280566730159,23.0,0.07692307692307693,0.6967916157767549,0.6967916157767549,Xuzhou
bus_BV11356405,1.8332900203879345e-05,1.791828644191687e-05,4.1461376196247387e-07,0.04491865897948755,0.09903381642512077,6.892933536671571,43.0,0.0,0.4938859656172996,0.4938859656172996,Xuzhou
bus_BV10542418,1.8332900203879345e-05,1.779542911382378e-05,5.37471090055564e-07,0.033368309215374925,0.07004830917874397,7.772012827817209,31.0,0.0,0.49022889632148126,0.49022889632148126,Xuzhou
bus_BV10142194,1.8332900203879345e-05,1.82335485632911e-05,9.935164058824338e-08,0.0034350084182380725,0.00966183574879227,14.205639939013466,2.0,0.0,0.4840949838820874,0.4840949838820874,Xuzhou
bus_BV10142196,1.8332900203879345e-05,1.832659503438241e-05,6.305169496934596e-09,0.00034406974896850073,0.0,14.259556675836407,3.5,0.0,0.39028877557131214,0.39028877557131214,Xuzhou
bus_BV10142303,1.8332900203879345e-05,1.8245980651057255e-05,8.69195528220901e-08,0.0008321126967479886,0.0024154589371980675,13.568960181322545,14.5,0.0,0.3818246193381419,0.3818246193381419,Xuzhou
bus_BV11430593,1.8332900203879345e-05,1.8140344340300725e-05,1.9255586357862022e-07,0.0013201556445273654,0.00966183574879227,11.467431586528441,1.0,0.0,0.2718365094441645,0.2718365094441645,Xuzhou
bus_BV10690266,1.8332900203879345e-05,1.8292621155933127e-05,4.027904794621815e-08,1.8707783782323517e-05,0.0,11.124889291678137,6.5,0.0,0.11875255055194545,0.11875255055194545,Xuzhou
bus_BV11300176,1.8332900203879345e-05,1.8329703281108832e-05,3.1969227705127125e-09,1.8707783782323517e-05,0.0,10.833074418943001,14.5,0.0,0.07113463005573473,0.07113463005573473,Xuzhou
bus_BV10849781,1.8332900203879345e-05,1.8318130579065545e-05,1.47696248137998e-08,1.8707783782323517e-05,0.0,10.5268900406976,6.5,0.0,0.04941386043513266,0.04941386043513266,Xuzhou
bus_BV10600263,1.8332900203879345e-05,1.8330848204467677e-05,2.051999411667747e-09,0.000669431714154789,0.0,10.356461255382502,14.5,0.0,0.030374780172341,0.030374780172341,Xuzhou
bus_BV10497185,1.8332900203879345e-05,1.8269476269247924e-05,6.34239346314206e-08,0.00018138876637541212,0.0024154589371980675,9.779085018429974,23.0,0.0,0.015916278289531682,0.015916278289531682,Xuzhou
bus_BV10625257,1.8332900203879345e-05,1.8326268575955265e-05,6.63162792407962e-09,1.8707783782323517e-05,0.0,9.720918276857473,10.5,0.0,-0.029357536990156315,-0.029357536990156315,Xuzhou
bus_BV09232705,1.8332900203879345e-05,1.8331568142323963e-05,1.332061555382177e-09,1.8707783782323517e-05,0.0,8.818741080037334,23.0,0.0,-0.11540009951253447,-0.11540009951253447,Xuzhou
bus_BV10630302,1.8332900203879345e-05,1.829589159250272e-05,3.700861137662624e-08,1.8707783782323517e-05,0.0,8.469398579079062,43.0,0.0,-0.12761000470732453,-0.12761000470732453,Xuzhou
bus_BV10141838,1.8332900203879345e-05,1.832228120022663e-05,1.0619003652715921e-08,0.00018138876637541212,0.0,8.549606546259273,10.5,0.0,-0.13404540159807213,-0.13404540159807213,Xuzhou
bus_BV10985569,1.8332900203879345e-05,1.822422784933299e-05,1.0867235454635636e-07,0.0024589225226793188,0.007246376811594203,7.500999522259682,67.5,0.0,-0.14094935712736548,-0.14094935712736548,Xuzhou
bus_BV10141898,1.8332900203879345e-05,1.8341790144975995e-05,-8.889941096649708e-09,0.00034406974896850073,0.0,8.564947395472316,3.5,0.0,-0.14260468797793804,-0.14260468797793804,Xuzhou
bus_BV10760578,1.8332900203879345e-05,1.8286256220214103e-05,4.6643983665241567e-08,1.8707783782323517e-05,0.0,7.982708994615072,23.0,0.0,-0.16703658985425102,-0.16703658985425102,Xuzhou
bus_BV10706213,1.8332900203879345e-05,1.8305542288105647e-05,2.735791577369753e-08,0.0024589225226793188,0.007246376811594203,7.5901704142640165,43.0,0.0,-0.17823007690732762,-0.17823007690732762,Xuzhou
bus_BV10141828,1.8332900203879345e-05,1.829566786216271e-05,3.723234171663619e-08,1.8707783782323517e-05,0.0,7.786398437404612,23.0,0.0,-0.19037942386121148,-0.19037942386121148,Xuzhou
bus_BV09046887,1.8332900203879345e-05,1.833267217109927e-05,2.280327800737792e-10,1.8707783782323517e-05,0.0,7.8660905090115545,14.5,0.0,-0.20374331007137028,-0.20374331007137028,Xuzhou
bus_BV11319592,1.8332900203879345e-05,1.829816109599954e-05,3.473910787980502e-08,-0.0001439731988108761,0.0,7.66279576788058,14.5,0.0,-0.20409882482881245,-0.20409882482881245,Xuzhou
bus_BV10142015,1.8332900203879345e-05,1.8321277137463436e-05,1.1623066415908899e-08,0.00034406974896850073,0.0,7.699969216466217,43.0,0.0,-0.21078067563961406,-0.21078067563961406,Xuzhou
bus_BV10637631,1.8332900203879345e-05,1.8218792692822695e-05,1.141075110566497e-07,0.00018138876637541212,0.0024154589371980675,6.879912289750278,165.5,0.0,-0.22270086607698172,-0.22270086607698172,Xuzhou
bus_BV10141855,1.8332900203879345e-05,1.8262668586233396e-05,7.02316176459486e-08,1.8707783782323517e-05,0.0,7.121371574244939,67.5,0.0,-0.23315718824757217,-0.23315718824757217,Xuzhou
bus_BV10141853,1.8332900203879345e-05,1.8318711242293752e-05,1.418896158559272e-08,1.8707783782323517e-05,0.0,7.356035685919026,43.0,0.0,-0.24290152974115456,-0.24290152974115456,Xuzhou
bus_BV10714025,1.8332900203879345e-05,1.8268947646499997e-05,6.395255737934826e-08,1.8707783782323517e-05,0.0,7.032072976650967,9.0,0.0,-0.24489319382498664,-0.24489319382498664,Xuzhou
bus_BV10380972,1.8332900203879345e-05,1.8332900203879345e-05,0.0,1.8707783782323517e-05,0.0,7.353907740196013,6.5,0.0,-0.2510356245461417,-0.2510356245461417,Xuzhou
bus_BV09134148,1.8332900203879345e-05,1.832763230589268e-05,5.267897986665999e-09,1.8707783782323517e-05,0.0,7.2618631987881175,409.5,0.0,-0.25656444350519225,-0.25656444350519225,Xuzhou
bus_BV11590226,1.8332900203879345e-05,1.8317949996901784e-05,1.495020697756143e-08,1.8707783782323517e-05,0.0,7.0455352906814035,43.0,0.0,-0.2710683090663972,-0.2710683090663972,Xuzhou
bus_BV10690276,1.8332900203879345e-05,1.820902923367883e-05,1.2387097020051486e-07,1.8707783782323517e-05,0.0,6.2170401920402565,108.0,0.0,-0.2864242158880492,-0.2864242158880492,Xuzhou
bus_BV10759748,1.8332900203879345e-05,1.8311869732448514e-05,2.1030471430831012e-08,1.8707783782323517e-05,0.0,6.612454729205581,165.5,0.0,-0.30754720342683844,-0.30754720342683844,Xuzhou
bus_BV10569746,1.8332900203879345e-05,1.8331106618866623e-05,1.7935850127220637e-09,1.8707783782323517e-05,0.0,6.651000005930746,108.0,0.0,-0.31475998027268487,-0.31475998027268487,Xuzhou
bus_BV11185774,1.8332900203879345e-05,1.8332503703902634e-05,3.9649997671129195e-10,1.8707783782323517e-05,0.0,6.625904232068486,6.5,0.0,-0.3178525553835427,-0.3178525553835427,Xuzhou
bus_BV10457174,1.8332900203879345e-05,1.8329782310851662e-05,3.1178930276831783e-09,0.0018081985923067423,0.0,6.485851747201776,67.5,0.0,-0.3188594612492745,-0.3188594612492745,Xuzhou
bus_BV10141908,1.8332900203879345e-05,1.8318989376990985e-05,1.3910826888359766e-08,1.8707783782323517e-05,0.0,6.202874991059736,23.0,0.0,-0.34924681361109,-0.34924681361109,Xuzhou
bus_BV10142302,1.8332900203879345e-05,1.8320135341894637e-05,1.2764861984707586e-08,1.8707783782323517e-05,0.0,5.9950747917324465,165.5,0.0,-0.36902337318563055,-0.36902337318563055,Xuzhou
bus_BV10142304,1.8332900203879345e-05,1.8325603997046278e-05,7.296206833066983e-09,1.8707783782323517e-05,0.0,5.89971926997101,165.5,0.0,-0.38086374684722135,-0.38086374684722135,Xuzhou
bus_BV10861215,1.8332900203879345e-05,1.8332900203879345e-05,0.0,1.8707783782323517e-05,0.0,5.93080147109733,31.0,0.0,-0.3820834468238079,-0.3820834468238079,Xuzhou
bus_BV11674790,1.8332900203879345e-05,1.8369639482845037e-05,-3.6739278965692494e-08,-0.0001439731988108761,0.0,6.146145901514878,108.0,0.0,-0.3837499023706726,-0.3837499023706726,Xuzhou
bus_BV10142322,1.8332900203879345e-05,1.8332900203879345e-05,0.0,0.00018138876637541212,0.0,5.8291639642919675,14.5,0.0,-0.3905003206060004,-0.3905003206060004,Xuzhou
bus_BV10593878,1.8332900203879345e-05,1.8322362904300525e-05,1.053729957882e-08,1.8707783782323517e-05,0.0,5.733721784106055,165.5,0.0,-0.3943364931940791,-0.3943364931940791,Xuzhou
bus_BV11562664,1.8332900203879345e-05,1.8328286340106856e-05,4.613863772488883e-09,1.8707783782323517e-05,0.0,5.743291835611656,43.0,0.0,-0.3967691468030479,-0.3967691468030479,Xuzhou
bus_BV09178191,1.8332900203879345e-05,1.832961542398406e-05,3.2847798952862818e-09,0.0011574746619341658,0.0,5.672152264803584,43.0,0.0,-0.39746620319197595,-0.39746620319197595,Xuzhou
bus_BV10141865,1.8332900203879345e-05,1.8324113390512667e-05,8.786813366678175e-09,1.8707783782323517e-05,0.0,5.704222627294871,43.0,0.0,-0.39803227061497554,-0.39803227061497554,Xuzhou
bus_BV10142281,1.8332900203879345e-05,1.8309884747609082e-05,2.3015456270262575e-08,1.8707783782323517e-05,0.0,5.590760540876734,43.0,0.0,-0.40052017169438214,-0.40052017169438214,Xuzhou
bus_BV10244410,3.588119215661729e-05,3.565046350852978e-05,2.3072864808750774e-07,0.013615793852425395,0.02208835341365462,15.656561572023296,3.0,0.0,3.4860694068161204,3.4860694068161204,Dongguan
bus_BV10595089,3.588119215661729e-05,3.587073406402665e-05,1.0458092590636249e-08,3.3847064062619836e-07,0.0,8.927018193223864,13.5,0.08333333333333333,1.2588366027798437,1.2588366027798437,Dongguan
bus_BV11203551,3.588119215661729e-05,3.528626140113027e-05,5.94930755487021e-07,0.00018433111093507648,0.006024096385542169,8.674569904915167,3.0,0.0,0.9413119234273358,0.9413119234273358,Dongguan
bus_BV11401447,3.588119215661729e-05,3.52875704767677e-05,5.936216798495869e-07,3.3847064062619836e-07,0.0,11.914188544447127,8.0,0.0,0.8276099341367255,0.8276099341367255,Dongguan
bus_BV10263365,3.588119215661729e-05,3.5730271374803466e-05,1.509207818138229e-07,0.00036832375122941574,0.004016064257028112,11.650095641467297,1.0,0.0,0.530054171711061,0.530054171711061,Dongguan
bus_BV10264572,3.588119215661729e-05,3.534994083307435e-05,5.312513235429422e-07,3.3847064062619836e-07,0.0,8.396242551715218,27.0,0.0,0.4450828968981304,0.4450828968981304,Dongguan
bus_BV10529468,3.588119215661729e-05,3.571565312974959e-05,1.6553902686769912e-07,0.000552316391523866,0.002008032128514056,10.789195505839714,5.0,0.0,0.36965754143885854,0.36965754143885854,Dongguan
bus_BV11689332,3.588119215661729e-05,3.578848472774359e-05,9.270742887369863e-08,3.3847064062619836e-07,0.0,13.745830183073581,3.0,0.0,0.3502039161151831,0.3502039161151831,Dongguan
bus_BV10973226,3.588119215661729e-05,3.5419460532717546e-05,4.617316238997432e-07,0.0007363090318182053,0.0,6.559545469700464,496.0,0.0,0.2758754142800791,0.2758754142800791,Dongguan
bus_BV10264111,3.588119215661729e-05,3.581999740982015e-05,6.119474679713735e-08,3.3847064062619836e-07,0.0,13.2748671000326,27.0,0.0,0.2696125540060386,0.2696125540060386,Dongguan
bus_BV10263175,3.588119215661729e-05,3.568283264529766e-05,1.983595113196269e-07,3.3847064062619836e-07,0.0,10.99186437899261,48.0,0.0,0.24669486708245236,0.24669486708245236,Dongguan
bus_BV10262189,3.588119215661729e-05,3.5561510402041975e-05,3.196817545753143e-07,0.00036832375122941574,0.002008032128514056,6.848018833570056,82.5,0.0,0.2059159663000054,0.2059159663000054,Dongguan
bus_BV10471293,3.588119215661729e-05,3.588119215661729e-05,0.0,3.3847064062619836e-07,0.0,13.065821145847014,8.0,0.0,0.1739609134526732,0.1739609134526732,Dongguan
bus_BV10973233,3.588119215661729e-05,3.5455753358612376e-05,4.2543879800491333e-07,3.3847064062619836e-07,0.0,5.9901212856589146,940.5,0.0,0.10334405966126586,0.10334405966126586,Dongguan
bus_BV09369478,3.588119215661729e-05,3.5659201970313146e-05,2.2199018630414277e-07,3.3847064062619836e-07,0.0,7.738891218423828,496.0,0.0,-0.0038916569199964196,-0.0038916569199964196,Dongguan
bus_BV10412693,3.588119215661729e-05,3.556589004216228e-05,3.153021144550075e-07,3.3847064062619836e-07,0.0,6.332067881020723,82.5,0.0,-0.006865862050279576,-0.006865862050279576,Dongguan
bus_BV10421575,3.588119215661729e-05,3.560509090106754e-05,2.761012555497504e-07,3.3847064062619836e-07,0.0,6.580506459222945,266.5,0.0,-0.03516266517879155,-0.03516266517879155,Dongguan
bus_BV11690580,3.588119215661729e-05,3.57544027195377e-05,1.267894370795888e-07,0.00018433111093507648,0.002008032128514056,6.916475937336281,82.5,0.0,-0.052198572067703515,-0.052198572067703515,Dongguan
bus_BV10493959,3.588119215661729e-05,3.585730237382665e-05,2.3889782790636105e-08,3.3847064062619836e-07,0.0,9.601111272063314,27.0,0.0,-0.0945586999330891,-0.0945586999330891,Dongguan
bus_BV10344910,3.588119215661729e-05,3.577076636592005e-05,1.1042579069723982e-07,3.3847064062619836e-07,0.0,8.192742689570325,48.0,0.0,-0.10626103726281277,-0.10626103726281277,Dongguan
bus_BV10712683,3.588119215661729e-05,3.582563672419437e-05,5.555543242292022e-08,0.00018433111093507648,0.002008032128514056,7.171153574410952,8.0,0.0,-0.12058944514334582,-0.12058944514334582,Dongguan
bus_BV11023248,3.588119215661729e-05,3.583597536654917e-05,4.5216790068119375e-08,3.3847064062619836e-07,0.0,8.841054815852713,13.5,0.0,-0.1330595723152785,-0.1330595723152785,Dongguan
bus_BV10264114,3.588119215661729e-05,3.578274468366778e-05,9.844747294950702e-08,3.3847064062619836e-07,0.0,7.468555249910831,27.0,0.0,-0.1839141562160946,-0.1839141562160946,Dongguan
bus_BV10264124,3.588119215661729e-05,3.5864351675661764e-05,1.6840480955525035e-08,3.3847064062619836e-07,0.0,8.467732433510319,8.0,0.0,-0.2012513667880242,-0.2012513667880242,Dongguan
bus_BV10262125,3.588119215661729e-05,3.583847609519414e-05,4.2716061423152415e-08,0.000552316391523866,0.0,7.408783593197115,13.5,0.0,-0.20172286704779588,-0.20172286704779588,Dongguan
bus_BV11034369,3.588119215661729e-05,3.581185975649969e-05,6.93324001175988e-08,0.00036832375122941574,0.0,7.047345115517008,17.5,0.0,-0.21848090589061248,-0.21848090589061248,Dongguan
bus_BV10977882,3.588119215661729e-05,3.583970100886842e-05,4.1491147748869996e-08,0.00018433111093507648,0.0,7.44088654047523,13.5,0.0,-0.23920012106104002,-0.23920012106104002,Dongguan
bus_BV09250597,3.588119215661729e-05,3.585475744065877e-05,2.6434715958518692e-08,3.3847064062619836e-07,0.0,7.822677247432578,17.5,0.0,-0.24471600817635716,-0.24471600817635716,Dongguan
bus_BV10954394,3.588119215661729e-05,3.5712907679145394e-05,1.6828447747189567e-07,3.3847064062619836e-07,0.0,5.706072426590358,82.5,0.0,-0.2473396549908249,-0.2473396549908249,Dongguan
bus_BV11689977,3.588119215661729e-05,3.5771541320563895e-05,1.0965083605339436e-07,3.3847064062619836e-07,0.0,6.3661202692525,48.0,0.0,-0.2647855555847395,-0.2647855555847395,Dongguan
bus_BV10338707,3.588119215661729e-05,3.5900625467494134e-05,-1.9433310876845224e-08,3.3847064062619836e-07,0.0,8.124100938002774,27.0,0.0,-0.27689989303999907,-0.27689989303999907,Dongguan
bus_BV09338850,3.588119215661729e-05,3.58454327895231e-05,3.575936709419115e-08,3.3847064062619836e-07,0.0,7.278990608132326,27.0,0.0,-0.2797798218397758,-0.2797798218397758,Dongguan
bus_BV10262126,3.588119215661729e-05,3.584760544708479e-05,3.358670953249737e-08,0.00018433111093507648,0.0,7.080183961868007,8.0,0.0,-0.2803361180372548,-0.2803361180372548,Dongguan
bus_BV10543567,3.588119215661729e-05,3.584028225176425e-05,4.090990485304205e-08,3.3847064062619836e-07,0.0,7.020389741482164,48.0,0.0,-0.2955503321860963,-0.2955503321860963,Dongguan
bus_BV10264136,3.588119215661729e-05,3.583073476150506e-05,5.045739511223135e-08,3.3847064062619836e-07,0.0,6.813337416298692,27.0,0.0,-0.3012976348364955,-0.3012976348364955,Dongguan
bus_BV10709326,3.588119215661729e-05,3.5816846441890886e-05,6.434571472640273e-08,3.3847064062619836e-07,0.0,6.358226923466686,27.0,0.0,-0.32293323466213875,-0.32293323466213875,Dongguan
bus_BV10263569,3.588119215661729e-05,3.5844498552522424e-05,3.6693604094865245e-08,3.3847064062619836e-07,0.0,6.727708438806934,27.0,0.0,-0.32614148050122915,-0.32614148050122915,Dongguan
bus_BV10262300,3.588119215661729e-05,3.5820425061349683e-05,6.076709526760574e-08,0.00018433111093507648,0.0,5.886181676406656,27.0,0.0,-0.34883904506636204,-0.34883904506636204,Dongguan
bus_BV10464806,3.588119215661729e-05,3.5846487633351696e-05,3.4704523265593383e-08,3.3847064062619836e-07,0.0,6.426958049724378,82.5,0.0,-0.3546034686893031,-0.3546034686893031,Dongguan
bus_BV10262202,3.588119215661729e-05,3.5868294566165896e-05,1.2897590451393449e-08,3.3847064062619836e-07,0.0,6.747369797167415,13.5,0.0,-0.3546295907088013,-0.3546295907088013,Dongguan
bus_BV10262542,3.588119215661729e-05,3.587063067942813e-05,1.0561477189159683e-08,3.3847064062619836e-07,0.0,6.726970268428075,48.0,0.0,-0.3593522212466954,-0.3593522212466954,Dongguan
bus_BV10751275,3.588119215661729e-05,3.587302270520227e-05,8.169451415021177e-09,3.3847064062619836e-07,0.0,6.711713340134699,48.0,0.0,-0.36370223734081414,-0.36370223734081414,Dongguan
bus_BV10326066,3.588119215661729e-05,3.588303202893716e-05,-1.8398723198730267e-09,3.3847064062619836e-07,0.0,6.7856961083057765,142.5,0.0,-0.3700176539904375,-0.3700176539904375,Dongguan
bus_BV10479939,3.588119215661729e-05,3.584191857591906e-05,3.927358069822712e-08,3.3847064062619836e-07,0.0,6.134577813621359,142.5,0.0,-0.37402493746105736,-0.37402493746105736,Dongguan
bus_BV11632086,3.588119215661729e-05,3.587669621828569e-05,4.49593833160239e-09,3.3847064062619836e-07,0.0,6.475858438258199,266.5,0.0,-0.3887037588151636,-0.3887037588151636,Dongguan
bus_BV11367990,3.588119215661729e-05,3.5877863130634825e-05,3.3290259824643844e-09,3.3847064062619836e-07,0.0,6.361970638933195,48.0,0.0,-0.4000064516819647,-0.4000064516819647,Dongguan
bus_BV10409074,3.588119215661729e-05,3.587467964682297e-05,6.512509794321471e-09,3.3847064062619836e-07,0.0,6.0557398467074695,142.5,0.0,-0.4223800148038709,-0.4223800148038709,Dongguan
bus_BV10264116,3.588119215661729e-05,3.585729279860793e-05,2.3899358009360028e-08,3.3847064062619836e-07,0.0,5.739012252510664,266.5,0.0,-0.42764276288427217,-0.42764276288427217,Dongguan
bus_BV10564753,3.588119215661729e-05,3.5857440748185865e-05,2.375140843142396e-08,3.3847064062619836e-07,0.0,5.676008712186831,13.5,0.0,-0.4332643232381323,-0.4332643232381323,Dongguan
bus_BV11690097,3.588119215661729e-05,3.5868682709352724e-05,1.2509447264565186e-08,3.3847064062619836e-07,0.0,5.645828730174264,27.0,0.0,-0.4501270404491243,-0.4501270404491243,Dongguan
bus_BV11121700,3.346412820705598e-05,3.185545383208559e-05,1.6086743749703855e-06,0.05864985092419228,0.14428857715430862,8.186058680405598,130.0,0.0,3.5483763509366537,3.5483763509366537,Changchun
bus_BV10994990,3.346412820705598e-05,3.223786328749053e-05,1.2262649195654495e-06,0.006735936023584466,0.008016032064128256,19.323740777075827,4.0,0.0,1.6308953482769415,1.6308953482769415,Changchun
bus_BV11123651,3.346412820705598e-05,3.3152135392454305e-05,3.1199281460167304e-07,0.006571651482759733,0.022044088176352707,5.890458998132103,130.0,0.1111111111111111,0.9363796138228994,0.9363796138228994,Changchun
bus_BV11082535,3.346412820705598e-05,3.333615650634e-05,1.2797170071597802e-07,0.0014788307171937909,0.002004008016032064,17.239988089875066,2.5,0.043478260869565216,0.8411583251273552,0.8411583251273552,Changchun
bus_BV10479025,3.346412820705598e-05,3.305869211416733e-05,4.054360928886481e-07,0.017743000258839903,0.02004008016032064,7.822611448873427,43.0,0.0,0.5656466467561427,0.5656466467561427,Changchun
bus_BV09040316,3.346412820705598e-05,3.32912071961729e-05,1.7292101088307616e-07,0.01807156934048937,0.028056112224448898,7.648481487335685,60.0,0.0,0.4725502381962697,0.4725502381962697,Changchun
bus_BV10110355,3.346412820705598e-05,3.3251854274861724e-05,2.1227393219425383e-07,2.6984977141708555e-07,0.0,7.851296925387427,43.0,0.08333333333333333,0.4497606806716422,0.4497606806716422,Changchun
bus_BV10111955,3.346412820705598e-05,3.3199135630416585e-05,2.6499257663939316e-07,0.015607301228118708,0.018036072144288578,7.650404548412293,60.0,0.0,0.38682284923563576,0.38682284923563576,Changchun
bus_BV10111557,3.346412820705598e-05,3.345535254767004e-05,8.77565938594096e-09,2.6984977141708555e-07,0.0,6.064989081980731,130.0,0.1111111111111111,0.3763502065613493,0.3763502065613493,Changchun
bus_BV10110221,3.346412820705598e-05,3.304429110762961e-05,4.1983709942636737e-07,0.002628822502966699,0.006012024048096192,10.319687799893776,16.0,0.0,0.2886467591989319,0.2886467591989319,Changchun
bus_BV09039001,3.346412820705598e-05,3.344877207794478e-05,1.535612911119879e-08,0.003943098829564451,0.002004008016032064,13.906957447200014,2.5,0.0,0.2557052483468082,0.2557052483468082,Changchun
bus_BV11340469,3.346412820705598e-05,3.342922239625006e-05,3.490581080591964e-08,2.6984977141708555e-07,0.0,9.392819427599596,5.5,0.05555555555555555,0.23532617454120056,0.23532617454120056,Changchun
bus_BV10110063,3.346412820705598e-05,3.342005135148746e-05,4.407685556851468e-08,2.6984977141708555e-07,0.0,5.870807096094424,28.5,0.07692307692307693,0.13874657067946705,0.13874657067946705,Changchun
bus_BV10110415,3.346412820705598e-05,3.338581985227067e-05,7.830835478531069e-08,2.6984977141708555e-07,0.0,12.810314723728245,1.0,0.0,0.11311808116082514,0.11311808116082514,Changchun
bus_BV10110539,3.346412820705598e-05,3.336366627139995e-05,1.0046193565602937e-07,0.0004931234722455047,0.002004008016032064,10.760955457986183,10.5,0.0,0.008733533326171897,0.008733533326171897,Changchun
bus_BV09215297,3.346412820705598e-05,3.339771076065158e-05,6.641744640439797e-08,0.004107383370389073,0.01002004008016032,7.360570959468956,87.5,0.0,-0.10744549466851264,-0.10744549466851264,Changchun
bus_BV10110496,3.346412820705598e-05,3.3351704684268945e-05,1.124235227870329e-07,2.6984977141708555e-07,0.0,8.874796513702044,8.0,0.0,-0.15134884660004916,-0.15134884660004916,Changchun
bus_BV09074401,3.346412820705598e-05,3.316274259664254e-05,3.013856104134354e-07,0.00016455439059614996,0.002004008016032064,6.678866022941716,28.5,0.0,-0.15556837195288176,-0.15556837195288176,Changchun
bus_BV10994995,3.346412820705598e-05,3.342968794326927e-05,3.444026378671074e-08,0.0006574080130702376,0.002004008016032064,9.081890307666447,8.0,0.0,-0.15755349523212628,-0.15755349523212628,Changchun
bus_BV11675914,3.346412820705598e-05,3.346407488694364e-05,5.332011233634502e-11,2.6984977141708555e-07,0.0,9.853226285665079,10.5,0.0,-0.1592165170573992,-0.1592165170573992,Changchun
bus_BV10111912,3.346412820705598e-05,3.332824885756236e-05,1.3587934949361628e-07,0.0032859606662655194,0.006012024048096192,6.7138326453438015,60.0,0.0,-0.16245674426837617,-0.16245674426837617,Changchun
bus_BV10110669,3.346412820705598e-05,3.341836209635855e-05,4.576611069742717e-08,0.00016455439059614996,0.0,9.312768488157829,60.0,0.0,-0.16281700567493068,-0.16281700567493068,Changchun
bus_BV10110456,3.346412820705598e-05,3.334897901326032e-05,1.1514919379565871e-07,2.6984977141708555e-07,0.0,8.613394145048519,16.0,0.0,-0.16858934021534336,-0.16858934021534336,Changchun
bus_BV10110480,3.346412820705598e-05,3.3446862254326016e-05,1.7265952729961958e-08,2.6984977141708555e-07,0.0,9.024056582565372,28.5,0.0,-0.20783280645953045,-0.20783280645953045,Changchun
bus_BV10473443,3.346412820705598e-05,3.32745507080943e-05,1.8957749896167733e-07,2.6984977141708555e-07,0.0,7.352016468477133,28.5,0.0,-0.2083604600700925,-0.2083604600700925,Changchun
bus_BV10110067,3.346412820705598e-05,3.3380968479808715e-05,8.315972724726292e-08,2.6984977141708555e-07,0.0,8.27479714532039,5.5,0.0,-0.2160915434111725,-0.2160915434111725,Changchun
bus_BV11647566,3.346412820705598e-05,3.346412820705598e-05,0.0,0.00016455439059614996,0.0,8.909973925447666,454.5,0.0,-0.22479012127527573,-0.22479012127527573,Changchun
bus_BV11620287,3.346412820705598e-05,3.334960991745837e-05,1.145182895976064e-07,0.00016455439059614996,0.0,7.641145428033575,19.5,0.0,-0.2366989085937131,-0.2366989085937131,Changchun
bus_BV10110501,3.346412820705598e-05,3.342744135547287e-05,3.668685158310749e-08,0.0003288389314207718,0.0,8.197102579966554,8.0,0.0,-0.24743191049433946,-0.24743191049433946,Changchun
bus_BV10392540,3.346412820705598e-05,3.3353151169326416e-05,1.1097703772956123e-07,2.6984977141708555e-07,0.0,7.295350069709449,28.5,0.0,-0.268214843800776,-0.268214843800776,Changchun
bus_BV10110262,3.346412820705598e-05,3.341684332568201e-05,4.728488137396511e-08,0.00016455439059614996,0.0,7.8235633906320485,19.5,0.0,-0.2709631957165529,-0.2709631957165529,Changchun
bus_BV10110225,3.346412820705598e-05,3.34479382861105e-05,1.618992094548085e-08,2.6984977141708555e-07,0.0,8.003035971774926,13.0,0.0,-0.28347979229659837,-0.28347979229659837,Changchun
bus_BV10111119,3.346412820705598e-05,3.3243473618533396e-05,2.206545885225815e-07,2.6984977141708555e-07,0.0,6.025381424642907,87.5,0.0,-0.28363752500816997,-0.28363752500816997,Changchun
bus_BV09010371,3.346412820705598e-05,3.343965915149714e-05,2.4469055558837207e-08,0.00016455439059614996,0.0,7.56937122624299,87.5,0.0,-0.30577423601115983,-0.30577423601115983,Changchun
bus_BV11123650,3.346412820705598e-05,3.331130400807812e-05,1.528241989778601e-07,2.6984977141708555e-07,0.0,6.290924482576928,294.5,0.0,-0.3122282235600286,-0.3122282235600286,Changchun
bus_BV09008968,3.346412820705598e-05,3.343994503072598e-05,2.4183176329998612e-08,2.6984977141708555e-07,0.0,7.240143612085482,28.5,0.0,-0.3337682059656259,-0.3337682059656259,Changchun
bus_BV11132629,3.346412820705598e-05,3.3464085148244355e-05,4.30588116228617e-11,2.6984977141708555e-07,0.0,7.4631639994220444,197.5,0.0,-0.3345175820688371,-0.3345175820688371,Changchun
bus_BV09319105,3.346412820705598e-05,3.349591200821033e-05,-3.17838011543517e-08,2.6984977141708555e-07,0.0,7.620533269346806,19.5,0.0,-0.3455290169592309,-0.3455290169592309,Changchun
bus_BV10378175,3.346412820705598e-05,3.331802370544847e-05,1.4610450160751012e-07,2.6984977141708555e-07,0.0,5.7858335802315715,28.5,0.0,-0.35403474127994283,-0.35403474127994283,Changchun
bus_BV10110518,3.346412820705598e-05,3.3500017435072674e-05,-3.588922801669612e-08,2.6984977141708555e-07,0.0,7.422247551882825,13.0,0.0,-0.36298105245057877,-0.36298105245057877,Changchun
bus_BV09064779,3.346412820705598e-05,3.3398540966054424e-05,6.558724100155393e-08,0.0003288389314207718,0.0,6.204742798520167,60.0,0.0,-0.3730775389822955,-0.3730775389822955,Changchun
bus_BV10110561,3.346412820705598e-05,3.334833597856491e-05,1.1579222849106903e-07,2.6984977141708555e-07,0.0,5.7444108929562745,197.5,0.0,-0.3785528541006338,-0.3785528541006338,Changchun
bus_BV10392583,3.346412820705598e-05,3.337804396614615e-05,8.608424090982637e-08,2.6984977141708555e-07,0.0,5.690624444765355,16.0,0.0,-0.4035495471133185,-0.4035495471133185,Changchun
bus_BV10995029,3.346412820705598e-05,3.3415081590059115e-05,4.9046616996862474e-08,2.6984977141708555e-07,0.0,6.039169539133087,43.0,0.0,-0.4042320987323755,-0.4042320987323755,Changchun
bus_BV10392620,3.346412820705598e-05,3.3417194761686435e-05,4.693344536954228e-08,2.6984977141708555e-07,0.0,6.018101089911379,28.5,0.0,-0.407274765089951,-0.407274765089951,Changchun
bus_BV09256593,3.346412820705598e-05,3.346349169957848e-05,6.365074774962085e-10,2.6984977141708555e-07,0.0,6.249799863359692,60.0,0.0,-0.4230885383645017,-0.4230885383645017,Changchun
bus_BV11044392,3.346412820705598e-05,3.346351556790879e-05,6.126391471900213e-10,2.6984977141708555e-07,0.0,5.974664984038193,19.5,0.0,-0.4432846068322842,-0.4432846068322842,Changchun
bus_BV10110265,3.346412820705598e-05,3.34762092986904e-05,-1.208109163442384e-08,2.6984977141708555e-07,0.0,5.895556923910392,43.0,0.0,-0.45808171610396364,-0.45808171610396364,Changchun
bus_BV10110455,3.346412820705598e-05,3.346254160292747e-05,1.5866041285078343e-09,2.6984977141708555e-07,0.0,5.639029552686733,13.0,0.0,-0.4672108630937899,-0.4672108630937899,Changchun
bus_BV10990247,3.346412820705598e-05,3.3464011679526266e-05,1.165275297112492e-10,0.0004931234722455047,0.0,5.486099852830665,43.0,0.0,-0.46853411733393735,-0.46853411733393735,Changchun
bus_BV09406125,3.471843277782982e-05,3.2921679943860864e-05,1.796752833968953e-06,0.11450367322956734,0.22469635627530365,7.3333909987309145,165.0,0.0,2.6401781964270308,2.6401781964270308,Shenyang
bus_BV11183612,3.471843277782982e-05,3.289487730924215e-05,1.8235554685876702e-06,0.11631855526223522,0.22672064777327935,6.272776663897973,423.0,0.0,2.5529430319287316,2.5529430319287316,Shenyang
bus_BV11355508,3.471843277782982e-05,3.3817654221749404e-05,9.007785560804127e-07,0.06583183689892891,0.13562753036437247,7.664970127672557,101.0,0.0,1.4255045081072708,1.4255045081072708,Shenyang
bus_BV10856687,3.471843277782982e-05,3.4414454083592694e-05,3.0397869423712346e-07,1.1158957941015402e-06,0.0,10.464219811098031,5.5,0.06666666666666667,0.9371488093312585,0.9371488093312585,Shenyang
bus_BV10944872,3.471843277782982e-05,3.469031937591037e-05,2.811340191944707e-08,1.1158957941015402e-06,0.0,6.27395211891565,63.5,0.1,0.6005804574767244,0.6005804574767244,Shenyang
bus_BV11066649,3.471843277782982e-05,3.467122965672671e-05,4.720312110310926e-08,1.1158957941015402e-06,0.0,6.473580999991299,13.5,0.08333333333333333,0.4816613843573041,0.4816613843573041,Shenyang
bus_BV10922236,3.471843277782982e-05,3.469367641352638e-05,2.4756364303435852e-08,0.00033109444718826264,0.0,12.602822006290278,3.0,0.0,0.4313332565046818,0.4313332565046818,Shenyang
bus_BV11194086,3.471843277782982e-05,3.429858737931036e-05,4.19845398519456e-07,0.027884303488600493,0.05060728744939271,6.655023618295741,101.0,0.0,0.38060909387951936,0.38060909387951936,Shenyang
bus_BV10049323,3.471843277782982e-05,3.471352196255636e-05,4.910815273458341e-09,1.1158957941015402e-06,0.0,6.969978411690804,5.5,0.06666666666666667,0.3647839762729794,0.3647839762729794,Shenyang
bus_BV10954420,3.471843277782982e-05,3.4630439783881084e-05,8.799299394873295e-08,1.1158957941015402e-06,0.0,11.137415544736232,1.0,0.0,0.28982037622930684,0.28982037622930684,Shenyang
bus_BV10049974,3.471843277782982e-05,3.4714676808566534e-05,3.755969263282951e-09,1.1158957941015402e-06,0.0,11.51114287476233,2.0,0.0,0.2886687672839865,0.2886687672839865,Shenyang
bus_BV10049757,3.471843277782982e-05,3.4710235410604264e-05,8.197367225553504e-09,1.1158957941015402e-06,0.0,11.162515381660343,36.5,0.0,0.24995839003985676,0.24995839003985676,Shenyang
bus_BV10050738,3.471843277782982e-05,3.428677229932258e-05,4.316604785072368e-07,0.0004960837228853432,0.0020242914979757085,8.772887943383518,13.5,0.0,0.20806516177645318,0.20806516177645318,Shenyang
bus_BV10433929,3.471843277782982e-05,3.467563027224742e-05,4.28025055823969e-08,0.0001661051714911821,0.0020242914979757085,9.025744369013687,63.5,0.0,0.02648233928911005,0.02648233928911005,Shenyang
bus_BV10944878,3.471843277782982e-05,3.456147591441881e-05,1.5695686341100521e-07,1.1158957941015402e-06,0.0,7.942807680790749,5.5,0.0,-0.049729572560993585,-0.049729572560993585,Shenyang
bus_BV10049358,3.471843277782982e-05,3.4678360527803055e-05,4.0072250026761764e-08,0.0006610729985824237,0.0,8.236219501452915,5.5,0.0,-0.0724365631239289,-0.0724365631239289,Shenyang
bus_BV10051420,3.471843277782982e-05,3.4566038029306064e-05,1.523947485237531e-07,1.1158957941015402e-06,0.0,6.9214301889789205,36.5,0.0,-0.1725705252851692,-0.1725705252851692,Shenyang
bus_BV10052034,3.471843277782982e-05,3.455900630801371e-05,1.5942646981610936e-07,1.1158957941015402e-06,0.0,6.775637256384567,423.0,0.0,-0.18598215106416482,-0.18598215106416482,Shenyang
bus_BV10896421,3.471843277782982e-05,3.471124699821097e-05,7.185779618849777e-09,0.0001661051714911821,0.0,7.397254044338233,36.5,0.0,-0.19304915973439923,-0.19304915973439923,Shenyang
bus_BV10922246,3.471843277782982e-05,3.46236904286727e-05,9.474234915711732e-08,0.0004960837228853432,0.0,6.9246446736589755,63.5,0.0,-0.1990560788208881,-0.1990560788208881,Shenyang
bus_BV10808634,3.471843277782982e-05,3.4651881669146176e-05,6.655110868364073e-08,1.1158957941015402e-06,0.0,7.052802007538132,63.5,0.0,-0.2031514518874457,-0.2031514518874457,Shenyang
bus_BV11007688,3.471843277782982e-05,3.460268676399819e-05,1.1574601383163003e-07,0.00033109444718826264,0.0020242914979757085,6.438839418690891,36.5,0.0,-0.23794246391902657,-0.23794246391902657,Shenyang
bus_BV10049321,3.471843277782982e-05,3.4716027275147294e-05,2.405502682523077e-09,1.1158957941015402e-06,0.0,7.007444629717853,8.5,0.0,-0.24292019745516202,-0.24292019745516202,Shenyang
bus_BV10947658,3.471843277782982e-05,3.4697561101013075e-05,2.087167681674246e-08,0.0001661051714911821,0.0,6.866588410227337,36.5,0.0,-0.24825605404449824,-0.24825605404449824,Shenyang
bus_BV10473731,3.471843277782982e-05,3.4468649117465145e-05,2.497836603646724e-07,1.1158957941015402e-06,0.0,5.757786113233135,267.0,0.0,-0.25747107271240727,-0.25747107271240727,Shenyang
bus_BV11136664,3.471843277782982e-05,3.4717138825766414e-05,1.2939520634033504e-09,1.1158957941015402e-06,0.0,6.751091483231091,36.5,0.0,-0.273733792298601,-0.273733792298601,Shenyang
bus_BV10049391,3.471843277782982e-05,3.4696863643758696e-05,2.1569134071121104e-08,1.1158957941015402e-06,0.0,6.5894397840705645,63.5,0.0,-0.28190792428486716,-0.28190792428486716,Shenyang
bus_BV11405098,3.471843277782982e-05,3.4628438742093554e-05,8.999403573626354e-08,0.008250579680648018,0.010121457489878543,5.310816103591967,2246.5,0.0,-0.28569571573909563,-0.28569571573909563,Shenyang
bus_BV10049716,3.471843277782982e-05,3.470957547647407e-05,8.857301355750494e-09,0.0004960837228853432,0.0,6.540428175976673,101.0,0.0,-0.290433149742774,-0.290433149742774,Shenyang
bus_BV10574600,3.471843277782982e-05,3.4477383631488625e-05,2.4104914634119173e-07,0.0001661051714911821,0.0,5.484317577449227,267.0,0.0,-0.29303499081291845,-0.29303499081291845,Shenyang
bus_BV11063811,3.471843277782982e-05,3.4709901898768656e-05,8.530879061160752e-09,1.1158957941015402e-06,0.0,6.548759074701852,165.0,0.0,-0.2936997746001257,-0.2936997746001257,Shenyang
bus_BV10676315,3.471843277782982e-05,3.4655727373203795e-05,6.270540462602168e-08,1.1158957941015402e-06,0.0,6.188620399858286,101.0,0.0,-0.3070788134286237,-0.3070788134286237,Shenyang
bus_BV10051085,3.471843277782982e-05,3.471661376589674e-05,1.8190119330772653e-09,1.1158957941015402e-06,0.0,6.297386249256502,21.5,0.0,-0.3269316116415721,-0.3269316116415721,Shenyang
bus_BV11055171,3.471843277782982e-05,3.471737278994073e-05,1.0599878890886526e-09,1.1158957941015402e-06,0.0,6.29016303855878,13.5,0.0,-0.3281903465621209,-0.3281903465621209,Shenyang
bus_BV10708565,3.471843277782982e-05,3.477089249048559e-05,-5.2459712655772374e-08,1.1158957941015402e-06,0.0,6.506901529347188,101.0,0.0,-0.3313629151045856,-0.3313629151045856,Shenyang
bus_BV10049380,3.471843277782982e-05,3.470132066532588e-05,1.7112112503935592e-08,1.1158957941015402e-06,0.0,6.051151009644978,63.5,0.0,-0.34774938141798967,-0.34774938141798967,Shenyang
bus_BV11194076,3.471843277782982e-05,3.471788667152268e-05,5.46106307134568e-10,1.1158957941015402e-06,0.0,6.091205001000839,165.0,0.0,-0.35191788370875937,-0.35191788370875937,Shenyang
bus_BV11063814,3.471843277782982e-05,3.469670626509237e-05,2.172651273744697e-08,1.1158957941015402e-06,0.0,5.950559960633594,63.5,0.0,-0.3571301296405946,-0.3571301296405946,Shenyang
bus_BV11029033,3.471843277782982e-05,3.467689089243227e-05,4.154188539754448e-08,1.1158957941015402e-06,0.0,5.842718808903447,36.5,0.0,-0.3592081994767222,-0.3592081994767222,Shenyang
bus_BV10373380,3.471843277782982e-05,3.471843277782982e-05,0.0,0.0023109657555532293,0.0,5.770753176368625,165.0,0.0,-0.3709741355238487,-0.3709741355238487,Shenyang
bus_BV10659221,3.471843277782982e-05,3.4716192316985014e-05,2.2404608448031065e-09,1.1158957941015402e-06,0.0,5.8762094791438155,13.5,0.0,-0.37635080505189034,-0.37635080505189034,Shenyang
bus_BV10417555,3.471843277782982e-05,3.471843277782982e-05,0.0,1.1158957941015402e-06,0.0,5.8306428182005305,267.0,0.0,-0.38292417681609137,-0.38292417681609137,Shenyang
bus_BV11026797,3.471843277782982e-05,3.471843277782982e-05,0.0,1.1158957941015402e-06,0.0,5.826101756935099,13.5,0.0,-0.3834594451724679,-0.3834594451724679,Shenyang
bus_BV10050594,3.471843277782982e-05,3.4713119565792784e-05,5.3132120370329595e-09,0.0001661051714911821,0.0,5.7062250719789915,101.0,0.0,-0.3933806313454277,-0.3933806313454277,Shenyang
bus_BV10949395,3.471843277782982e-05,3.4708978046782743e-05,9.454731047073728e-09,1.1158957941015402e-06,0.0,5.642525872420011,13.5,0.0,-0.40002440432017067,-0.40002440432017067,Shenyang
bus_BV10574668,3.471843277782982e-05,3.470966454452893e-05,8.768233300884831e-09,1.1158957941015402e-06,0.0,5.593538967260659,63.5,0.0,-0.4061670300914134,-0.4061670300914134,Shenyang
bus_BV10922259,3.471843277782982e-05,3.469351772156849e-05,2.4915056261325705e-08,1.1158957941015402e-06,0.0,5.5194612255063245,13.5,0.0,-0.40623395366490594,-0.40623395366490594,Shenyang
bus_BV11129237,3.471843277782982e-05,3.4716906842080375e-05,1.525935749441688e-09,1.1158957941015402e-06,0.0,5.538633844132356,101.0,0.0,-0.41652528038967085,-0.41652528038967085,Shenyang
bus_BV10451230,3.471843277782982e-05,3.471843277782982e-05,0.0,1.1158957941015402e-06,0.0,5.539742437804191,165.0,0.0,-0.41721346722258473,-0.41721346722258473,Shenyang
bus_BV11178850,3.471843277782982e-05,3.471088895265403e-05,7.543825175784303e-09,0.0001661051714911821,0.0,5.352786277914155,423.0,0.0,-0.4338445002383084,-0.4338445002383084,Shenyang
bus_BV11192298,3.9287685283751815e-05,3.914014413616419e-05,1.4754114758762756e-07,0.00881320305271871,0.008316008316008316,8.996644711182578,25.5,0.0,2.8010794013271845,2.8010794013271845,sian
bus_BV09289872,3.9287685283751815e-05,3.926779969057591e-05,1.988559317590773e-08,0.003686641053359474,0.002079002079002079,11.257253900673591,14.0,0.0,0.8863955614903093,0.8863955614903093,sian
bus_BV10072266,3.9287685283751815e-05,3.91365688354122e-05,1.5111644833961751e-07,1.9246163200925537e-06,0.0,7.680249326113415,9.0,0.07692307692307693,0.767128735137123,0.767128735137123,sian
bus_BV10566219,3.9287685283751815e-05,3.9270780581151875e-05,1.6904702599939152e-08,0.00016212967880002704,0.0,13.432593096047915,5.5,0.07142857142857142,0.7384220676949793,0.7384220676949793,sian
bus_BV10784461,3.9287685283751815e-05,3.9153981162816076e-05,1.3370412093573826e-07,0.00016212967880002704,0.0,11.001740569411691,25.5,0.0,0.5673954535830328,0.5673954535830328,sian
bus_BV11109018,3.9287685283751815e-05,3.9287073022443003e-05,6.122613088112186e-10,0.0025652056159997105,0.0,12.991366669332916,3.5,0.0,0.5326427912526148,0.5326427912526148,sian
bus_BV10814707,3.9287685283751815e-05,3.929677165388716e-05,-9.08637013534734e-09,0.001764180303599816,0.006237006237006237,5.7221693448580675,46.0,0.0,0.4865555030109223,0.4865555030109223,sian
bus_BV10345488,3.9287685283751815e-05,3.920647702495351e-05,8.120825879830341e-08,0.0006427448662399415,0.002079002079002079,8.787464060081192,76.5,0.0,0.4662939734528293,0.4662939734528293,sian
bus_BV11689529,3.9287685283751815e-05,3.924496848066636e-05,4.271680308545175e-08,1.9246163200925537e-06,0.0,8.861762182998227,14.0,0.08333333333333333,0.4495000637170582,0.4495000637170582,sian
bus_BV10070157,3.9287685283751815e-05,3.914902058240691e-05,1.3866470134490737e-07,1.9246163200925537e-06,0.0,9.685870086361335,25.5,0.0,0.4355906069626193,0.4355906069626193,sian
bus_BV10070467,3.9287685283751815e-05,3.9259700153369606e-05,2.7985130382208838e-08,1.9246163200925537e-06,0.0,8.644016150604939,9.0,0.07692307692307693,0.32391913017123,0.32391913017123,sian
bus_BV10069695,3.9287685283751815e-05,3.925574925402329e-05,3.193602972852605e-08,0.00016212967880002704,0.0,6.316487342415197,46.0,0.1,0.27702234281984983,0.27702234281984983,sian
bus_BV11580157,3.9287685283751815e-05,3.9165882250225555e-05,1.218030335262596e-07,0.00048253980376000705,0.0,7.226940297783383,14.0,0.0,0.1887919621902937,0.1887919621902937,sian
bus_BV10070392,3.9287685283751815e-05,3.9287685283751815e-05,0.0,0.00016212967880002704,0.0,12.414971400953332,1.0,0.0,0.12239367858334817,0.12239367858334817,sian
bus_BV10070320,3.9287685283751815e-05,3.920068678965666e-05,8.699849409515739e-08,0.00032233474128007256,0.0,8.194972773453479,25.5,0.0,0.10893238781989197,0.10893238781989197,sian
bus_BV11099351,3.9287685283751815e-05,3.928173083655265e-05,5.954447199162918e-09,1.9246163200925537e-06,0.0,5.716246841418818,25.5,0.1,0.08066098878365625,0.08066098878365625,sian
bus_BV10069584,3.9287685283751815e-05,3.932056880456013e-05,-3.288352080831557e-08,1.9246163200925537e-06,0.0,7.218284683176734,46.0,0.1,0.05934119375297353,0.05934119375297353,sian
bus_BV09188533,3.9287685283751815e-05,3.926346648876095e-05,2.4218794990864972e-08,0.00048253980376000705,0.002079002079002079,7.295232695942671,25.5,0.0,0.04610829063886725,0.04610829063886725,sian
bus_BV10070158,3.9287685283751815e-05,3.914993592046034e-05,1.3774936329147335e-07,1.9246163200925537e-06,0.0,5.740274694995411,384.5,0.0,0.041400612038314785,0.041400612038314785,sian
bus_BV10070190,3.9287685283751815e-05,3.928464853967502e-05,3.0367440767955015e-09,1.9246163200925537e-06,0.0,11.527056683591338,213.0,0.0,0.024496165805043213,0.024496165805043213,sian
bus_BV11126417,3.9287685283751815e-05,3.928565261706182e-05,2.0326666899954295e-09,1.9246163200925537e-06,0.0,5.768924863970625,25.5,0.09090909090909091,0.01253246969944144,0.01253246969944144,sian
bus_BV11272102,3.9287685283751815e-05,3.9276344058431086e-05,1.1341225320728328e-08,0.00016212967880002704,0.0,9.711412602029567,14.0,0.0,-0.09536476028663672,-0.09536476028663672,sian
bus_BV10070508,3.9287685283751815e-05,3.923529241782229e-05,5.2392865929525034e-08,1.9246163200925537e-06,0.0,8.05133517033528,9.0,0.0,-0.10336359228759814,-0.10336359228759814,sian
bus_BV10070311,3.9287685283751815e-05,3.9183526325859985e-05,1.0415895789182985e-07,1.9246163200925537e-06,0.0,5.7307009863005876,125.5,0.0,-0.10645470065426701,-0.10645470065426701,sian
bus_BV10814439,3.9287685283751815e-05,3.9287685283751815e-05,0.0,1.9246163200925537e-06,0.0,9.38697870706398,2.0,0.0,-0.200421122300875,-0.200421122300875,sian
bus_BV11251652,3.9287685283751815e-05,3.926059021168621e-05,2.7095072065601896e-08,1.9246163200925537e-06,0.0,8.105005584450446,3.5,0.0,-0.2086966222861004,-0.2086966222861004,sian
bus_BV11107332,3.9287685283751815e-05,3.9229114581373815e-05,5.857070237799987e-08,1.9246163200925537e-06,0.0,6.70731447213656,25.5,0.0,-0.2092571833213784,-0.2092571833213784,sian
bus_BV10849252,3.9287685283751815e-05,3.9264684313702596e-05,2.300097004921892e-08,1.9246163200925537e-06,0.0,8.20513556256251,46.0,0.0,-0.21670026249057284,-0.21670026249057284,sian
bus_BV10071162,3.9287685283751815e-05,3.9287010976104504e-05,6.743076473101207e-10,1.9246163200925537e-06,0.0,9.09685418175248,9.0,0.0,-0.22616293456899345,-0.22616293456899345,sian
bus_BV11070565,3.9287685283751815e-05,3.92427728751743e-05,4.491240857751246e-08,1.9246163200925537e-06,0.0,7.034972916715307,46.0,0.0,-0.23658939376205085,-0.23658939376205085,sian
bus_BV10814719,3.9287685283751815e-05,3.928407497502672e-05,3.610308725093207e-09,0.000802949928719987,0.0,7.458626752113952,46.0,0.0,-0.258472509632822,-0.258472509632822,sian
bus_BV10069934,3.9287685283751815e-05,3.924632140390145e-05,4.136387985036611e-08,1.9246163200925537e-06,0.0,6.895403479750995,46.0,0.0,-0.2659112432592429,-0.2659112432592429,sian
bus_BV09346761,3.9287685283751815e-05,3.928417888240581e-05,3.5064013460069012e-09,1.9246163200925537e-06,0.0,8.48757246809359,5.5,0.0,-0.2740296160980421,-0.2740296160980421,sian
bus_BV10069666,3.9287685283751815e-05,3.9234517351249376e-05,5.316793250243867e-08,1.9246163200925537e-06,0.0,6.232336721786494,125.5,0.0,-0.279857714024787,-0.279857714024787,sian
bus_BV11238486,3.9287685283751815e-05,3.924125525215761e-05,4.643003159420238e-08,0.00016212967880002704,0.0,6.282527919563271,384.5,0.0,-0.2809912362774628,-0.2809912362774628,sian
bus_BV10442957,3.9287685283751815e-05,3.926245308597232e-05,2.5232197779491384e-08,1.9246163200925537e-06,0.0,7.298225087933647,25.5,0.0,-0.29662786961544796,-0.29662786961544796,sian
bus_BV11026604,3.9287685283751815e-05,3.9277971684905596e-05,9.713598846218606e-09,0.00016212967880002704,0.0,7.745067243138039,76.5,0.0,-0.29693851576169605,-0.29693851576169605,sian
bus_BV10070788,3.9287685283751815e-05,3.9237157215836883e-05,5.0528067914931154e-08,1.9246163200925537e-06,0.0,6.114852758322519,25.5,0.0,-0.30302142558188505,-0.30302142558188505,sian
bus_BV10349984,3.9287685283751815e-05,3.925398774567669e-05,3.369753807512288e-08,1.9246163200925537e-06,0.0,6.012407353355147,14.0,0.0,-0.3867612087827778,-0.3867612087827778,sian
bus_BV11104903,3.9287685283751815e-05,3.925316059786053e-05,3.452468589128525e-08,1.9246163200925537e-06,0.0,5.814258869604648,125.5,0.0,-0.40273890089650116,-0.40273890089650116,sian
bus_BV11115943,3.9287685283751815e-05,3.925762476843242e-05,3.0060515319397445e-08,1.9246163200925537e-06,0.0,5.8750375048231955,213.0,0.0,-0.41625256822520634,-0.41625256822520634,sian
bus_BV10941809,3.9287685283751815e-05,3.9285058402821195e-05,2.6268809306197226e-09,1.9246163200925537e-06,0.0,6.87356640370416,9.0,0.0,-0.4374880683328283,-0.4374880683328283,sian
bus_BV11126424,3.9287685283751815e-05,3.926572250304106e-05,2.1962780710752168e-08,1.9246163200925537e-06,0.0,5.979233785032568,76.5,0.0,-0.4413640808895775,-0.4413640808895775,sian
bus_BV11498437,3.9287685283751815e-05,3.927130450220492e-05,1.638078154689277e-08,1.9246163200925537e-06,0.0,6.221296559545555,25.5,0.0,-0.44183910052194275,-0.44183910052194275,sian
bus_BV09063350,3.9287685283751815e-05,3.9264781641830886e-05,2.2903641920928313e-08,1.9246163200925537e-06,0.0,5.818619035067947,76.5,0.0,-0.45313266865622875,-0.45313266865622875,sian
bus_BV10070170,3.9287685283751815e-05,3.9280446886903415e-05,7.238396848399697e-09,1.9246163200925537e-06,0.0,6.483501709878584,46.0,0.0,-0.45589364886499845,-0.45589364886499845,sian
bus_BV10405038,3.9287685283751815e-05,3.9271135585569414e-05,1.654969818240033e-08,1.9246163200925537e-06,0.0,5.90459794605892,46.0,0.0,-0.472419211584581,-0.472419211584581,sian
bus_BV11577472,3.9287685283751815e-05,3.9278506707263136e-05,9.178576488678774e-09,1.9246163200925537e-06,0.0,6.14501256982962,76.5,0.0,-0.4808819957607404,-0.4808819957607404,sian
bus_BV10070625,3.9287685283751815e-05,3.9276344765034584e-05,1.1340518717231098e-08,1.9246163200925537e-06,0.0,5.945149196609066,25.5,0.0,-0.49119151656789634,-0.49119151656789634,sian
bus_BV10071054,3.9287685283751815e-05,3.933051569519173e-05,-4.2830411439912625e-08,0.00048253980376000705,0.0,5.745089138397041,46.0,0.0,-0.6777797086384395,-0.6777797086384395,sian
bus_BV10673006,2.9348679777630288e-05,2.7826991002388763e-05,1.5216887752415245e-06,0.056048659598301964,0.11868686868686869,6.213465154858844,83.5,0.0,3.982523082164982,3.982523082164982,Changsha
bus_BV10465326,2.9348679777630288e-05,2.9284875595796422e-05,6.380418183386577e-08,1.362159752904546e-05,0.0,12.957811896271343,1.0,0.0,0.7256324725027736,0.7256324725027736,Changsha
bus_BV10229999,2.9348679777630288e-05,2.9331639320451184e-05,1.7040457179103968e-08,1.362159752904546e-05,0.0,7.8351741782117985,12.0,0.08333333333333333,0.4052180999857065,0.4052180999857065,Changsha
bus_BV11436659,2.9348679777630288e-05,2.92745426733655e-05,7.41371042647865e-08,1.362159752904546e-05,0.0,6.30666295116926,83.5,0.1111111111111111,0.39251041004125764,0.39251041004125764,Changsha
bus_BV09028188,2.9348679777630288e-05,2.9189062735164273e-05,1.5961704246601456e-07,1.362159752904546e-05,0.0,6.06432024472018,45.0,0.1,0.3764008734016995,0.3764008734016995,Changsha
bus_BV10230324,2.9348679777630288e-05,2.92452274714758e-05,1.0345230615448731e-07,0.00014243777684119774,0.0,10.220911752562646,23.0,0.0,0.371915515639595,0.371915515639595,Changsha
bus_BV09313031,2.9348679777630288e-05,2.9220398874977818e-05,1.2828090265246998e-07,1.362159752904546e-05,0.0,5.92729952422385,45.0,0.1,0.32721381342016687,0.32721381342016687,Changsha
bus_BV11084447,2.9348679777630288e-05,2.933699536565384e-05,1.1684411976447428e-08,0.00027125395615335,0.0,10.416710645860375,2.0,0.0,0.31716823972475655,0.31716823972475655,Changsha
bus_BV10659811,2.9348679777630288e-05,2.9228036191984673e-05,1.2064358564561464e-07,1.362159752904546e-05,0.0,5.86285204335081,23.0,0.09090909090909091,0.26041000748751564,0.26041000748751564,Changsha
bus_BV10651963,2.9348679777630288e-05,2.9345001062522657e-05,3.678715107631247e-09,1.362159752904546e-05,0.0,6.2658956292697745,45.0,0.1,0.2588936709431814,0.2588936709431814,Changsha
bus_BV09067704,2.9348679777630288e-05,2.9333082032480498e-05,1.559774514979024e-08,1.362159752904546e-05,0.0,5.952029846541316,45.0,0.1,0.22488083760846375,0.22488083760846375,Changsha
bus_BV11407364,2.9348679777630288e-05,2.9340864257705472e-05,7.815519924816219e-09,1.362159752904546e-05,0.0,5.745687599831102,45.0,0.1,0.18784277808840277,0.18784277808840277,Changsha
bus_BV11261542,2.9348679777630288e-05,2.922395861161496e-05,1.247211660153268e-07,0.001172967211338194,0.005050505050505051,8.041177403693682,23.0,0.0,0.16498615163305835,0.16498615163305835,Changsha
bus_BV11081526,2.9348679777630288e-05,2.933603243877633e-05,1.2647338853957524e-08,1.362159752904546e-05,0.0,8.854103803710185,3.0,0.0,0.08639793032052168,0.08639793032052168,Changsha
bus_BV10229997,2.9348679777630288e-05,2.932271082286506e-05,2.596895476522659e-08,1.362159752904546e-05,0.0,8.378693876363373,148.5,0.0,0.030431971811149636,0.030431971811149636,Changsha
bus_BV11349187,2.9348679777630288e-05,2.9347790741639172e-05,8.89035991116213e-10,1.362159752904546e-05,0.0,8.49207486829042,12.0,0.0,0.02319587004670076,0.02319587004670076,Changsha
bus_BV11658254,2.9348679777630288e-05,2.933362523899382e-05,1.5054538636467455e-08,1.362159752904546e-05,0.0,8.149938165279654,23.0,0.0,-0.012778375011894771,-0.012778375011894771,Changsha
bus_BV10444271,2.9348679777630288e-05,2.9345659726029365e-05,3.020051600923087e-09,1.362159752904546e-05,0.0,7.831307193120686,6.0,0.0,-0.0699882942306431,-0.0699882942306431,Changsha
bus_BV11688694,2.9348679777630288e-05,2.9337923387527154e-05,1.0756390103134261e-08,0.00014243777684119774,0.0,7.686002337023699,6.0,0.0,-0.08036280381363925,-0.08036280381363925,Changsha
bus_BV11688986,2.9348679777630288e-05,2.934205720118216e-05,6.622576448127667e-09,1.362159752904546e-05,0.0,7.628677329044183,12.0,0.0,-0.0957925962064813,-0.0957925962064813,Changsha
bus_BV10230206,2.9348679777630288e-05,2.9342603252090003e-05,6.07652554028516e-09,1.362159752904546e-05,0.0,7.472651946775259,23.0,0.0,-0.11878197407153271,-0.11878197407153271,Changsha
bus_BV11690519,2.9348679777630288e-05,2.9208939901487863e-05,1.3973987614242513e-07,1.362159752904546e-05,0.0,6.532943906580635,23.0,0.0,-0.12853959635567147,-0.12853959635567147,Changsha
bus_BV10230045,2.9348679777630288e-05,2.928994264175566e-05,5.8737135874626414e-08,1.362159752904546e-05,0.0,7.012984260337057,12.0,0.0,-0.13551084128640786,-0.13551084128640786,Changsha
bus_BV09028189,2.9348679777630288e-05,2.9347827153321584e-05,8.526243087040696e-10,1.362159752904546e-05,0.0,7.325566496139218,45.0,0.0,-0.1448795832821544,-0.1448795832821544,Changsha
bus_BV10230735,2.9348679777630288e-05,2.9345615939979933e-05,3.0638376503553093e-09,0.00027125395615335,0.0,7.095936504930508,6.0,0.0,-0.16930681275558654,-0.16930681275558654,Changsha
bus_BV10477215,2.9348679777630288e-05,2.933273235066703e-05,1.5947426963256893e-08,1.362159752904546e-05,0.0,6.982270404807664,45.0,0.0,-0.18014752182350113,-0.18014752182350113,Changsha
bus_BV10433572,2.9348679777630288e-05,2.9326884822339313e-05,2.179495529097526e-08,1.362159752904546e-05,0.0,6.798065941440557,83.5,0.0,-0.20118778277776533,-0.20118778277776533,Changsha
bus_BV10749204,2.9348679777630288e-05,2.9343951971434994e-05,4.727806195294033e-09,1.362159752904546e-05,0.0,6.832586372888542,83.5,0.0,-0.21225402674962487,-0.21225402674962487,Changsha
bus_BV10230134,2.9348679777630288e-05,2.9327598300610863e-05,2.108147701942515e-08,1.362159752904546e-05,0.0,6.704369186149802,148.5,0.0,-0.21535575925137723,-0.21535575925137723,Changsha
bus_BV09160441,2.9348679777630288e-05,2.934607562604443e-05,2.6041515858563795e-09,1.362159752904546e-05,0.0,6.755347492708804,6.0,0.0,-0.22537639785369132,-0.22537639785369132,Changsha
bus_BV10230208,2.9348679777630288e-05,2.934319877006498e-05,5.4810075653085385e-09,1.362159752904546e-05,0.0,6.712919318055217,23.0,0.0,-0.22878482011271672,-0.22878482011271672,Changsha
bus_BV11069808,2.9348679777630288e-05,2.9314880989384462e-05,3.379878824582574e-08,0.0004000701354653913,0.0,6.414718936307511,83.5,0.0,-0.2352689167122979,-0.2352689167122979,Changsha
bus_BV09196872,2.9348679777630288e-05,2.9343340419448933e-05,5.339358181354433e-09,1.362159752904546e-05,0.0,6.507560474537736,523.0,0.0,-0.25850088257589365,-0.25850088257589365,Changsha
bus_BV10230055,2.9348679777630288e-05,2.9336917570723234e-05,1.1762206907053651e-08,1.362159752904546e-05,0.0,6.449394726530871,12.0,0.0,-0.26084398526756825,-0.26084398526756825,Changsha
bus_BV09006549,2.9348679777630288e-05,2.9347453830833176e-05,1.2259467971121902e-09,0.00014243777684119774,0.0,6.492780616664861,6.0,0.0,-0.2612085883760675,-0.2612085883760675,Changsha
bus_BV09323000,2.9348679777630288e-05,2.9348000875816293e-05,6.789018139947056e-10,0.00014243777684119774,0.0,6.352006154500485,83.5,0.0,-0.2820019308220765,-0.2820019308220765,Changsha
bus_BV11379735,2.9348679777630288e-05,2.9345308911439446e-05,3.370866190842268e-09,0.00014243777684119774,0.0,6.333976576526948,148.5,0.0,-0.28206937027454604,-0.28206937027454604,Changsha
bus_BV11162555,2.9348679777630288e-05,2.927278416502355e-05,7.589561260673664e-08,1.362159752904546e-05,0.0,5.876297361027725,83.5,0.0,-0.2831312399853736,-0.2831312399853736,Changsha
bus_BV10230238,2.9348679777630288e-05,2.9343274033111344e-05,5.405744518943695e-09,1.362159752904546e-05,0.0,6.2733895132085635,45.0,0.0,-0.29217196715138505,-0.29217196715138505,Changsha
bus_BV10230630,2.9348679777630288e-05,2.93316664442902e-05,1.701333334008795e-08,1.362159752904546e-05,0.0,6.168535264614421,277.0,0.0,-0.2963683480158315,-0.2963683480158315,Changsha
bus_BV10231089,2.9348679777630288e-05,2.934226622526183e-05,6.413552368456457e-09,1.362159752904546e-05,0.0,6.0978633755124365,12.0,0.0,-0.3165102647050987,-0.3165102647050987,Changsha
bus_BV10230925,2.9348679777630288e-05,2.9348679777630288e-05,0.0,1.362159752904546e-05,0.0,6.099481591140376,45.0,0.0,-0.32230437418131086,-0.32230437418131086,Changsha
bus_BV10619934,2.9348679777630288e-05,2.932296779928076e-05,2.5711978349527787e-08,0.0004000701354653913,0.0,5.825006555526931,83.5,0.0,-0.3278195561424864,-0.3278195561424864,Changsha
bus_BV10230210,2.9348679777630288e-05,2.9330900296314623e-05,1.7779481315665106e-08,0.00014243777684119774,0.0,5.890493712263771,83.5,0.0,-0.3324145572268658,-0.3324145572268658,Changsha
bus_BV10230370,2.9348679777630288e-05,2.931411112158892e-05,3.456865604136683e-08,1.362159752904546e-05,0.0,5.6954169651959505,45.0,0.0,-0.3480255039126925,-0.3480255039126925,Changsha
bus_BV09028538,2.9348679777630288e-05,2.9344163053866177e-05,4.516723764110448e-09,1.362159752904546e-05,0.0,5.886313479858576,83.5,0.0,-0.34876763157549445,-0.34876763157549445,Changsha
bus_BV09160439,2.9348679777630288e-05,2.9348679777630288e-05,0.0,1.362159752904546e-05,0.0,5.884689991797387,12.0,0.0,-0.3532461543479676,-0.3532461543479676,Changsha
bus_BV10404186,2.9348679777630288e-05,2.9333979135170578e-05,1.4700642459709813e-08,1.362159752904546e-05,0.0,5.715388065176607,148.5,0.0,-0.36381979996989783,-0.36381979996989783,Changsha
bus_BV11024060,2.9348679777630288e-05,2.9326565650530782e-05,2.211412709950548e-08,1.362159752904546e-05,0.0,5.584789694317729,277.0,0.0,-0.37566621285378143,-0.37566621285378143,Changsha
bus_BV11356539,2.9348679777630288e-05,2.9336509189090494e-05,1.2170588539793872e-08,1.362159752904546e-05,0.0,5.64431929907852,148.5,0.0,-0.37643525514061194,-0.37643525514061194,Changsha
bus_BV10573494,2.8656275683124313e-05,2.4016614367920793e-05,4.63966131520352e-06,0.3138400532546344,0.45102040816326533,6.304758213279723,713.0,0.0,3.977975664651703,3.977975664651703,Wuxi
bus_BV10124722,2.8656275683124313e-05,2.858407214745924e-05,7.220353566507305e-08,1.2708420075169258e-06,0.0,13.21317779068178,3.0,0.0625,0.9985484543567815,0.9985484543567815,Wuxi
bus_BV10127611,2.8656275683124313e-05,2.791313171727217e-05,7.431439658521446e-07,0.0007058931644426947,0.0020408163265306124,13.146580932889329,26.5,0.0,0.6989551758126071,0.6989551758126071,Wuxi
bus_BV10124412,2.8656275683124313e-05,2.8636479405778535e-05,1.979627734577849e-08,1.2708420075169258e-06,0.0,5.593074287563301,133.0,0.125,0.66818514932091,0.66818514932091,Wuxi
bus_BV10127575,2.8656275683124313e-05,2.793527896759403e-05,7.209967155302837e-07,1.2708420075169258e-06,0.0,11.820791963052775,44.5,0.0,0.5404400628252415,0.5404400628252415,Wuxi
bus_BV10124947,2.8656275683124313e-05,2.8653699844472133e-05,2.5758386521802215e-09,1.2708420075169258e-06,0.0,6.824098219366103,15.0,0.08333333333333333,0.45993711280435245,0.45993711280435245,Wuxi
bus_BV10124634,2.8656275683124313e-05,2.8656275683124313e-05,0.0,1.2708420075169258e-06,0.0,11.928203686078412,1.0,0.0,0.3363875431304445,0.3363875431304445,Wuxi
bus_BV09234286,2.8656275683124313e-05,2.8695183065578585e-05,-3.8907382454271024e-08,1.2708420075169258e-06,0.0,5.684450806836949,15.0,0.08333333333333333,0.3252814732240551,0.3252814732240551,Wuxi
bus_BV11625238,2.8656275683124313e-05,2.8611410290340193e-05,4.486539278412044e-08,1.2708420075169258e-06,0.0,10.524259446948866,2.0,0.0,0.1991980846968569,0.1991980846968569,Wuxi
bus_BV10128100,2.8656275683124313e-05,2.855302801675612e-05,1.032476663681934e-07,1.2708420075169258e-06,0.0,9.08786286596118,15.0,0.0,0.06256888323493628,0.06256888323493628,Wuxi
bus_BV10126137,2.8656275683124313e-05,2.863692097294294e-05,1.9354710181373905e-08,1.2708420075169258e-06,0.0,9.013123266362454,5.0,0.0,0.02946779212711456,0.02946779212711456,Wuxi
bus_BV10400317,2.8656275683124313e-05,2.782808613587295e-05,8.281895472513649e-07,1.2708420075169258e-06,0.0,6.11516019862864,713.0,0.0,-0.039564712861594714,-0.039564712861594714,Wuxi
bus_BV11196489,2.8656275683124313e-05,2.8654712198262388e-05,1.5634848619256998e-09,1.2708420075169258e-06,0.0,8.326142547650953,4.0,0.0,-0.049545551379730206,-0.049545551379730206,Wuxi
bus_BV10430778,2.8656275683124313e-05,2.8628432350467823e-05,2.7843332656490378e-08,0.0001421953064946191,0.0,8.155866286843263,15.0,0.0,-0.059312309366738286,-0.059312309366738286,Wuxi
bus_BV10127537,2.8656275683124313e-05,2.8222748169008756e-05,4.3352751411555713e-07,1.2708420075169258e-06,0.0,6.956269663530751,1277.0,0.0,-0.06733934135008696,-0.06733934135008696,Wuxi
bus_BV10125789,2.8656275683124313e-05,2.8488034152592205e-05,1.6824153053210866e-07,1.2708420075169258e-06,0.0,7.645485657055647,225.0,0.0,-0.07272503653203345,-0.07272503653203345,Wuxi
bus_BV10415011,2.8656275683124313e-05,2.8640334107832736e-05,1.59415752915774e-08,1.2708420075169258e-06,0.0,7.847040789232847,225.0,0.0,-0.09664080590311022,-0.09664080590311022,Wuxi
bus_BV10124743,2.8656275683124313e-05,2.864636129153113e-05,9.91439159318385e-09,1.2708420075169258e-06,0.0,7.806030534406967,44.5,0.0,-0.10284216200806905,-0.10284216200806905,Wuxi
bus_BV10126529,2.8656275683124313e-05,2.8648770329812065e-05,7.50535331224829e-09,1.2708420075169258e-06,0.0,7.718835356902133,7.0,0.0,-0.11291606124146038,-0.11291606124146038,Wuxi
bus_BV10124510,2.8656275683124313e-05,2.8656275683124313e-05,0.0,1.2708420075169258e-06,0.0,7.522558086778355,15.0,0.0,-0.13621519823620803,-0.13621519823620803,Wuxi
bus_BV10127797,2.8656275683124313e-05,2.8082769371560957e-05,5.735063115633568e-07,1.2708420075169258e-06,0.0,5.901361658062444,1277.0,0.0,-0.1386484758254406,-0.1386484758254406,Wuxi
bus_BV10415010,2.8656275683124313e-05,2.862720429006471e-05,2.9071393059605026e-08,1.2708420075169258e-06,0.0,7.263671310419199,44.5,0.0,-0.15529430301037025,-0.15529430301037025,Wuxi
bus_BV10124608,2.8656275683124313e-05,2.8660101538795228e-05,-3.825855670914628e-09,1.2708420075169258e-06,0.0,7.32538062602057,15.0,0.0,-0.1585107471850687,-0.1585107471850687,Wuxi
bus_BV09281389,2.8656275683124313e-05,2.863005602564996e-05,2.6219657474354867e-08,1.2708420075169258e-06,0.0,7.0781904754879825,78.5,0.0,-0.17604387309111935,-0.17604387309111935,Wuxi
bus_BV10124694,2.8656275683124313e-05,2.865115316817847e-05,5.122514945844737e-09,1.2708420075169258e-06,0.0,7.119166196272745,15.0,0.0,-0.1779562739304344,-0.1779562739304344,Wuxi
bus_BV10124762,2.8656275683124313e-05,2.8652015862159814e-05,4.259820964499101e-09,1.2708420075169258e-06,0.0,6.9689862717651545,26.5,0.0,-0.1943243275743648,-0.1943243275743648,Wuxi
bus_BV10414825,2.8656275683124313e-05,2.8656275683124313e-05,0.0,1.2708420075169258e-06,0.0,6.900427279395589,78.5,0.0,-0.20295246033111108,-0.20295246033111108,Wuxi
bus_BV10124440,2.8656275683124313e-05,2.8403851393318828e-05,2.524242898054858e-07,1.2708420075169258e-06,0.0,6.167077192200558,26.5,0.0,-0.20614670991746353,-0.20614670991746353,Wuxi
bus_BV10125620,2.8656275683124313e-05,2.8656147957104554e-05,1.277260197597946e-10,1.2708420075169258e-06,0.0,6.865650836785721,44.5,0.0,-0.20664481195162304,-0.20664481195162304,Wuxi
bus_BV10124821,2.8656275683124313e-05,2.8651682267465527e-05,4.593415658786932e-09,1.2708420075169258e-06,0.0,6.786890840877502,44.5,0.0,-0.21375833881348844,-0.21375833881348844,Wuxi
bus_BV10124637,2.8656275683124313e-05,2.8663364394798427e-05,-7.088711674113423e-09,1.2708420075169258e-06,0.0,6.77056711451008,44.5,0.0,-0.219002322699412,-0.219002322699412,Wuxi
bus_BV10125009,2.8656275683124313e-05,2.8651863117480083e-05,4.412565644230454e-09,0.0007058931644426947,0.0,6.674622201871007,7.0,0.0,-0.22264783912433356,-0.22264783912433356,Wuxi
bus_BV10124503,2.8656275683124313e-05,2.8490989156086097e-05,1.652865270382163e-07,1.2708420075169258e-06,0.0,6.20524090898189,15.0,0.0,-0.22810661077623207,-0.22810661077623207,Wuxi
bus_BV10126294,2.8656275683124313e-05,2.8611656424966288e-05,4.4619258158025584e-08,0.0008468176289297968,0.0020408163265306124,6.4433735706739625,44.5,0.0,-0.22832597679476435,-0.22832597679476435,Wuxi
bus_BV11692780,2.8656275683124313e-05,2.8639486693084995e-05,1.678899003931892e-08,1.2708420075169258e-06,0.0,6.39239400939773,26.5,0.0,-0.25243040989334087,-0.25243040989334087,Wuxi
bus_BV10125304,2.8656275683124313e-05,2.864951469846613e-05,6.760984658184846e-09,1.2708420075169258e-06,0.0,6.398505121942221,225.0,0.0,-0.2547731869998085,-0.2547731869998085,Wuxi
bus_BV10124781,2.8656275683124313e-05,2.8655418726570564e-05,8.569565537498984e-10,1.2708420075169258e-06,0.0,6.318204352298839,15.0,0.0,-0.2651524951507173,-0.2651524951507173,Wuxi
bus_BV10124612,2.8656275683124313e-05,2.8614247746535276e-05,4.2027936589037184e-08,1.2708420075169258e-06,0.0,6.110028050224466,26.5,0.0,-0.27517405969806097,-0.27517405969806097,Wuxi
bus_BV09189553,2.8656275683124313e-05,2.8656275683124313e-05,0.0,1.2708420075169258e-06,0.0,6.20701729703688,26.5,0.0,-0.27733598736873577,-0.27733598736873577,Wuxi
bus_BV11507076,2.8656275683124313e-05,2.8677165783794858e-05,-2.089010067054449e-08,1.2708420075169258e-06,0.0,6.209594512524004,44.5,0.0,-0.28330557092434505,-0.28330557092434505,Wuxi
bus_BV10126036,2.8656275683124313e-05,2.8697668514590737e-05,-4.1392831466423855e-08,1.2708420075169258e-06,0.0,6.181631032116821,7.0,0.0,-0.29243549641169136,-0.29243549641169136,Wuxi
bus_BV10124580,2.8656275683124313e-05,2.865504995419023e-05,1.225728934081921e-09,1.2708420075169258e-06,0.0,5.986480192773893,44.5,0.0,-0.300626972490804,-0.300626972490804,Wuxi
bus_BV10415405,2.8656275683124313e-05,2.8654561301975518e-05,1.7143811487956213e-09,1.2708420075169258e-06,0.0,5.932801001361544,713.0,0.0,-0.30623914586190837,-0.30623914586190837,Wuxi
bus_BV10414997,2.8656275683124313e-05,2.8656275683124313e-05,0.0,1.2708420075169258e-06,0.0,5.8457518395274155,26.5,0.0,-0.3160896823112378,-0.3160896823112378,Wuxi
bus_BV10125802,2.8656275683124313e-05,2.8647769882978538e-05,8.505800145775931e-09,1.2708420075169258e-06,0.0,5.717074281121038,78.5,0.0,-0.32734999463973824,-0.32734999463973824,Wuxi
bus_BV11417408,2.8656275683124313e-05,2.8685416439587828e-05,-2.9140756463514532e-08,1.2708420075169258e-06,0.0,5.807401890158696,44.5,0.0,-0.32891651696475077,-0.32891651696475077,Wuxi
bus_BV10507430,2.8656275683124313e-05,2.8648072268017953e-05,8.203415106360637e-09,1.2708420075169258e-06,0.0,5.648169543705634,15.0,0.0,-0.3348319605167726,-0.3348319605167726,Wuxi
bus_BV09196373,2.8656275683124313e-05,2.8656275683124313e-05,0.0,1.2708420075169258e-06,0.0,5.665947964218366,44.5,0.0,-0.33537761695421164,-0.33537761695421164,Wuxi
bus_BV10124901,2.8656275683124313e-05,2.8656275683124313e-05,0.0,1.2708420075169258e-06,0.0,5.62067721140933,26.5,0.0,-0.3402339045059569,-0.3402339045059569,Wuxi
bus_BV10124806,2.8656275683124313e-05,2.8681729837158206e-05,-2.5454154033892687e-08,1.2708420075169258e-06,0.0,5.682542681520552,15.0,0.0,-0.3412081455886683,-0.3412081455886683,Wuxi
bus_BV10148194,3.010099869155065e-05,3.0057512459618086e-05,4.3486231932564866e-08,0.0001356562780213677,0.00205761316872428,14.249539183111658,1.5,0.0,2.320125918038324,2.320125918038324,Changzhou
bus_BV11114118,3.010099869155065e-05,2.956530631649527e-05,5.356923750553813e-07,0.00027013718173296564,0.0,7.759189624037949,62.0,0.0,1.066071065585857,1.066071065585857,Changzhou
bus_BV09247007,3.010099869155065e-05,2.9545764856454304e-05,5.552338350963468e-07,1.1753743096587499e-06,0.0,8.40399164753561,62.0,0.0,0.9037274131726531,0.9037274131726531,Changzhou
bus_BV10624101,3.010099869155065e-05,3.0096648024896593e-05,4.350666654058397e-09,0.0010770226040029973,0.0,6.110851161244781,62.0,0.0,0.8314902659489062,0.8314902659489062,Changzhou
bus_BV11372020,3.010099869155065e-05,3.0093479438820606e-05,7.5192527300453e-09,1.1753743096587499e-06,0.0,5.29941870114228,25.0,0.1111111111111111,0.8275560525661751,0.8275560525661751,Changzhou
bus_BV10953798,3.010099869155065e-05,3.0155564106112637e-05,-5.456541456198559e-08,1.1753743096587499e-06,0.0,7.121819118266198,3.5,0.08333333333333333,0.6490424680320641,0.6490424680320641,Changzhou
bus_BV10390489,3.010099869155065e-05,3.010093017204037e-05,6.851951027980643e-11,0.0009425417002913994,0.0,5.466178647734569,288.5,0.0,0.6169158869945942,0.6169158869945942,Changzhou
bus_BV10147848,3.010099869155065e-05,3.0091315010017278e-05,9.683681533372918e-09,1.1753743096587499e-06,0.0,11.487484321223803,1.5,0.0,0.3868904587920371,0.3868904587920371,Changzhou
bus_BV10145149,3.010099869155065e-05,2.980349675802922e-05,2.975019335214295e-07,1.1753743096587499e-06,0.0,5.830695058065655,12.0,0.0,0.197103299493171,0.197103299493171,Changzhou
bus_BV10145072,3.010099869155065e-05,2.986292143450156e-05,2.3807725704908924e-07,1.1753743096587499e-06,0.0,6.493086801025967,7.0,0.0,0.1782752849233278,0.1782752849233278,Changzhou
bus_BV10390265,3.010099869155065e-05,2.9786103454044457e-05,3.148952375061942e-07,1.1753743096587499e-06,0.0,5.409444496540058,12.0,0.0,0.17652254019152627,0.17652254019152627,Changzhou
bus_BV10145002,3.010099869155065e-05,2.993965470724775e-05,1.613439843029023e-07,1.1753743096587499e-06,0.0,7.368010141538098,25.0,0.0,0.15621206974973648,0.15621206974973648,Changzhou
bus_BV10145431,3.010099869155065e-05,3.005351595653986e-05,4.7482735010790056e-08,1.1753743096587499e-06,0.0,8.776961319004474,7.0,0.0,0.13617536896777427,0.13617536896777427,Changzhou
bus_BV10145019,3.010099869155065e-05,2.9925389676848998e-05,1.756090147016528e-07,1.1753743096587499e-06,0.0,6.134250254912418,140.5,0.0,0.03740073278482255,0.03740073278482255,Changzhou
bus_BV10145652,3.010099869155065e-05,3.009543062021793e-05,5.568071332721642e-09,1.1753743096587499e-06,0.0,8.429050555987917,62.0,0.0,0.029357315450565268,0.029357315450565268,Changzhou
bus_BV11556260,3.010099869155065e-05,3.005868897536904e-05,4.2309716181609464e-08,1.1753743096587499e-06,0.0,7.873078530250866,7.0,0.0,0.02419606643602768,0.02419606643602768,Changzhou
bus_BV09175577,3.010099869155065e-05,3.0036311572099635e-05,6.46871194510162e-08,1.1753743096587499e-06,0.0,7.503745385332669,25.0,0.0,0.017527425331107023,0.017527425331107023,Changzhou
bus_BV10145199,3.010099869155065e-05,3.0096346584123483e-05,4.65210742716819e-09,0.0001356562780213677,0.0,7.037064440483646,3.5,0.0,0.0019227952392943115,0.0019227952392943115,Changzhou
bus_BV09159750,3.010099869155065e-05,3.0129825772342018e-05,-2.8827080791367235e-08,1.1753743096587499e-06,0.0,8.667293594952879,25.0,0.0,0.0018030884324277893,0.0018030884324277893,Changzhou
bus_BV10147667,3.010099869155065e-05,3.0004579764781914e-05,9.641892676873648e-08,1.1753743096587499e-06,0.0,6.612020488648267,140.5,0.0,-0.03415802020802425,-0.03415802020802425,Changzhou
bus_BV11386706,3.010099869155065e-05,3.009893212674325e-05,2.0665648074017526e-09,1.1753743096587499e-06,0.0,7.29425638852169,25.0,0.0,-0.10645211572096772,-0.10645211572096772,Changzhou
bus_BV11044609,3.010099869155065e-05,3.0011828947239635e-05,8.916974431101638e-08,1.1753743096587499e-06,0.0,5.787533963927207,566.5,0.0,-0.14033983284241017,-0.14033983284241017,Changzhou
bus_BV10763786,3.010099869155065e-05,3.0106509079149884e-05,-5.510387599233328e-09,1.1753743096587499e-06,0.0,6.912220844411049,288.5,0.0,-0.16238441077701343,-0.16238441077701343,Changzhou
bus_BV10145411,3.010099869155065e-05,3.0081429025291593e-05,1.9569666259057895e-08,1.1753743096587499e-06,0.0,6.50772259334395,25.0,0.0,-0.16877502946317594,-0.16877502946317594,Changzhou
bus_BV10146069,3.010099869155065e-05,3.009829452636707e-05,2.704165183581433e-09,1.1753743096587499e-06,0.0,6.649113905682893,12.0,0.0,-0.17946663591882206,-0.17946663591882206,Changzhou
bus_BV09343739,3.010099869155065e-05,3.0099270296687553e-05,1.7283948630975629e-09,1.1753743096587499e-06,0.0,6.637509571145812,12.0,0.0,-0.1823555617709807,-0.1823555617709807,Changzhou
bus_BV10396276,3.010099869155065e-05,3.010099869155065e-05,0.0,1.1753743096587499e-06,0.0,6.520656170470253,12.0,0.0,-0.1985233054576805,-0.1985233054576805,Changzhou
bus_BV11207671,3.010099869155065e-05,3.010011948469335e-05,8.792068573019746e-10,1.1753743096587499e-06,0.0,6.42231809869687,25.0,0.0,-0.20840472425142287,-0.20840472425142287,Changzhou
bus_BV10522152,3.010099869155065e-05,3.0056618680185992e-05,4.4380011364659084e-08,1.1753743096587499e-06,0.0,5.780475793980893,140.5,0.0,-0.21263249268458723,-0.21263249268458723,Changzhou
bus_BV10145628,3.010099869155065e-05,3.0039018862156684e-05,6.197982939396687e-08,1.1753743096587499e-06,0.0,5.41656814937279,62.0,0.0,-0.22630338537085368,-0.22630338537085368,Changzhou
bus_BV10146008,3.010099869155065e-05,3.0099312685188967e-05,1.6860063616836785e-09,1.1753743096587499e-06,0.0,6.151068796616386,140.5,0.0,-0.23824380383199373,-0.23824380383199373,Changzhou
bus_BV10146758,3.010099869155065e-05,3.008781207688758e-05,1.318661466307187e-08,1.1753743096587499e-06,0.0,5.970208695668517,7.0,0.0,-0.24064352874571834,-0.24064352874571834,Changzhou
bus_BV10503794,3.010099869155065e-05,3.002729466661802e-05,7.370402493263157e-08,1.1753743096587499e-06,0.0,5.044506250184374,566.5,0.0,-0.25028727449666516,-0.25028727449666516,Changzhou
bus_BV10503549,3.010099869155065e-05,3.0091297811603212e-05,9.700879947438962e-09,1.1753743096587499e-06,0.0,5.627616369271665,288.5,0.0,-0.2855201638368939,-0.2855201638368939,Changzhou
bus_BV10523350,3.010099869155065e-05,3.0046584012095577e-05,5.44146794550738e-08,1.1753743096587499e-06,0.0,4.942312432577424,140.5,0.0,-0.2927993957406633,-0.2927993957406633,Changzhou
bus_BV10145033,3.010099869155065e-05,3.0140604898533108e-05,-3.960620698245686e-08,1.1753743096587499e-06,0.0,6.2469643303509725,7.0,0.0,-0.29314029754214116,-0.29314029754214116,Changzhou
bus_BV10624109,3.010099869155065e-05,3.006182577037988e-05,3.917292117077106e-08,1.1753743096587499e-06,0.0,5.134691400638146,62.0,0.0,-0.29504857830655773,-0.29504857830655773,Changzhou
bus_BV10519746,3.010099869155065e-05,3.0079909298755362e-05,2.1089392795288714e-08,1.1753743096587499e-06,0.0,5.330135294877777,566.5,0.0,-0.30148140821127445,-0.30148140821127445,Changzhou
bus_BV10325010,3.010099869155065e-05,3.009751607783242e-05,3.4826137182318248e-09,1.1753743096587499e-06,0.0,5.32503574845991,25.0,0.0,-0.330166347810529,-0.330166347810529,Changzhou
bus_BV09046940,3.010099869155065e-05,3.0095941242096822e-05,5.05744945382869e-09,1.1753743096587499e-06,0.0,5.197626573481149,25.0,0.0,-0.342273568829869,-0.342273568829869,Changzhou
bus_BV10145933,3.010099869155065e-05,3.008953834545621e-05,1.1460346094442224e-08,1.1753743096587499e-06,0.0,4.97903914612904,288.5,0.0,-0.3571383759986964,-0.3571383759986964,Changzhou
bus_BV10145750,3.010099869155065e-05,3.0091759035222618e-05,9.239656328032691e-09,1.1753743096587499e-06,0.0,4.9572104885749075,62.0,0.0,-0.36318741887275774,-0.36318741887275774,Changzhou
bus_BV10145635,3.010099869155065e-05,3.0092660685792377e-05,8.338005758274161e-09,1.1753743096587499e-06,0.0,4.94225745904585,62.0,0.0,-0.3663423255816396,-0.3663423255816396,Changzhou
bus_BV10145224,3.010099869155065e-05,3.0100916255998506e-05,8.243555214533863e-11,1.1753743096587499e-06,0.0,4.9803655153789,25.0,0.0,-0.3751448841515718,-0.3751448841515718,Changzhou
bus_BV11449619,3.010099869155065e-05,3.0091289410150857e-05,9.709281399793818e-09,1.1753743096587499e-06,0.0,4.781604129071449,1140.5,0.0,-0.38258929095014893,-0.38258929095014893,Changzhou
bus_BV11522327,3.010099869155065e-05,3.009496617385436e-05,6.032517696292138e-09,1.1753743096587499e-06,0.0,4.829353964183188,288.5,0.0,-0.38297782412308856,-0.38297782412308856,Changzhou
bus_BV10145467,3.010099869155065e-05,3.010012155293181e-05,8.771386188415693e-10,1.1753743096587499e-06,0.0,4.874990440663299,25.0,0.0,-0.3859686857575479,-0.3859686857575479,Changzhou
bus_BV10145599,3.010099869155065e-05,3.0095656506247012e-05,5.342185303639082e-09,1.1753743096587499e-06,0.0,4.781285923615756,140.5,0.0,-0.3895955255446335,-0.3895955255446335,Changzhou
bus_BV10147895,3.010099869155065e-05,3.013082434476682e-05,-2.9825653216168635e-08,1.1753743096587499e-06,0.0,5.046718574578472,62.0,0.0,-0.41526283817590226,-0.41526283817590226,Changzhou
bus_BV10145150,3.010099869155065e-05,3.016080278440128e-05,-5.980409285063015e-08,1.1753743096587499e-06,0.0,5.154766402331114,25.0,0.0,-0.4507084651561704,-0.4507084651561704,Changzhou
bus_BV10157308,1.8481324263110183e-05,1.8453031586107818e-05,2.8292677002364724e-08,0.002017940946692498,0.0029239766081871343,9.447985490594991,18.0,0.0,3.071982238019251,3.071982238019251,Qingdao
bus_BV09048417,1.8481324263110183e-05,1.8452167295608324e-05,2.9156967501858485e-08,0.0005441015951818118,0.0,7.16325573486338,318.5,0.14285714285714285,1.072106871289876,1.072106871289876,Qingdao
bus_BV09121113,1.8481324263110183e-05,1.8412403003788346e-05,6.892125932183655e-08,1.7730398213733345e-05,0.0,9.430767297344278,32.5,0.0,0.8185943350686204,0.8185943350686204,Qingdao
bus_BV11556857,1.8481324263110183e-05,1.847676667836414e-05,4.557584746043121e-09,1.7730398213733345e-05,0.0,11.567352985790397,107.0,0.1111111111111111,0.7426679654845373,0.7426679654845373,Qingdao
bus_BV10624620,1.8481324263110183e-05,1.8474556698285163e-05,6.7675648250195715e-09,1.7730398213733345e-05,0.0,10.015489139482138,107.0,0.1111111111111111,0.5863692492911623,0.5863692492911623,Qingdao
bus_BV11323156,1.8481324263110183e-05,1.8457167228115107e-05,2.4157034995076003e-08,1.7730398213733345e-05,0.0,7.00379678529246,107.0,0.1111111111111111,0.4631038404023909,0.4631038404023909,Qingdao
bus_BV10614269,1.8481324263110183e-05,1.8471005533892622e-05,1.0318729217560622e-08,1.7730398213733345e-05,0.0,7.460085854271625,107.0,0.1111111111111111,0.327788615494644,0.327788615494644,Qingdao
bus_BV11688664,1.8481324263110183e-05,1.847277219999918e-05,8.552063111002476e-09,0.00012300463760728242,0.0,11.178226713831346,188.0,0.0,0.27173774214924284,0.27173774214924284,Qingdao
bus_BV10158594,1.8481324263110183e-05,1.8436222150888604e-05,4.510211222157856e-08,1.7730398213733345e-05,0.0,7.435238836193399,107.0,0.0,0.2511664668514455,0.2511664668514455,Qingdao
bus_BV11245928,1.8481324263110183e-05,1.8476878214719236e-05,4.446048390946867e-09,1.7730398213733345e-05,0.0,11.999881159188686,7.5,0.0,0.24144595283892498,0.24144595283892498,Qingdao
bus_BV10393370,1.8481324263110183e-05,1.8480047304755534e-05,1.2769583546492526e-09,0.00012300463760728242,0.0,11.481440620996619,60.5,0.0,0.20821781671309061,0.20821781671309061,Qingdao
metro_BV10425284,1.8481324263110183e-05,1.8437825355454513e-05,4.3498907655669614e-08,1.7730398213733345e-05,0.0,7.005556683105782,546.0,0.0,0.17744445166776493,0.17744445166776493,Qingdao
bus_BV10393205,1.8481324263110183e-05,1.849746209278508e-05,-1.6137829674896844e-08,1.7730398213733345e-05,0.0,13.42049580010894,1.0,0.0,0.12941430608550575,0.12941430608550575,Qingdao
bus_BV10156446,1.8481324263110183e-05,1.8469462436295127e-05,1.186182681505582e-08,1.7730398213733345e-05,0.0,9.888065924824357,7.5,0.0,0.08934230640517105,0.08934230640517105,Qingdao
bus_BV09053351,1.8481324263110183e-05,1.8481324263110183e-05,0.0,1.7730398213733345e-05,0.0,7.289393816306634,32.5,0.09090909090909091,0.06511660510875045,0.06511660510875045,Qingdao
bus_BV10158541,1.8481324263110183e-05,1.8471963891580105e-05,9.360371530078084e-09,1.7730398213733345e-05,0.0,9.576236390874884,3.5,0.0,0.01745068985082586,0.01745068985082586,Qingdao
bus_BV10708382,1.8481324263110183e-05,1.8477695301104113e-05,3.628962006069924e-09,1.7730398213733345e-05,0.0,10.207731143483361,7.5,0.0,0.014637258897009828,0.014637258897009828,Qingdao
bus_BV10155882,1.8481324263110183e-05,1.845238499802964e-05,2.8939265080542113e-08,1.7730398213733345e-05,0.0,7.226935678497664,188.0,0.0,0.003957333911985342,0.003957333911985342,Qingdao
bus_BV10154505,1.8481324263110183e-05,1.8480163580380384e-05,1.1606827297989063e-09,1.7730398213733345e-05,0.0,6.6195140190440425,32.5,0.09090909090909091,0.0004897573978684434,0.0004897573978684434,Qingdao
bus_BV11319534,1.8481324263110183e-05,1.847112390033767e-05,1.0200362772514127e-08,1.7730398213733345e-05,0.0,9.248704435716496,60.5,0.0,-0.010402840155080945,-0.010402840155080945,Qingdao
bus_BV10154570,1.8481324263110183e-05,1.8481324263110183e-05,0.0,1.7730398213733345e-05,0.0,7.01412765955973,13.0,0.07692307692307693,-0.03744223434897942,-0.03744223434897942,Qingdao
bus_BV10155464,1.8481324263110183e-05,1.847892840722009e-05,2.3958558900944815e-09,1.7730398213733345e-05,0.0,9.831685579010763,60.5,0.0,-0.04754593346859167,-0.04754593346859167,Qingdao
bus_BV11031444,1.8481324263110183e-05,1.848119957783553e-05,1.246852746545409e-10,1.7730398213733345e-05,0.0,6.805941031599064,13.0,0.07692307692307693,-0.060771300245591076,-0.060771300245591076,Qingdao
bus_BV10154691,1.8481324263110183e-05,1.8481324263110183e-05,0.0,1.7730398213733345e-05,0.0,9.92639319716251,13.0,0.0,-0.06908367616942018,-0.06908367616942018,Qingdao
bus_BV10398382,1.8481324263110183e-05,1.8482310752029534e-05,-9.86488919350691e-10,1.7730398213733345e-05,0.0,9.90401887754535,107.0,0.0,-0.08533401007933111,-0.08533401007933111,Qingdao
bus_BV09247029,1.8481324263110183e-05,1.8479100916974634e-05,2.2233461355493497e-09,1.7730398213733345e-05,0.0,9.536526166780064,2.0,0.0,-0.08542181070818296,-0.08542181070818296,Qingdao
bus_BV11688010,1.8481324263110183e-05,1.847950760375702e-05,1.8166593531645668e-09,1.7730398213733345e-05,0.0,9.383820246044216,318.5,0.0,-0.10938059974428552,-0.10938059974428552,Qingdao
bus_BV10592454,1.8481324263110183e-05,1.8479216745482887e-05,2.1075176272960865e-09,1.7730398213733345e-05,0.0,8.96514149123947,3.5,0.0,-0.15574582725826713,-0.15574582725826713,Qingdao
bus_BV11283391,1.8481324263110183e-05,1.8461909297948743e-05,1.9414965161439554e-08,1.7730398213733345e-05,0.0,6.953203174433166,107.0,0.0,-0.15987795842071678,-0.15987795842071678,Qingdao
bus_BV11125438,1.8481324263110183e-05,1.847990621431609e-05,1.4180487940941642e-09,1.7730398213733345e-05,0.0,8.495511855786006,7.5,0.0,-0.22171417812289887,-0.22171417812289887,Qingdao
bus_BV11460046,1.8481324263110183e-05,1.84811113831884e-05,2.128799217830104e-10,1.7730398213733345e-05,0.0,8.475310091520143,13.0,0.0,-0.24070884911517515,-0.24070884911517515,Qingdao
bus_BV10154584,1.8481324263110183e-05,1.8474744692275713e-05,6.579570834470044e-09,1.7730398213733345e-05,0.0,7.570812404182311,32.5,0.0,-0.26200329995953875,-0.26200329995953875,Qingdao
bus_BV10399000,1.8481324263110183e-05,1.8480376727574506e-05,9.475355356767883e-10,1.7730398213733345e-05,0.0,8.16625190425352,32.5,0.0,-0.2677879641091968,-0.2677879641091968,Qingdao
bus_BV10157057,1.8481324263110183e-05,1.847666470010271e-05,4.659563007473471e-09,1.7730398213733345e-05,0.0,7.67521547244258,107.0,0.0,-0.2758344207893617,-0.2758344207893617,Qingdao
bus_BV09072859,1.8481324263110183e-05,1.8480559945625138e-05,7.643174850450573e-10,1.7730398213733345e-05,0.0,7.970121947792362,188.0,0.0,-0.29389874636037994,-0.29389874636037994,Qingdao
bus_BV10156824,1.8481324263110183e-05,1.8474212412494e-05,7.111850616183332e-09,1.7730398213733345e-05,0.0,7.231253159729591,188.0,0.0,-0.2955329745198235,-0.2955329745198235,Qingdao
bus_BV11688673,1.8481324263110183e-05,1.8479826726633204e-05,1.4975364769789323e-09,1.7730398213733345e-05,0.0,7.862709678327786,7.5,0.0,-0.29674157232277276,-0.29674157232277276,Qingdao
bus_BV10154622,1.8481324263110183e-05,1.8470582626523772e-05,1.0741636586410658e-08,1.7730398213733345e-05,0.0,6.763298713790554,32.5,0.0,-0.30193327241420037,-0.30193327241420037,Qingdao
bus_BV10502235,1.8481324263110183e-05,1.8475442433033767e-05,5.881830076415678e-09,1.7730398213733345e-05,0.0,6.889942496979741,188.0,0.0,-0.3534954872977286,-0.3534954872977286,Qingdao
bus_BV11594901,1.8481324263110183e-05,1.8477078091940764e-05,4.246171169419065e-09,1.7730398213733345e-05,0.0,6.880381799720017,188.0,0.0,-0.37712706657642947,-0.37712706657642947,Qingdao
bus_BV11681405,1.8481324263110183e-05,1.847939992579603e-05,1.9243373141539482e-09,1.7730398213733345e-05,0.0,7.043994016726111,60.5,0.0,-0.3893588536585818,-0.3893588536585818,Qingdao
bus_BV10156768,1.8481324263110183e-05,1.8478155414893908e-05,3.1688482162753556e-09,1.7730398213733345e-05,0.0,6.778942529950078,60.5,0.0,-0.4041366217980986,-0.4041366217980986,Qingdao
bus_BV10154780,1.8481324263110183e-05,1.847824395567312e-05,3.080307437061219e-09,1.7730398213733345e-05,0.0,6.728134276364275,107.0,0.0,-0.4114653185083764,-0.4114653185083764,Qingdao
bus_BV11112064,1.8481324263110183e-05,1.848027849729331e-05,1.0457658168721846e-09,1.7730398213733345e-05,0.0,6.867260787396017,32.5,0.0,-0.4226937724519697,-0.4226937724519697,Qingdao
bus_BV11545714,1.8481324263110183e-05,1.8480744157422857e-05,5.801056873263471e-10,1.7730398213733345e-05,0.0,6.773953404568413,18.0,0.0,-0.44031806402731954,-0.44031806402731954,Qingdao
bus_BV10154465,1.8481324263110183e-05,1.8481252356148065e-05,7.190696211820742e-11,1.7730398213733345e-05,0.0,6.651224671734528,188.0,0.0,-0.46206613382174017,-0.46206613382174017,Qingdao
bus_BV09039123,1.8481324263110183e-05,1.849117801743128e-05,-9.85375432109776e-09,1.7730398213733345e-05,0.0,7.739457117805361,60.5,0.0,-0.46758690411524206,-0.46758690411524206,Qingdao
bus_BV10777786,1.8481324263110183e-05,1.8481324263110183e-05,0.0,-8.754384117992675e-05,0.0,7.133918523457361,60.5,0.0,-0.47768426824572874,-0.47768426824572874,Qingdao
bus_BV10158106,1.8481324263110183e-05,1.8481324263110183e-05,0.0,-8.754384117992675e-05,0.0,6.842102862639602,32.5,0.0,-0.5127868426979079,-0.5127868426979079,Qingdao
bus_BV10960439,1.8481324263110183e-05,1.849200068009843e-05,-1.067641698824579e-08,1.7730398213733345e-05,0.0,7.088873085550852,7.5,0.0,-0.5571530014171486,-0.5571530014171486,Qingdao
bus_BV11473612,3.850230053740222e-05,3.834873568660876e-05,1.5356485079346137e-07,0.004326266209040308,0.01141552511415525,6.218588221699655,36.0,0.0,2.393139280264945,2.393139280264945,Zhengzhou
bus_BV11485472,3.850230053740222e-05,3.813357579801668e-05,3.687247393855436e-07,0.0013569046217816183,0.0091324200913242,8.17359012518532,60.0,0.0,2.146833844932527,2.146833844932527,Zhengzhou
bus_BV11688495,3.850230053740222e-05,3.827023429124358e-05,2.3206624615863786e-07,0.0006820497155864969,0.00684931506849315,9.653065691381462,8.5,0.0,1.4609522063011777,1.4609522063011777,Zhengzhou
bus_BV11040218,3.850230053740222e-05,3.842377344240865e-05,7.852709499356922e-08,7.1948093912643785e-06,0.0,9.974327000857127,92.0,0.1111111111111111,1.1942271810223566,1.1942271810223566,Zhengzhou
bus_BV11411663,3.850230053740222e-05,3.850230053740222e-05,0.0,0.0005470787343474504,0.0,15.212414257508973,1.0,0.0,0.6511364001232873,0.6511364001232873,Zhengzhou
bus_BV10865090,3.850230053740222e-05,3.850011135524089e-05,2.189182161328111e-09,7.1948093912643785e-06,0.0,8.793506427610113,17.5,0.08333333333333333,0.5859333305838046,0.5859333305838046,Zhengzhou
bus_BV10938051,3.850230053740222e-05,3.844377401191528e-05,5.8526525486938836e-08,7.1948093912643785e-06,0.0,13.252462577718402,60.0,0.0,0.4672224217439324,0.4672224217439324,Zhengzhou
bus_BV10091315,3.850230053740222e-05,3.847189287040597e-05,3.04076669962482e-08,7.1948093912643785e-06,0.0,13.875157606597286,17.5,0.0,0.44340366332392783,0.44340366332392783,Zhengzhou
bus_BV10090543,3.850230053740222e-05,3.851857425547949e-05,-1.6273718077271335e-08,7.1948093912643785e-06,0.0,6.300891394011615,17.5,0.08333333333333333,0.27358106497545165,0.27358106497545165,Zhengzhou
bus_BV10946669,3.850230053740222e-05,3.8414484994278294e-05,8.78155431239264e-08,7.1948093912643785e-06,0.0,9.844537007908023,4.5,0.0,0.20985729405628173,0.20985729405628173,Zhengzhou
bus_BV10090686,3.850230053740222e-05,3.84521089361538e-05,5.0191601248418126e-08,7.1948093912643785e-06,0.0,10.827566170250831,8.5,0.0,0.19331037567963943,0.19331037567963943,Zhengzhou
bus_BV09006347,3.850230053740222e-05,3.846962997719828e-05,3.2670560203943994e-08,0.0012219336405425718,0.0,6.701571342166166,36.0,0.0,0.0894564736032898,0.0894564736032898,Zhengzhou
bus_BV11553080,3.850230053740222e-05,3.8439207947315924e-05,6.309259008629645e-08,0.00027713677186935737,0.00228310502283105,6.554430194778106,277.0,0.0,0.08420931679944589,0.08420931679944589,Zhengzhou
bus_BV11598603,3.850230053740222e-05,3.845059354448302e-05,5.170699291920166e-08,7.1948093912643785e-06,0.0,8.436415727327311,17.5,0.0,-0.04649957773780097,-0.04649957773780097,Zhengzhou
bus_BV11247482,3.850230053740222e-05,3.8457231435813535e-05,4.506910158868561e-08,0.00014216579063031087,0.0,7.506227155695288,92.0,0.0,-0.12087804653447513,-0.12087804653447513,Zhengzhou
bus_BV10091680,3.850230053740222e-05,3.84804366357963e-05,2.186390160591737e-08,7.1948093912643785e-06,0.0,8.593676016591802,4.5,0.0,-0.12328020671387356,-0.12328020671387356,Zhengzhou
bus_BV10636061,3.850230053740222e-05,3.8481371944161376e-05,2.0928593240844443e-08,7.1948093912643785e-06,0.0,8.618634430209582,4.5,0.0,-0.12363828392366878,-0.12363828392366878,Zhengzhou
bus_BV11674092,3.850230053740222e-05,3.841326012376437e-05,8.904041363784829e-08,7.1948093912643785e-06,0.0,6.279932266602027,60.0,0.0,-0.15085721936148622,-0.15085721936148622,Zhengzhou
bus_BV10751375,3.850230053740222e-05,3.8425871416930374e-05,7.642912047184689e-08,7.1948093912643785e-06,0.0,6.612270641579728,17.5,0.0,-0.1561138652952344,-0.1561138652952344,Zhengzhou
bus_BV11018953,3.850230053740222e-05,3.845527718717941e-05,4.7023350222811947e-08,7.1948093912643785e-06,0.0,7.437400795178471,60.0,0.0,-0.16323554304725052,-0.16323554304725052,Zhengzhou
bus_BV10090634,3.850230053740222e-05,3.847598022029663e-05,2.6320317105592793e-08,7.1948093912643785e-06,0.0,7.921609983581626,17.5,0.0,-0.17814047251731674,-0.17814047251731674,Zhengzhou
bus_BV10591774,3.850230053740222e-05,3.847209111072111e-05,3.0209426681113843e-08,7.1948093912643785e-06,0.0,7.751194585042418,17.5,0.0,-0.18346589517026196,-0.18346589517026196,Zhengzhou
bus_BV11276236,3.850230053740222e-05,3.845420685893292e-05,4.809367846930258e-08,0.00014216579063031087,0.0,6.8007722659808865,156.5,0.0,-0.18360818491162267,-0.18360818491162267,Zhengzhou
bus_BV11569743,3.850230053740222e-05,3.8481790343748834e-05,2.0510193653386897e-08,7.1948093912643785e-06,0.0,8.037581897222045,4.5,0.0,-0.1843601868620245,-0.1843601868620245,Zhengzhou
bus_BV10090945,3.850230053740222e-05,3.84779106751686e-05,2.4389862233620155e-08,7.1948093912643785e-06,0.0,7.829375400767106,92.0,0.0,-0.19357960484986747,-0.19357960484986747,Zhengzhou
bus_BV11344565,3.850230053740222e-05,3.8479863577042784e-05,2.2436960359436967e-08,7.1948093912643785e-06,0.0,7.82838756403142,60.0,0.0,-0.19975745113190707,-0.19975745113190707,Zhengzhou
bus_BV10338068,3.850230053740222e-05,3.846534535051615e-05,3.6955186886073214e-08,7.1948093912643785e-06,0.0,7.090218350143779,92.0,0.0,-0.23006835515676033,-0.23006835515676033,Zhengzhou
bus_BV09045125,3.850230053740222e-05,3.848087116394259e-05,2.1429373459630626e-08,0.00014216579063031087,0.0,7.007111207517661,60.0,0.0,-0.24547849956962603,-0.24547849956962603,Zhengzhou
bus_BV11639013,3.850230053740222e-05,3.848957623510713e-05,1.2724302295087815e-08,7.1948093912643785e-06,0.0,7.618314314680947,17.5,0.0,-0.2514628907451513,-0.2514628907451513,Zhengzhou
bus_BV09192253,3.850230053740222e-05,3.848714546968816e-05,1.5155067714059823e-08,7.1948093912643785e-06,0.0,7.52383763265637,60.0,0.0,-0.2535605355061665,-0.2535605355061665,Zhengzhou
bus_BV11473337,3.850230053740222e-05,3.848372111500498e-05,1.8579422397240896e-08,7.1948093912643785e-06,0.0,7.10433780159191,17.5,0.0,-0.28580416634506217,-0.28580416634506217,Zhengzhou
bus_BV09366216,3.850230053740222e-05,3.855405452981014e-05,-5.1753992407920955e-08,7.1948093912643785e-06,0.0,9.234273995775682,2.0,0.0,-0.2868471081276849,-0.2868471081276849,Zhengzhou
bus_BV10090790,3.850230053740222e-05,3.8500654076748384e-05,1.646460653836261e-09,0.00014216579063031087,0.0,6.9835678924806475,92.0,0.0,-0.30944441608329465,-0.30944441608329465,Zhengzhou
bus_BV11261653,3.850230053740222e-05,3.850077961187604e-05,1.5209255261805694e-09,7.1948093912643785e-06,0.0,7.32327832908557,17.5,0.0,-0.31649550123954784,-0.31649550123954784,Zhengzhou
bus_BV10090851,3.850230053740222e-05,3.8481371909158173e-05,2.0928628244047307e-08,7.1948093912643785e-06,0.0,6.678551131177544,8.5,0.0,-0.3220362371638436,-0.3220362371638436,Zhengzhou
bus_BV09321032,3.850230053740222e-05,3.84684185491807e-05,3.388198822152293e-08,7.1948093912643785e-06,0.0,6.276950645531107,36.0,0.0,-0.32279811204101155,-0.32279811204101155,Zhengzhou
bus_BV11275419,3.850230053740222e-05,3.847298071051021e-05,2.9319826892009978e-08,7.1948093912643785e-06,0.0,6.393179579831031,92.0,0.0,-0.32510827007917315,-0.32510827007917315,Zhengzhou
bus_BV09224090,3.850230053740222e-05,3.848540027945599e-05,1.690025794622832e-08,7.1948093912643785e-06,0.0,6.731403000814248,36.0,0.0,-0.3291665090453394,-0.3291665090453394,Zhengzhou
bus_BV10619506,3.850230053740222e-05,3.84989780263927e-05,3.3225110095228298e-09,7.1948093912643785e-06,0.0,7.065485668432731,17.5,0.0,-0.33725208463372863,-0.33725208463372863,Zhengzhou
bus_BV10090995,3.850230053740222e-05,3.850230053740222e-05,0.0,7.1948093912643785e-06,0.0,7.1500193444708895,8.5,0.0,-0.3389460748900596,-0.3389460748900596,Zhengzhou
bus_BV09184916,3.850230053740222e-05,3.847580390902842e-05,2.649662837380382e-08,7.1948093912643785e-06,0.0,6.313707486797147,277.0,0.0,-0.3420202188708717,-0.3420202188708717,Zhengzhou
bus_BV10091381,3.850230053740222e-05,3.848008742081298e-05,2.221311658924367e-08,7.1948093912643785e-06,0.0,6.385512650134422,17.5,0.0,-0.34800619819139594,-0.34800619819139594,Zhengzhou
bus_BV10092280,3.850230053740222e-05,3.8486775728937375e-05,1.5524808464846063e-08,7.1948093912643785e-06,0.0,6.56364349714284,92.0,0.0,-0.35060201467198604,-0.35060201467198604,Zhengzhou
bus_BV10090887,3.850230053740222e-05,3.8496230765907724e-05,6.069771494496528e-09,7.1948093912643785e-06,0.0,6.478385332444707,36.0,0.0,-0.38874189551169136,-0.38874189551169136,Zhengzhou
bus_BV10092843,3.850230053740222e-05,3.84993723524465e-05,2.9281849557184617e-09,7.1948093912643785e-06,0.0,6.308010457550981,17.5,0.0,-0.4159405289847929,-0.4159405289847929,Zhengzhou
bus_BV10897066,3.850230053740222e-05,3.8498079873996146e-05,4.2206634060743616e-09,7.1948093912643785e-06,0.0,6.238007943544899,17.5,0.0,-0.41907737791876887,-0.41907737791876887,Zhengzhou
bus_BV10420566,3.850230053740222e-05,3.850230053740222e-05,0.0,7.1948093912643785e-06,0.0,6.356670898517485,36.0,0.0,-0.4200759904832732,-0.4200759904832732,Zhengzhou
bus_BV11565414,3.850230053740222e-05,3.850060678491067e-05,1.6937524915523988e-09,7.1948093912643785e-06,0.0,6.273734607254302,156.5,0.0,-0.4232868408899766,-0.4232868408899766,Zhengzhou
bus_BV09016776,3.850230053740222e-05,3.850224696232911e-05,5.357507310916254e-11,7.1948093912643785e-06,0.0,6.27081229913308,36.0,0.0,-0.428689409423779,-0.428689409423779,Zhengzhou
bus_BV11400133,3.850230053740222e-05,3.8532333217174214e-05,-3.0032679771992805e-08,7.1948093912643785e-06,0.0,6.538451189688721,36.0,0.0,-0.49493907978028884,-0.49493907978028884,Zhengzhou
bus_BV10560460,1.898942603850736e-05,1.6524773574442648e-05,2.4646524640647123e-06,0.12626644678656396,0.2803347280334728,27.325668909998317,1.0,0.0,4.961264247203998,4.961264247203998,Nantong
bus_BV10565604,1.898942603850736e-05,1.8825650950990915e-05,1.6377508751644527e-07,0.0028175533491839877,0.010460251046025104,12.131240525469174,4.0,0.06666666666666667,0.6996296322137003,0.6996296322137003,Nantong
bus_BV11376426,1.898942603850736e-05,1.8985309319278523e-05,4.116719228837673e-09,3.174431440600145e-06,0.0,12.539260801601003,14.5,0.08333333333333333,0.6739491991724682,0.6739491991724682,Nantong
bus_BV10137437,1.898942603850736e-05,1.8963846539507524e-05,2.5579498999836182e-08,0.0001311007458834057,0.0,5.8238287715513986,52.5,0.1111111111111111,0.6062455537563809,0.6062455537563809,Nantong
bus_BV09098772,1.898942603850736e-05,1.8984243675903684e-05,5.182362603676718e-09,0.0001311007458834057,0.0,5.689519518685789,35.0,0.1,0.49926810559223134,0.49926810559223134,Nantong
bus_BV10137144,1.898942603850736e-05,1.897655949491414e-05,1.2866543593220996e-08,3.174431440600145e-06,0.0,23.149982399456658,2.0,0.0,0.4917810732554058,0.4917810732554058,Nantong
bus_BV10707090,1.898942603850736e-05,1.898637546306062e-05,3.0505754467404086e-09,3.174431440600145e-06,0.0,18.92637200616671,7.0,0.0,0.29472788265748895,0.29472788265748895,Nantong
bus_BV10137320,1.898942603850736e-05,1.898248922670888e-05,6.936811798480708e-09,3.174431440600145e-06,0.0,16.519001828888094,7.0,0.0,0.18790927127845736,0.18790927127845736,Nantong
bus_BV11470836,1.898942603850736e-05,1.883822463056183e-05,1.5120140794553023e-07,0.0001311007458834057,0.0,13.371285150421704,22.5,0.0,0.13039391521595609,0.13039391521595609,Nantong
bus_BV10460325,1.898942603850736e-05,1.8983645281672132e-05,5.780756835228781e-09,3.174431440600145e-06,0.0,12.813479116429336,10.0,0.0,0.019350792704421485,0.019350792704421485,Nantong
bus_BV10943646,1.898942603850736e-05,1.8939508884444196e-05,4.9917154063164424e-08,3.174431440600145e-06,0.0,11.640211038588928,14.5,0.0,-0.008214719175526207,-0.008214719175526207,Nantong
bus_BV10469756,1.898942603850736e-05,1.8976033777137306e-05,1.3392261370054651e-08,3.174431440600145e-06,0.0,10.69071023334402,52.5,0.0,-0.07241314428797357,-0.07241314428797357,Nantong
bus_BV10137914,1.898942603850736e-05,1.90014337003664e-05,-1.200766185904112e-08,3.174431440600145e-06,0.0,10.77455679267264,4.0,0.0,-0.0833423481753578,-0.0833423481753578,Nantong
bus_BV11475824,1.898942603850736e-05,1.8976023537983383e-05,1.3402500523977033e-08,3.174431440600145e-06,0.0,10.3335445774774,14.5,0.0,-0.08858950672118177,-0.08858950672118177,Nantong
bus_BV11482188,1.898942603850736e-05,1.8848432720153e-05,1.4099331835436016e-07,3.174431440600145e-06,0.0,8.67605320504935,22.5,0.0,-0.08970313845174399,-0.08970313845174399,Nantong
bus_BV10137488,1.898942603850736e-05,1.8974713319997818e-05,1.4712718509542639e-08,3.174431440600145e-06,0.0,9.836209427500828,14.5,0.0,-0.11036281536523312,-0.11036281536523312,Nantong
bus_BV10493310,1.898942603850736e-05,1.8821626966347273e-05,1.6779907216008788e-07,0.0001311007458834057,0.0,7.673923186608912,88.0,0.0,-0.1181154606449126,-0.1181154606449126,Nantong
bus_BV11168421,1.898942603850736e-05,1.8833983722057315e-05,1.5544231645004555e-07,0.001538290204755155,0.006276150627615063,6.302192465792236,531.0,0.0,-0.13950482402174152,-0.13950482402174152,Nantong
bus_BV10493274,1.898942603850736e-05,1.8982973269572952e-05,6.452768934408251e-09,3.174431440600145e-06,0.0,9.249292531075728,158.0,0.0,-0.1417440923212936,-0.1417440923212936,Nantong
bus_BV10137477,1.898942603850736e-05,1.8957451378465283e-05,3.1974660042077054e-08,0.0001311007458834057,0.0,8.65038133454344,35.0,0.0,-0.1526320037348478,-0.1526320037348478,Nantong
bus_BV11260065,1.898942603850736e-05,1.8989161340580247e-05,2.6469792711395217e-10,3.174431440600145e-06,0.0,8.95929632361455,10.0,0.0,-0.15847124742042146,-0.15847124742042146,Nantong
bus_BV10138189,1.898942603850736e-05,1.898874025546442e-05,6.857830429391084e-10,3.174431440600145e-06,0.0,8.642763217686207,4.0,0.0,-0.17256842064022693,-0.17256842064022693,Nantong
bus_BV09366804,1.898942603850736e-05,1.8906294449919093e-05,8.313158858826768e-08,3.174431440600145e-06,0.0,7.478844982321628,531.0,0.0,-0.17749669373614502,-0.17749669373614502,Nantong
bus_BV10492684,1.898942603850736e-05,1.8835831730919006e-05,1.5359430758835448e-07,3.174431440600145e-06,0.0,6.31862503421549,158.0,0.0,-0.18920577107509806,-0.18920577107509806,Nantong
bus_BV11596037,1.898942603850736e-05,1.89725711152218e-05,1.685492328556092e-08,0.00038695337476923886,0.0,7.914666778326982,35.0,0.0,-0.19183561517695297,-0.19183561517695297,Nantong
bus_BV09098771,1.898942603850736e-05,1.887550664221107e-05,1.1391939629629163e-07,3.174431440600145e-06,0.0,6.271460028247785,286.5,0.0,-0.21434810582972083,-0.21434810582972083,Nantong
bus_BV09194222,1.898942603850736e-05,1.898558571278127e-05,3.84032572609054e-09,3.174431440600145e-06,0.0,7.652622658130104,7.0,0.0,-0.21560010598292365,-0.21560010598292365,Nantong
bus_BV10137385,1.898942603850736e-05,1.8986098323287586e-05,3.3277152197748613e-09,3.174431440600145e-06,0.0,7.507763776937379,35.0,0.0,-0.22246054248420163,-0.22246054248420163,Nantong
bus_BV11482515,1.898942603850736e-05,1.8974200594234076e-05,1.522544427328486e-08,3.174431440600145e-06,0.0,7.230580952646257,14.5,0.0,-0.2281201459769443,-0.2281201459769443,Nantong
bus_BV09194190,1.898942603850736e-05,1.897966983514219e-05,9.75620336517109e-09,0.0017941428336408771,0.0,6.724547838321426,35.0,0.0,-0.23393991415397428,-0.23393991415397428,Nantong
bus_BV10138596,1.898942603850736e-05,1.9010233446527384e-05,-2.0807408020023495e-08,3.174431440600145e-06,0.0,7.5335531295648,158.0,0.0,-0.2352867846666115,-0.2352867846666115,Nantong
bus_BV10454390,1.898942603850736e-05,1.899446153353737e-05,-5.035495030008327e-09,3.174431440600145e-06,0.0,7.196338765232934,35.0,0.0,-0.2414198335060511,-0.2414198335060511,Nantong
bus_BV11073484,1.898942603850736e-05,1.8973480125283307e-05,1.5945913224053057e-08,3.174431440600145e-06,0.0,6.793038028783636,52.5,0.0,-0.24752638014398887,-0.24752638014398887,Nantong
bus_BV11683575,1.898942603850736e-05,1.8984895059072032e-05,4.5309794353287245e-09,3.174431440600145e-06,0.0,6.923306702548014,35.0,0.0,-0.24824314866704708,-0.24824314866704708,Nantong
bus_BV10453462,1.898942603850736e-05,1.8971117459478557e-05,1.8308579028803557e-08,3.174431440600145e-06,0.0,6.6459382839194445,88.0,0.0,-0.2528211224701985,-0.2528211224701985,Nantong
bus_BV10448360,1.898942603850736e-05,1.8988035525537717e-05,1.3905129696434998e-09,3.174431440600145e-06,0.0,6.799786666573309,35.0,0.0,-0.25566053054595334,-0.25566053054595334,Nantong
bus_BV10451420,1.898942603850736e-05,1.8989148778053307e-05,2.7726045405361273e-10,3.174431440600145e-06,0.0,6.762750087724144,52.5,0.0,-0.25798408392085215,-0.25798408392085215,Nantong
bus_BV10137379,1.898942603850736e-05,1.8964302615130515e-05,2.512342337684573e-08,3.174431440600145e-06,0.0,6.367756392810367,158.0,0.0,-0.2614732899776813,-0.2614732899776813,Nantong
bus_BV09106073,1.898942603850736e-05,1.8979257343722862e-05,1.0168694784498693e-08,3.174431440600145e-06,0.0,6.288508245483693,35.0,0.0,-0.27373529332332125,-0.27373529332332125,Nantong
bus_BV10443089,1.898942603850736e-05,1.898914187002733e-05,2.841684800304904e-10,3.174431440600145e-06,0.0,6.188771838615222,22.5,0.0,-0.2839856245637262,-0.2839856245637262,Nantong
bus_BV10752671,1.898942603850736e-05,1.897640502478873e-05,1.302101371862912e-08,3.174431440600145e-06,0.0,5.985435110990933,88.0,0.0,-0.28581288304606445,-0.28581288304606445,Nantong
bus_BV09183778,1.898942603850736e-05,1.898942603850736e-05,0.0,3.174431440600145e-06,0.0,6.070668724090301,10.0,0.0,-0.2895013613490206,-0.2895013613490206,Nantong
bus_BV10137141,1.898942603850736e-05,1.8978761248224352e-05,1.0664790283008242e-08,3.174431440600145e-06,0.0,5.896145258592702,35.0,0.0,-0.291224637811348,-0.291224637811348,Nantong
bus_BV10137679,1.898942603850736e-05,1.8985682233247735e-05,3.743805259625807e-09,3.174431440600145e-06,0.0,5.967201404858572,52.5,0.0,-0.29201837505306394,-0.29201837505306394,Nantong
bus_BV10559964,1.898942603850736e-05,1.898544752440013e-05,3.9785141072319055e-09,3.174431440600145e-06,0.0,5.829060678439874,22.5,0.0,-0.29814109707344205,-0.29814109707344205,Nantong
bus_BV10137052,1.898942603850736e-05,1.898845157860751e-05,9.74459899849968e-10,3.174431440600145e-06,0.0,5.819496502239183,22.5,0.0,-0.30031632020261867,-0.30031632020261867,Nantong
bus_BV10496219,1.898942603850736e-05,1.898665707102835e-05,2.7689674790115073e-09,3.174431440600145e-06,0.0,5.75384002328102,531.0,0.0,-0.3022505131784188,-0.3022505131784188,Nantong
bus_BV10137623,1.898942603850736e-05,1.8986638531550697e-05,2.787506956663144e-09,3.174431440600145e-06,0.0,5.737847038336254,52.5,0.0,-0.3029643660158887,-0.3029643660158887,Nantong
bus_BV10460321,1.898942603850736e-05,1.900580552488192e-05,-1.6379486374559538e-08,3.174431440600145e-06,0.0,5.700807918140408,22.5,0.0,-0.3157564537068445,-0.3157564537068445,Nantong
bus_BV10493311,1.898942603850736e-05,1.9012429187359823e-05,-2.3003148852462023e-08,3.174431440600145e-06,0.0,5.6978991394219305,286.5,0.0,-0.3197289584519456,-0.3197289584519456,Nantong
bus_BV10254208,3.648876163459404e-05,3.633864919717214e-05,1.501124374218984e-07,0.0008089702687403832,0.0,8.505854246434613,101.5,0.1111111111111111,1.9700096348271483,1.9700096348271483,Foshan
bus_BV10254120,3.648876163459404e-05,3.6352282053112576e-05,1.3647958148146097e-07,0.0005394648112548861,0.0020242914979757085,8.348352040127109,7.0,0.0,1.5629115285732833,1.5629115285732833,Foshan
bus_BV10252134,3.648876163459404e-05,3.640391640056302e-05,8.484523403101495e-08,0.00026995935376938895,0.0020242914979757085,12.227468430397186,13.0,0.0,1.5009390689884645,1.5009390689884645,Foshan
bus_BV11654362,3.648876163459404e-05,3.6460373909202e-05,2.83877253920355e-08,0.00026995935376938895,0.0020242914979757085,8.46705273257499,13.0,0.07692307692307693,1.4118454077763407,1.4118454077763407,Foshan
bus_BV10889437,3.648876163459404e-05,3.6363482885783386e-05,1.2527874881065106e-07,0.00026995935376938895,0.0020242914979757085,7.099653337659476,101.5,0.0,1.0852732691161089,1.0852732691161089,Foshan
bus_BV09244985,3.648876163459404e-05,3.6393940826785966e-05,9.48208078080704e-08,4.5389628389180814e-07,0.0,15.09016672667865,2.0,0.0,0.8204547170806646,0.8204547170806646,Foshan
bus_BV10450600,3.648876163459404e-05,3.636191876977156e-05,1.268428648224773e-07,0.00013520662502664038,0.0,10.626194660424805,30.5,0.0,0.5954052919596845,0.5954052919596845,Foshan
bus_BV10254754,3.648876163459404e-05,3.64515935876886e-05,3.716804690543816e-08,0.0008089702687403832,0.0,6.892719540903563,165.5,0.0,0.5894739061973102,0.5894739061973102,Foshan
bus_BV10330486,3.648876163459404e-05,3.624975454460612e-05,2.390070899879144e-07,4.5389628389180814e-07,0.0,6.840053705663386,58.5,0.0,0.4485995756543114,0.4485995756543114,Foshan
bus_BV10251710,3.648876163459404e-05,3.6390384020902184e-05,9.837761369185289e-08,4.5389628389180814e-07,0.0,10.131574079871951,7.0,0.0,0.28515124043293244,0.28515124043293244,Foshan
bus_BV10251602,3.648876163459404e-05,3.648026604059289e-05,8.495594001144244e-09,4.5389628389180814e-07,0.0,6.591217935978388,30.5,0.1,0.25664050511238234,0.25664050511238234,Foshan
bus_BV10251713,3.648876163459404e-05,3.646964695148074e-05,1.9114683113294426e-08,4.5389628389180814e-07,0.0,12.283064302144872,1.0,0.0,0.22581046421990658,0.22581046421990658,Foshan
bus_BV09306208,3.648876163459404e-05,3.648620214773475e-05,2.559486859284835e-09,4.5389628389180814e-07,0.0,6.058863664302756,30.5,0.1,0.17546533219150368,0.17546533219150368,Foshan
bus_BV10619428,3.648876163459404e-05,3.6326852974415117e-05,1.619086601789202e-07,4.5389628389180814e-07,0.0,6.634771856304611,486.5,0.0,0.13661252347933783,0.13661252347933783,Foshan
bus_BV10257076,3.648876163459404e-05,3.648555210334744e-05,3.2095312465943524e-09,4.5389628389180814e-07,0.0,6.13935451303137,13.0,0.08333333333333333,0.07006810725290152,0.07006810725290152,Foshan
bus_BV11403329,3.648876163459404e-05,3.642873540111706e-05,6.00262334769753e-08,0.00013520662502664038,0.0,7.9304972424232245,58.5,0.0,0.04644095437204922,0.04644095437204922,Foshan
bus_BV10253116,3.648876163459404e-05,3.6388868777352736e-05,9.989285724130054e-08,4.5389628389180814e-07,0.0,7.807137511558183,58.5,0.0,0.03364674561143967,0.03364674561143967,Foshan
bus_BV09219044,3.648876163459404e-05,3.646301869890764e-05,2.574293568639402e-08,4.5389628389180814e-07,0.0,10.183270946747728,3.5,0.0,0.018345868167863003,0.018345868167863003,Foshan
bus_BV10253367,3.648876163459404e-05,3.644033281798027e-05,4.842881661376575e-08,4.5389628389180814e-07,0.0,8.536147563583723,101.5,0.0,-0.07878434334553755,-0.07878434334553755,Foshan
bus_BV10761250,3.648876163459404e-05,3.6405760148030914e-05,8.300148656312315e-08,4.5389628389180814e-07,0.0,7.063312250639287,58.5,0.0,-0.1120310198322751,-0.1120310198322751,Foshan
bus_BV11639637,3.648876163459404e-05,3.6409151358271826e-05,7.961027632221097e-08,4.5389628389180814e-07,0.0,7.0008126739871726,58.5,0.0,-0.13167017634251538,-0.13167017634251538,Foshan
bus_BV10450591,3.648876163459404e-05,3.644915126746752e-05,3.961036712651499e-08,0.00013520662502664038,0.0,6.417401266412024,101.5,0.0,-0.19757747918420254,-0.19757747918420254,Foshan
bus_BV11645844,3.648876163459404e-05,3.648292497408646e-05,5.836660507575612e-09,4.5389628389180814e-07,0.0,8.648024700485477,30.5,0.0,-0.22621141810223772,-0.22621141810223772,Foshan
bus_BV10251700,3.648876163459404e-05,3.647534407953756e-05,1.3417555056477611e-08,4.5389628389180814e-07,0.0,8.353058724060132,3.5,0.0,-0.23040470577300015,-0.23040470577300015,Foshan
bus_BV10713679,3.648876163459404e-05,3.6479975316332695e-05,8.786318261341374e-09,0.00013520662502664038,0.0,6.7570234631044475,7.0,0.0,-0.27565150917794917,-0.27565150917794917,Foshan
bus_BV10253171,3.648876163459404e-05,3.651694160757834e-05,-2.8179972984303725e-08,4.5389628389180814e-07,0.0,9.33711152023336,7.0,0.0,-0.27759715553625414,-0.27759715553625414,Foshan
bus_BV10254181,3.648876163459404e-05,3.644202894395121e-05,4.673269064282994e-08,4.5389628389180814e-07,0.0,6.765399487380807,101.5,0.0,-0.2810744650978892,-0.2810744650978892,Foshan
bus_BV11688779,3.648876163459404e-05,3.64304647718483e-05,5.82968627457352e-08,4.5389628389180814e-07,0.0,6.203300864463058,58.5,0.0,-0.2998796574274928,-0.2998796574274928,Foshan
bus_BV10253646,3.648876163459404e-05,3.6475468618675486e-05,1.32930159185506e-08,4.5389628389180814e-07,0.0,7.621867635315533,58.5,0.0,-0.31177537195622557,-0.31177537195622557,Foshan
bus_BV11688741,3.648876163459404e-05,3.648268692895875e-05,6.074705635286432e-09,4.5389628389180814e-07,0.0,7.776916579763378,30.5,0.0,-0.32170293243637976,-0.32170293243637976,Foshan
bus_BV10254184,3.648876163459404e-05,3.647392831589473e-05,1.4833318699306378e-08,4.5389628389180814e-07,0.0,7.471488335026708,165.5,0.0,-0.3226350269046704,-0.3226350269046704,Foshan
bus_BV10325974,3.648876163459404e-05,3.645179409407575e-05,3.6967540518289524e-08,4.5389628389180814e-07,0.0,6.593367259391295,58.5,0.0,-0.33674800765918456,-0.33674800765918456,Foshan
bus_BV11201069,3.648876163459404e-05,3.64831584936606e-05,5.603140933434919e-09,0.00013520662502664038,0.0,6.234906000208969,30.5,0.0,-0.34536502281803483,-0.34536502281803483,Foshan
bus_BV10329387,3.648876163459404e-05,3.6478233182352806e-05,1.052845224123035e-08,4.5389628389180814e-07,0.0,7.39362965570302,13.0,0.0,-0.34740164679163676,-0.34740164679163676,Foshan
bus_BV09000897,3.648876163459404e-05,3.646800196460272e-05,2.0759669991317386e-08,4.5389628389180814e-07,0.0,6.957005387547551,101.5,0.0,-0.3573248460326208,-0.3573248460326208,Foshan
bus_BV10255309,3.648876163459404e-05,3.64851351890962e-05,3.6264454978380645e-09,4.5389628389180814e-07,0.0,7.498329485603879,13.0,0.0,-0.3617133658090149,-0.3617133658090149,Foshan
bus_BV10253093,3.648876163459404e-05,3.647272715865316e-05,1.6034475940875038e-08,4.5389628389180814e-07,0.0,6.840396474913994,165.5,0.0,-0.38795609539381565,-0.38795609539381565,Foshan
bus_BV11689447,3.648876163459404e-05,3.6478463007492384e-05,1.0298627101652347e-08,4.5389628389180814e-07,0.0,6.990486322208914,13.0,0.0,-0.3928701626537066,-0.3928701626537066,Foshan
bus_BV10713669,3.648876163459404e-05,3.648876163459404e-05,0.0,4.5389628389180814e-07,0.0,7.072085864615301,30.5,0.0,-0.422481961804345,-0.422481961804345,Foshan
bus_BV10252216,3.648876163459404e-05,3.647497535654148e-05,1.378627805255603e-08,4.5389628389180814e-07,0.0,6.582015713912558,58.5,0.0,-0.424980144239012,-0.424980144239012,Foshan
bus_BV09319768,3.648876163459404e-05,3.648536195150666e-05,3.3996830873736245e-09,4.5389628389180814e-07,0.0,6.811370682682113,7.0,0.0,-0.4385734468046957,-0.4385734468046957,Foshan
bus_BV10252946,3.648876163459404e-05,3.6472740708005164e-05,1.6020926588872794e-08,4.5389628389180814e-07,0.0,6.369122179498042,19.0,0.0,-0.44015156499179214,-0.44015156499179214,Foshan
bus_BV11650105,3.648876163459404e-05,3.647641378095249e-05,1.234785364154754e-08,4.5389628389180814e-07,0.0,6.482031503767614,30.5,0.0,-0.4414399713442879,-0.4414399713442879,Foshan
bus_BV11690546,3.648876163459404e-05,3.648681469998674e-05,1.946934607293966e-09,4.5389628389180814e-07,0.0,6.759270074221247,58.5,0.0,-0.44978888714905474,-0.44978888714905474,Foshan
bus_BV10252284,3.648876163459404e-05,3.648407267485184e-05,4.6889597421978036e-09,4.5389628389180814e-07,0.0,6.6181006619316545,19.0,0.0,-0.4551206403484281,-0.4551206403484281,Foshan
bus_BV10252676,3.648876163459404e-05,3.6480851567122606e-05,7.910067471430323e-09,4.5389628389180814e-07,0.0,6.501240416071665,58.5,0.0,-0.4559651620124927,-0.4559651620124927,Foshan
bus_BV10251783,3.648876163459404e-05,3.647658687434177e-05,1.217476025226885e-08,4.5389628389180814e-07,0.0,6.024845382594711,30.5,0.0,-0.4926752497929469,-0.4926752497929469,Foshan
bus_BV09234559,3.648876163459404e-05,3.648557622855742e-05,3.185406036619804e-09,4.5389628389180814e-07,0.0,6.210636117393479,101.5,0.0,-0.505846312655412,-0.505846312655412,Foshan
bus_BV10785163,3.648876163459404e-05,3.648876163459404e-05,0.0,4.5389628389180814e-07,0.0,6.254590291311291,13.0,0.0,-0.5129346060070529,-0.5129346060070529,Foshan
bus_BV10254016,3.648876163459404e-05,3.6503391782527216e-05,-1.4630147933179609e-08,4.5389628389180814e-07,0.0,5.9930821270027215,165.5,0.0,-0.5967617855894687,-0.5967617855894687,Foshan
bus_BV11121262,1.3623416421186983e-05,1.3442303660009482e-05,1.8111276117750155e-07,0.0016035288498639222,0.0,8.988585279466772,41.5,0.0,2.1061671330691465,2.1061671330691465,Chongqing
bus_BV10048671,1.3623416421186983e-05,1.3574345866835637e-05,4.9070554351346514e-08,0.0009007881611780011,0.0053475935828877,10.143106468014876,62.0,0.0,1.6898600760812643,1.6898600760812643,Chongqing
bus_BV10045608,1.3623416421186983e-05,1.3597532892630788e-05,2.5883528556195295e-08,0.0003151709206065112,0.0053475935828877,8.698998818088258,17.5,0.0,1.0101168795928976,1.0101168795928976,Chongqing
bus_BV10416315,1.3623416421186983e-05,1.3608528186631054e-05,1.4888234555929689e-08,8.092402437787083e-05,0.0,24.92621905216565,1.0,0.04,0.7699922162516889,0.7699922162516889,Chongqing
bus_BV10927678,1.3623416421186983e-05,1.3611447506068911e-05,1.1968915118072213e-08,8.092402437787083e-05,0.0,18.33765520226709,6.5,0.05263157894736842,0.5618795562002027,0.5618795562002027,Chongqing
bus_BV09041865,1.3623416421186983e-05,1.3621390667123206e-05,2.025754063777533e-09,8.092402437787083e-05,0.0,11.16517417600393,88.0,0.08333333333333333,0.42461950118185043,0.42461950118185043,Chongqing
bus_BV10335024,1.3623416421186983e-05,1.3623361313001455e-05,5.51081855285952e-11,0.0003151709206065112,0.0,8.566669820282314,62.0,0.07692307692307693,0.4238878533780065,0.4238878533780065,Chongqing
bus_BV10979404,1.3623416421186983e-05,1.3623247369602197e-05,1.6905158478655005e-10,0.00013948574843503092,0.0,24.98346343519821,3.5,0.0,0.3864554910614393,0.3864554910614393,Chongqing
bus_BV10749245,1.3623416421186983e-05,1.3597827780088082e-05,2.558864109890126e-08,8.092402437787083e-05,0.0,9.481496982767169,30.5,0.06666666666666667,0.38415994950837434,0.38415994950837434,Chongqing
bus_BV09302017,1.3623416421186983e-05,1.361991593455042e-05,3.5004866365633794e-09,0.0005494178168351516,0.0,17.200763731902445,3.5,0.0,0.3827464787046154,0.3827464787046154,Chongqing
bus_BV10045471,1.3623416421186983e-05,1.3618324776353484e-05,5.0916448334989846e-09,2.2362300320710737e-05,0.0,24.323933669184157,3.5,0.0,0.3028365636547465,0.3028365636547465,Chongqing
bus_BV10558085,1.3623416421186983e-05,1.3621586492551768e-05,1.8299286352152733e-09,2.2362300320710737e-05,0.0,24.13921737057099,41.5,0.0,0.2712901111541142,0.2712901111541142,Chongqing
bus_BV10346826,1.3623416421186983e-05,1.3621298503303288e-05,2.1179178836951102e-09,8.092402437787083e-05,0.0,11.43072528647043,24.0,0.0625,0.2675152623519267,0.2675152623519267,Chongqing
bus_BV10049233,1.3623416421186983e-05,1.3612306809491347e-05,1.1109611695635989e-08,2.2362300320710737e-05,0.0,10.671353879903707,17.5,0.058823529411764705,0.22378859664887232,0.22378859664887232,Chongqing
bus_BV10422478,1.3623416421186983e-05,1.3623416421186983e-05,0.0,2.2362300320710737e-05,0.0,10.377614488511211,30.5,0.06666666666666667,0.19489041058106343,0.19489041058106343,Chongqing
bus_BV10046327,1.3623416421186983e-05,1.3617088282142729e-05,6.328139044254881e-09,8.092402437787083e-05,0.0,9.20342582212888,13.0,0.05555555555555555,0.14326159953718817,0.14326159953718817,Chongqing
bus_BV11612293,1.3623416421186983e-05,1.3549728218995686e-05,7.368820219129732e-08,2.2362300320710737e-05,0.0,8.259793431762652,261.5,0.0,0.08854760176032976,0.08854760176032976,Chongqing
bus_BV11377887,1.3623416421186983e-05,1.3615363640529119e-05,8.05278065786444e-09,2.2362300320710737e-05,0.0,18.07618454868856,9.5,0.0,0.0492008445959171,0.0492008445959171,Chongqing
bus_BV09354241,1.3623416421186983e-05,1.3620891276823578e-05,2.525144363405216e-09,0.0002566091965493511,0.0,12.544553730491552,17.5,0.0,-0.05398698404088844,-0.05398698404088844,Chongqing
bus_BV10047759,1.3623416421186983e-05,1.3584799488532191e-05,3.861693265479199e-08,2.2362300320710737e-05,0.0,9.437188123542247,41.5,0.0,-0.11145893467382395,-0.11145893467382395,Chongqing
bus_BV11092618,1.3623416421186983e-05,1.3584206127821338e-05,3.921029336564501e-08,2.2362300320710737e-05,0.0,9.02438015259384,41.5,0.0,-0.12536187938266952,-0.12536187938266952,Chongqing
bus_BV10666662,1.3623416421186983e-05,1.3605577310115805e-05,1.7839111071178042e-08,2.2362300320710737e-05,0.0,12.295581969985477,179.5,0.0,-0.13487597666371812,-0.13487597666371812,Chongqing
bus_BV10848601,1.3623416421186983e-05,1.3617628081442833e-05,5.788339744150801e-09,2.2362300320710737e-05,0.0,13.803024757643778,3.5,0.0,-0.1550738627548799,-0.1550738627548799,Chongqing
bus_BV11694436,1.3623416421186983e-05,1.3608256701370881e-05,1.515971981610224e-08,8.092402437787083e-05,0.0,10.669541954346782,13.0,0.0,-0.18068648535320286,-0.18068648535320286,Chongqing
bus_BV11631284,1.3623416421186983e-05,1.362081167278448e-05,2.6047484025029113e-09,2.2362300320710737e-05,0.0,12.863900321033459,13.0,0.0,-0.21925281418171394,-0.21925281418171394,Chongqing
bus_BV10665030,1.3623416421186983e-05,1.3595711753749545e-05,2.7704667437438154e-08,2.2362300320710737e-05,0.0,8.608743906090867,124.0,0.0,-0.2262597728689829,-0.2262597728689829,Chongqing
bus_BV11694439,1.3623416421186983e-05,1.3618028177398066e-05,5.388243788916961e-09,0.000198047472492191,0.0,9.084063138022332,62.0,0.0,-0.23066126718859303,-0.23066126718859303,Chongqing
bus_BV10638719,1.3623416421186983e-05,1.3620130989305992e-05,3.2854318809911543e-09,0.00013948574843503092,0.0,10.354103816308651,62.0,0.0,-0.23485061479532443,-0.23485061479532443,Chongqing
bus_BV10046060,1.3623416421186983e-05,1.3623416421186983e-05,0.0,8.092402437787083e-05,0.0,10.867745405363223,88.0,0.0,-0.2808121870178418,-0.2808121870178418,Chongqing
bus_BV10927537,1.3623416421186983e-05,1.360906571327519e-05,1.4350707911793106e-08,8.092402437787083e-05,0.0,8.446185338039628,24.0,0.0,-0.2843213228619012,-0.2843213228619012,Chongqing
bus_BV11196235,1.3623416421186983e-05,1.36169108186471e-05,6.505602539883188e-09,2.2362300320710737e-05,0.0,10.277604690721853,261.5,0.0,-0.3050399626461684,-0.3050399626461684,Chongqing
bus_BV10732688,1.3623416421186983e-05,1.3623416421186983e-05,0.0,2.2362300320710737e-05,0.0,11.28423300665741,9.5,0.0,-0.30745912535233155,-0.30745912535233155,Chongqing
bus_BV11586298,1.3623416421186983e-05,1.3614495072576313e-05,8.921348610670067e-09,8.092402437787083e-05,0.0,8.556764586547432,41.5,0.0,-0.31843861494795767,-0.31843861494795767,Chongqing
bus_BV10421151,1.3623416421186983e-05,1.3622919627298537e-05,4.967938884468742e-10,2.2362300320710737e-05,0.0,10.814101794029213,41.5,0.0,-0.324577600922571,-0.324577600922571,Chongqing
bus_BV09160269,1.3623416421186983e-05,1.361488533056192e-05,8.531090625062796e-09,2.2362300320710737e-05,0.0,9.247578087026929,24.0,0.0,-0.3358174496122132,-0.3358174496122132,Chongqing
bus_BV09334667,1.3623416421186983e-05,1.3613684981175235e-05,9.73144001174814e-09,2.2362300320710737e-05,0.0,8.835558776138438,1022.0,0.0,-0.3453275260430028,-0.3453275260430028,Chongqing
bus_BV09033770,1.3623416421186983e-05,1.3622876617718434e-05,5.39803468549725e-10,8.092402437787083e-05,0.0,9.015688379394383,394.5,0.0,-0.3584256303540785,-0.3584256303540785,Chongqing
bus_BV11557326,1.3623416421186983e-05,1.3622023202872952e-05,1.3932183140318152e-09,2.2362300320710737e-05,0.0,9.87502024297437,17.5,0.0,-0.3594602255346384,-0.3594602255346384,Chongqing
bus_BV10666147,1.3623416421186983e-05,1.3613917359363902e-05,9.499061823080928e-09,2.2362300320710737e-05,0.0,8.50016359626267,30.5,0.0,-0.3617531521803326,-0.3617531521803326,Chongqing
bus_BV10047048,1.3623416421186983e-05,1.3616100835955925e-05,7.315585231058744e-09,2.2362300320710737e-05,0.0,8.805820969975652,88.0,0.0,-0.3639817627617202,-0.3639817627617202,Chongqing
bus_BV10048423,1.3623416421186983e-05,1.362103105367882e-05,2.385367508164009e-09,8.092402437787083e-05,0.0,8.380017601664251,124.0,0.0,-0.3731435863458308,-0.3731435863458308,Chongqing
bus_BV11117869,1.3623416421186983e-05,1.3617798877177987e-05,5.617544008996024e-09,2.2362300320710737e-05,0.0,8.828692562460787,179.5,0.0,-0.37516733403716473,-0.37516733403716473,Chongqing
bus_BV11694374,1.3623416421186983e-05,1.362001249592805e-05,3.4039252589341482e-09,2.2362300320710737e-05,0.0,8.919115115430866,124.0,0.0,-0.3870825473629398,-0.3870825473629398,Chongqing
bus_BV10327189,1.3623416421186983e-05,1.362330212821625e-05,1.1429297073276272e-10,2.2362300320710737e-05,0.0,9.201851967135756,41.5,0.0,-0.39826182300808544,-0.39826182300808544,Chongqing
bus_BV09063250,1.3623416421186983e-05,1.3620255193810096e-05,3.161227376887615e-09,2.2362300320710737e-05,0.0,8.539475357874258,124.0,0.0,-0.40552899939499065,-0.40552899939499065,Chongqing
bus_BV09134199,1.3623416421186983e-05,1.3620750926230631e-05,2.66549495635226e-09,2.2362300320710737e-05,0.0,8.580144889829066,17.5,0.0,-0.4072989181114895,-0.4072989181114895,Chongqing
bus_BV10346521,1.3623416421186983e-05,1.3622415080621573e-05,1.0013405654104397e-09,2.2362300320710737e-05,0.0,8.41623752592897,88.0,0.0,-0.42645932687616,-0.42645932687616,Chongqing
bus_BV10045254,1.3623416421186983e-05,1.3621614010887796e-05,1.8024102991879025e-09,2.2362300320710737e-05,0.0,8.255707384742754,24.0,0.0,-0.4277708752786164,-0.4277708752786164,Chongqing
bus_BV11446949,1.3623416421186983e-05,1.3622298040715347e-05,1.1183804716364675e-09,2.2362300320710737e-05,0.0,8.293575009031011,88.0,0.0,-0.4310160479841645,-0.4310160479841645,Chongqing
bus_BV10775747,1.3623416421186983e-05,1.362339766343381e-05,1.8757753173398754e-11,2.2362300320710737e-05,0.0,8.45966409867316,6.5,0.0,-0.43160351477564846,-0.43160351477564846,Chongqing
bus_BV10425068,2.7069675761492822e-05,2.6851676269368326e-05,2.1799949212449661e-07,0.0023014813324260253,0.013856812933025405,7.721609430128572,23.5,0.0,2.5102039412381845,2.5102039412381845,Jinan
bus_BV11434562,2.7069675761492822e-05,2.6971373857975478e-05,9.830190351734421e-08,0.001577543108487789,0.009237875288683603,7.517131530187249,232.5,0.0,1.3818801138607573,1.3818801138607573,Jinan
bus_BV10153282,2.7069675761492822e-05,2.6912098587110168e-05,1.575771743826543e-07,9.010289954924922e-06,0.0,8.485109235114866,34.0,0.07692307692307693,1.0783589582946889,1.0783589582946889,Jinan
bus_BV10152750,2.7069675761492822e-05,2.7058359565429352e-05,1.1316196063469969e-08,9.010289954924922e-06,0.0,12.528971915124067,9.0,0.0625,0.7812007520265912,0.7812007520265912,Jinan
bus_BV11434560,2.7069675761492822e-05,2.6767806171924952e-05,3.018695895678705e-07,9.010289954924922e-06,0.0,9.184523848189146,232.5,0.0,0.7653637158592804,0.7653637158592804,Jinan
bus_BV11175200,2.7069675761492822e-05,2.7069675761492822e-05,0.0,0.0007329485138931613,0.0,16.344011473458682,147.0,0.0,0.6903605404130084,0.6903605404130084,Jinan
bus_BV11321066,2.7069675761492822e-05,2.7013094408944255e-05,5.6581352548567047e-08,9.010289954924922e-06,0.0,6.476621811074273,47.5,0.08333333333333333,0.6272613252950577,0.6272613252950577,Jinan
bus_BV10462898,2.7069675761492822e-05,2.6915691138202064e-05,1.5398462329075798e-07,9.010289954924922e-06,0.0,12.624559364689704,15.0,0.0,0.5709729906974153,0.5709729906974153,Jinan
bus_BV10595775,2.7069675761492822e-05,2.7024097156490048e-05,4.557860500277428e-08,0.0013362303671750064,0.0023094688221709007,6.540163370996646,232.5,0.0,0.42145563975937494,0.42145563975937494,Jinan
bus_BV10152939,2.7069675761492822e-05,2.7038390585797186e-05,3.128517569563611e-08,9.010289954924922e-06,0.0,14.069760848952468,2.0,0.0,0.2834243264243338,0.2834243264243338,Jinan
bus_BV11144046,2.7069675761492822e-05,2.704537417525343e-05,2.430158623939222e-08,0.0014568867378313977,0.0,7.275850632166924,147.0,0.0,0.2698040292725883,0.2698040292725883,Jinan
bus_BV10153140,2.7069675761492822e-05,2.7067221104229198e-05,2.4546572636243184e-09,0.0004916357725804898,0.0,12.398796208787482,34.0,0.0,0.2420021363340891,0.2420021363340891,Jinan
bus_BV11389126,2.7069675761492822e-05,2.7073642873958078e-05,-3.9671124652553e-09,0.00012966666061131615,0.0,13.517225635770242,1.0,0.0,0.16566496732043387,0.16566496732043387,Jinan
bus_BV10154144,2.7069675761492822e-05,2.703057740365154e-05,3.909835784128164e-08,0.0003709794019240986,0.0023094688221709007,8.43025094299531,15.0,0.0,0.15617766889243065,0.15617766889243065,Jinan
bus_BV10152608,2.7069675761492822e-05,2.7072611695374394e-05,-2.93593388157179e-09,0.00012966666061131615,0.0,12.659447385452426,4.5,0.0,0.09230143906143548,0.09230143906143548,Jinan
bus_BV10153281,2.7069675761492822e-05,2.7005669889194622e-05,6.400587229820034e-08,0.0003709794019240986,0.0023094688221709007,6.518133138270713,100.5,0.0,0.06948727927870937,0.06948727927870937,Jinan
bus_BV10572587,2.7069675761492822e-05,2.705114621367422e-05,1.8529547818601908e-08,9.010289954924922e-06,0.0,11.796309806629973,4.5,0.0,0.036335703084307246,0.036335703084307246,Jinan
bus_BV10154077,2.7069675761492822e-05,2.6996865025537826e-05,7.281073595499581e-08,9.010289954924922e-06,0.0,9.576407736308425,9.0,0.0,0.0219054773014866,0.0219054773014866,Jinan
bus_BV10152805,2.7069675761492822e-05,2.7068988351091072e-05,6.874104017499667e-10,0.0003709794019240986,0.0,10.543755248029559,3.0,0.0,0.018179866270084395,0.018179866270084395,Jinan
bus_BV10153336,2.7069675761492822e-05,2.6993846352991736e-05,7.58294085010862e-08,9.010289954924922e-06,0.0,8.73686855914329,23.5,0.0,-0.0430680455422126,-0.0430680455422126,Jinan
bus_BV10153094,2.7069675761492822e-05,2.706491107465094e-05,4.764686841881666e-09,9.010289954924922e-06,0.0,10.476734858177823,6.0,0.0,-0.12870313279969733,-0.12870313279969733,Jinan
bus_BV10153143,2.7069675761492822e-05,2.7047163170942328e-05,2.2512590550494686e-08,9.010289954924922e-06,0.0,9.678818417590188,9.0,0.0,-0.13988169885992033,-0.13988169885992033,Jinan
bus_BV10152839,2.7069675761492822e-05,2.701478075090629e-05,5.489501058653093e-08,9.010289954924922e-06,0.0,8.087984273372111,34.0,0.0,-0.1723733521736704,-0.1723733521736704,Jinan
bus_BV10153139,2.7069675761492822e-05,2.705940873741098e-05,1.0267024081843238e-08,9.010289954924922e-06,0.0,9.232353667772346,69.0,0.0,-0.22151393969675906,-0.22151393969675906,Jinan
bus_BV10152764,2.7069675761492822e-05,2.7054418099735225e-05,1.5257661757597416e-08,9.010289954924922e-06,0.0,8.609115459731763,23.5,0.0,-0.2604012163825225,-0.2604012163825225,Jinan
bus_BV10154154,2.7069675761492822e-05,2.7064337352407203e-05,5.338409085619433e-09,9.010289954924922e-06,0.0,8.950721241148505,69.0,0.0,-0.2635044888781504,-0.2635044888781504,Jinan
bus_BV10153350,2.7069675761492822e-05,2.7056717732950655e-05,1.2958028542167497e-08,0.00012966666061131615,0.0,8.062454830346443,69.0,0.0,-0.2656272982243903,-0.2656272982243903,Jinan
bus_BV10153024,2.7069675761492822e-05,2.708361436795173e-05,-1.3938606458907684e-08,9.010289954924922e-06,0.0,9.364871627884456,9.0,0.0,-0.2919140360621154,-0.2919140360621154,Jinan
bus_BV10153603,2.7069675761492822e-05,2.706965917110445e-05,1.659038837163512e-11,9.010289954924922e-06,0.0,8.761660458202318,34.0,0.0,-0.29853587571112594,-0.29853587571112594,Jinan
bus_BV10480381,2.7069675761492822e-05,2.705383099357633e-05,1.5844767916493245e-08,0.00012966666061131615,0.0,7.46956697921875,69.0,0.0,-0.3089459715166369,-0.3089459715166369,Jinan
bus_BV11356543,2.7069675761492822e-05,2.706786357237738e-05,1.81218911544359e-09,0.0002503230312677074,0.0,7.381935925226871,69.0,0.0,-0.3129173504837931,-0.3129173504837931,Jinan
bus_BV11188193,2.7069675761492822e-05,2.7064353964413346e-05,5.321797079476206e-09,9.010289954924922e-06,0.0,8.186044046820587,15.0,0.0,-0.3320863682394366,-0.3320863682394366,Jinan
bus_BV10152825,2.7069675761492822e-05,2.706635592840329e-05,3.3198330895338e-09,0.00012966666061131615,0.0,7.600395949769518,9.0,0.0,-0.3397944697090365,-0.3397944697090365,Jinan
bus_BV10453310,2.7069675761492822e-05,2.705853058800986e-05,1.1145173482962997e-08,9.010289954924922e-06,0.0,7.696037338364297,147.0,0.0,-0.35620380315521966,-0.35620380315521966,Jinan
bus_BV10153463,2.7069675761492822e-05,2.7064893729456e-05,4.782032036823467e-09,9.010289954924922e-06,0.0,7.908528191126024,15.0,0.0,-0.35879021466761696,-0.35879021466761696,Jinan
bus_BV10723954,2.7069675761492822e-05,2.7068420129899416e-05,1.2556315934066987e-09,9.010289954924922e-06,0.0,8.025250798445024,15.0,0.0,-0.360316607546664,-0.360316607546664,Jinan
bus_BV11143741,2.7069675761492822e-05,2.706196499880949e-05,7.710762683333473e-09,9.010289954924922e-06,0.0,7.69851242840165,376.0,0.0,-0.3676556432439626,-0.3676556432439626,Jinan
bus_BV10153018,2.7069675761492822e-05,2.7054257400742077e-05,1.54183607507452e-08,9.010289954924922e-06,0.0,7.380030276730001,47.5,0.0,-0.3699976459745399,-0.3699976459745399,Jinan
bus_BV10777599,2.7069675761492822e-05,2.706858363487487e-05,1.0921266179515115e-09,9.010289954924922e-06,0.0,7.918506660405746,34.0,0.0,-0.3704380826442043,-0.3704380826442043,Jinan
bus_BV10152983,2.7069675761492822e-05,2.70586337795769e-05,1.10419819159231e-08,9.010289954924922e-06,0.0,7.5043206343054285,15.0,0.0,-0.37373496229822795,-0.37373496229822795,Jinan
bus_BV10153454,2.7069675761492822e-05,2.7045123344146e-05,2.455241734682296e-08,9.010289954924922e-06,0.0,6.932420235722593,34.0,0.0,-0.37906268787162534,-0.37906268787162534,Jinan
bus_BV10152872,2.7069675761492822e-05,2.7060631321553776e-05,9.044439939046337e-09,9.010289954924922e-06,0.0,7.503735134908587,23.5,0.0,-0.38057712226834095,-0.38057712226834095,Jinan
bus_BV10153488,2.7069675761492822e-05,2.7053073187356488e-05,1.6602574136334396e-08,9.010289954924922e-06,0.0,6.978192009852993,23.5,0.0,-0.4019826187491257,-0.4019826187491257,Jinan
bus_BV10153043,2.7069675761492822e-05,2.7066001322051194e-05,3.6744394416283555e-09,9.010289954924922e-06,0.0,7.32977620351557,23.5,0.0,-0.41441895008205826,-0.41441895008205826,Jinan
bus_BV10154087,2.7069675761492822e-05,2.7060681314347982e-05,8.994447144840213e-09,9.010289954924922e-06,0.0,7.096348295937061,100.5,0.0,-0.41725441742377783,-0.41725441742377783,Jinan
bus_BV10153203,2.7069675761492822e-05,2.706412942380511e-05,5.54633768771372e-09,9.010289954924922e-06,0.0,7.183743805394522,69.0,0.0,-0.42114280189252884,-0.42114280189252884,Jinan
bus_BV09040107,2.7069675761492822e-05,2.7069583443746205e-05,9.23177466173868e-11,9.010289954924922e-06,0.0,7.286667964746216,15.0,0.0,-0.43045774544634885,-0.43045774544634885,Jinan
bus_BV10153134,2.7069675761492822e-05,2.706428139142925e-05,5.394370063573734e-09,9.010289954924922e-06,0.0,6.890498274534609,147.0,0.0,-0.44793810749411334,-0.44793810749411334,Jinan
bus_BV10152741,2.7069675761492822e-05,2.7061542696223698e-05,8.133065269124346e-09,9.010289954924922e-06,0.0,6.4956803075662375,100.5,0.0,-0.4740102468814653,-0.4740102468814653,Jinan
bus_BV10152779,2.7069675761492822e-05,2.7062580995758058e-05,7.09476573476452e-09,9.010289954924922e-06,0.0,6.478355714187899,34.0,0.0,-0.4790919687649776,-0.4790919687649776,Jinan
bus_BV10868803,1.9327230830159484e-05,1.8846800423480692e-05,4.804304066787919e-07,0.01053973485088977,0.03015075376884422,6.383856700707599,33.5,0.0,3.811968678507411,3.811968678507411,Wenzhou
bus_BV11458559,1.9327230830159484e-05,1.9115339026466937e-05,2.1189180369254732e-07,0.005604983233387872,0.017587939698492462,6.529226163496714,193.0,0.0,1.8222554035297234,1.8222554035297234,Wenzhou
bus_BV10203407,1.9327230830159484e-05,1.8873216174751203e-05,4.5401465540828145e-07,1.2264733552314055e-05,0.0,9.390449084656543,193.0,0.0,1.1556175435157952,1.1556175435157952,Wenzhou
bus_BV11038075,1.9327230830159484e-05,1.9325026218337907e-05,2.2046118215766995e-09,1.2264733552314055e-05,0.0,13.402979130906276,33.5,0.0,0.7770866911440792,0.7770866911440792,Wenzhou
bus_BV10203725,1.9327230830159484e-05,1.905013215383998e-05,2.770986763195035e-07,0.0008895539099971206,0.007537688442211055,6.5174649911781835,33.5,0.0,0.755205966566841,0.755205966566841,Wenzhou
bus_BV10204428,1.9327230830159484e-05,1.9044513550947965e-05,2.827172792115189e-07,0.00034124817471914426,0.005025125628140704,7.422452352713175,61.5,0.0,0.7146953530800509,0.7146953530800509,Wenzhou
bus_BV10204150,1.9327230830159484e-05,1.9236456873748276e-05,9.077395641120825e-08,1.2264733552314055e-05,0.0,10.046089715137764,61.5,0.0,0.4088542397302877,0.4088542397302877,Wenzhou
bus_BV11477650,1.9327230830159484e-05,1.9308158591957616e-05,1.907223820186811e-08,1.2264733552314055e-05,0.0,10.550252162361817,21.5,0.0,0.3259532056976195,0.3259532056976195,Wenzhou
bus_BV11038077,1.9327230830159484e-05,1.929153438826264e-05,3.569644189684403e-08,0.00034124817471914426,0.002512562814070352,8.973452933569092,61.5,0.0,0.2703306018757295,0.2703306018757295,Wenzhou
bus_BV09010803,1.9327230830159484e-05,1.9323838748218623e-05,3.3920819408615505e-09,1.2264733552314055e-05,0.0,9.52656455321176,7.5,0.0,0.112634149594311,0.112634149594311,Wenzhou
bus_BV11352425,1.9327230830159484e-05,1.9319417256117423e-05,7.813574042060754e-09,0.00034124817471914426,0.0,9.161441658843447,33.5,0.0,0.10994255751497546,0.10994255751497546,Wenzhou
bus_BV09051313,1.9327230830159484e-05,1.9275198348353056e-05,5.203248180642796e-08,1.2264733552314055e-05,0.0,8.70674987024613,14.0,0.0,0.08662531671599465,0.08662531671599465,Wenzhou
bus_BV11028888,1.9327230830159484e-05,1.9302565800279966e-05,2.4665029879518397e-08,0.0008895539099971206,0.0,8.197658495003289,21.5,0.0,0.06674701610943147,0.06674701610943147,Wenzhou
bus_BV11208873,1.9327230830159484e-05,1.9327230830159484e-05,0.0,1.2264733552314055e-05,0.0,9.108805879836495,7.5,0.0,0.032696203850354606,0.032696203850354606,Wenzhou
bus_BV10204327,1.9327230830159484e-05,1.9325119075507662e-05,2.1117546518219427e-09,0.00012192588060788712,0.0,8.838567589322889,1.0,0.0,0.00774149920006639,0.00774149920006639,Wenzhou
bus_BV10381674,1.9327230830159484e-05,1.9245107011198594e-05,8.212381896088966e-08,0.0012185373511638398,0.002512562814070352,5.950283104600281,61.5,0.0,-0.007668120424258575,-0.007668120424258575,Wenzhou
bus_BV11088412,1.9327230830159484e-05,1.931678887640821e-05,1.0441953751273302e-08,0.00012192588060788712,0.0,8.37813278998163,345.5,0.0,-0.05180128582794213,-0.05180128582794213,Wenzhou
bus_BV10204330,1.9327230830159484e-05,1.9296488472366996e-05,3.0742357792488045e-08,1.2264733552314055e-05,0.0,8.064878601572685,21.5,0.0,-0.07424634472914496,-0.07424634472914496,Wenzhou
bus_BV11095678,1.9327230830159484e-05,1.9298655143612995e-05,2.8575686546488852e-08,1.2264733552314055e-05,0.0,7.77067917048203,61.5,0.0,-0.13001556874340991,-0.13001556874340991,Wenzhou
bus_BV11385819,1.9327230830159484e-05,1.9325896244080983e-05,1.3345860785006697e-09,1.2264733552314055e-05,0.0,8.129875223229377,21.5,0.0,-0.13265269852102293,-0.13265269852102293,Wenzhou
bus_BV09009357,1.9327230830159484e-05,1.932713400641592e-05,9.68237435655672e-11,1.2264733552314055e-05,0.0,8.01419901100401,2.0,0.0,-0.1554937133619045,-0.1554937133619045,Wenzhou
bus_BV09074651,1.9327230830159484e-05,1.9327230830159484e-05,0.0,-9.7396413503259e-05,0.0,7.942398692769507,345.5,0.0,-0.18464707921865492,-0.18464707921865492,Wenzhou
bus_BV09009525,1.9327230830159484e-05,1.932281173080839e-05,4.419099351094571e-09,1.2264733552314055e-05,0.0,7.671604116019621,3.5,0.0,-0.20423713071820826,-0.20423713071820826,Wenzhou
bus_BV11420628,1.9327230830159484e-05,1.9326795459204478e-05,4.353709550061519e-10,1.2264733552314055e-05,0.0,7.643970993282668,3.5,0.0,-0.21842135793234865,-0.21842135793234865,Wenzhou
bus_BV11122815,1.9327230830159484e-05,1.9219056934602385e-05,1.0817389555709944e-07,1.2264733552314055e-05,0.0,6.087459276093541,345.5,0.0,-0.23138309267494192,-0.23138309267494192,Wenzhou
bus_BV10203236,1.9327230830159484e-05,1.9314202071149867e-05,1.3028759009616739e-08,1.2264733552314055e-05,0.0,7.187932586990113,21.5,0.0,-0.26711839404742094,-0.26711839404742094,Wenzhou
bus_BV10203587,1.9327230830159484e-05,1.9322425191411382e-05,4.8056387481018885e-09,0.00012192588060788712,0.0,7.188312090917222,33.5,0.0,-0.26994840595645864,-0.26994840595645864,Wenzhou
bus_BV11452971,1.9327230830159484e-05,1.932245673257316e-05,4.774097586322871e-09,1.2264733552314055e-05,0.0,7.251395385208085,14.0,0.0,-0.27572922323034516,-0.27572922323034516,Wenzhou
bus_BV09009524,1.9327230830159484e-05,1.9316227656979683e-05,1.1003173179801326e-08,1.2264733552314055e-05,0.0,7.101885528294643,61.5,0.0,-0.28672363513522425,-0.28672363513522425,Wenzhou
bus_BV11100905,1.9327230830159484e-05,1.9325183472441005e-05,2.047357718479488e-09,1.2264733552314055e-05,0.0,7.186843382086021,7.5,0.0,-0.29329373915835893,-0.29329373915835893,Wenzhou
bus_BV09262523,1.9327230830159484e-05,1.932695938681519e-05,2.714433442931464e-10,0.00023158702766346018,0.0,7.01434408908333,14.0,0.0,-0.29405958575357405,-0.29405958575357405,Wenzhou
bus_BV10586093,1.9327230830159484e-05,1.9316758988715016e-05,1.0471841444467802e-08,1.2264733552314055e-05,0.0,7.033608842714333,61.5,0.0,-0.2997337882679457,-0.2997337882679457,Wenzhou
bus_BV10975564,1.9327230830159484e-05,1.9238410622100888e-05,8.88202080585964e-08,1.2264733552314055e-05,0.0,5.944004118316725,193.0,0.0,-0.301877755300182,-0.301877755300182,Wenzhou
bus_BV11115712,1.9327230830159484e-05,1.931347711519679e-05,1.3753714962693814e-08,1.2264733552314055e-05,0.0,6.975479672383225,345.5,0.0,-0.30197313042619467,-0.30197313042619467,Wenzhou
bus_BV09325854,1.9327230830159484e-05,1.929187903365026e-05,3.535179650922325e-08,1.2264733552314055e-05,0.0,6.561954433386015,33.5,0.0,-0.32204229483955926,-0.32204229483955926,Wenzhou
bus_BV10736070,1.9327230830159484e-05,1.9303152261277437e-05,2.407856888204726e-08,1.2264733552314055e-05,0.0,6.7146473900290635,111.5,0.0,-0.32243711889341126,-0.32243711889341126,Wenzhou
bus_BV11098017,1.9327230830159484e-05,1.9327230830159484e-05,0.0,1.2264733552314055e-05,0.0,7.018908004884916,7.5,0.0,-0.32704626760501193,-0.32704626760501193,Wenzhou
bus_BV10204815,1.9327230830159484e-05,1.9248701914303545e-05,7.85289158559388e-08,1.2264733552314055e-05,0.0,5.911145242881648,61.5,0.0,-0.3318885743410512,-0.3318885743410512,Wenzhou
bus_BV11022759,1.9327230830159484e-05,1.9262913225044654e-05,6.431760511483033e-08,1.2264733552314055e-05,0.0,6.053290244691055,193.0,0.0,-0.3410521326246608,-0.3410521326246608,Wenzhou
bus_BV10202894,1.9327230830159484e-05,1.932707445633039e-05,1.5637382909410762e-10,0.00012192588060788712,0.0,6.738018779574248,21.5,0.0,-0.35846183477614485,-0.35846183477614485,Wenzhou
bus_BV11109038,1.9327230830159484e-05,1.9327093293585906e-05,1.3753657357768617e-10,1.2264733552314055e-05,0.0,6.72381664935853,14.0,0.0,-0.3775160367442888,-0.3775160367442888,Wenzhou
bus_BV09313451,1.9327230830159484e-05,1.931279265229927e-05,1.4438177860213753e-08,1.2264733552314055e-05,0.0,6.2934565863942735,345.5,0.0,-0.4177526847639385,-0.4177526847639385,Wenzhou
bus_BV10204305,1.9327230830159484e-05,1.932070502885012e-05,6.525801309362433e-09,1.2264733552314055e-05,0.0,6.290392793206667,33.5,0.0,-0.4370049732582099,-0.4370049732582099,Wenzhou
bus_BV10203398,1.9327230830159484e-05,1.9326992440121228e-05,2.383900382563924e-10,1.2264733552314055e-05,0.0,6.273575577061085,7.5,0.0,-0.4547791583483904,-0.4547791583483904,Wenzhou
bus_BV09184815,1.9327230830159484e-05,1.9327230830159484e-05,0.0,1.2264733552314055e-05,0.0,6.269977180709601,14.0,0.0,-0.45596272274240696,-0.45596272274240696,Wenzhou
bus_BV11102510,1.9327230830159484e-05,1.9326678232472193e-05,5.5259768729136e-10,1.2264733552314055e-05,0.0,6.256792673995452,111.5,0.0,-0.4569244835282192,-0.4569244835282192,Wenzhou
bus_BV11107172,1.9327230830159484e-05,1.9321851145171626e-05,5.379684987857658e-09,1.2264733552314055e-05,0.0,6.164653175673257,14.0,0.0,-0.4613613588866885,-0.4613613588866885,Wenzhou
bus_BV11099297,1.9327230830159484e-05,1.932674439893026e-05,4.864312292230473e-10,1.2264733552314055e-05,0.0,6.209818805791984,14.0,0.0,-0.46516686829832504,-0.46516686829832504,Wenzhou
bus_BV11331825,1.9327230830159484e-05,1.932628144072818e-05,9.493894313047024e-10,0.00012192588060788712,0.0,6.057221507912228,111.5,0.0,-0.4737734911652081,-0.4737734911652081,Wenzhou
bus_BV11157381,1.9327230830159484e-05,1.931742347831202e-05,9.80735184746449e-09,1.2264733552314055e-05,0.0,6.029425731828785,111.5,0.0,-0.4741603763896156,-0.4741603763896156,Wenzhou
bus_BV11438562,3.0229613507226997e-05,3.007934779382273e-05,1.5026571340426563e-07,0.005277289409261088,0.01037344398340249,7.458225217263351,57.5,0.0,1.67754082411976,1.67754082411976,Wuhan
bus_BV10994114,3.0229613507226997e-05,2.9579055439287468e-05,6.505580679395287e-07,2.317467622470204e-06,0.0,8.5621010219487,923.5,0.2,1.4864310519869384,1.4864310519869384,Wuhan
bus_BV10057986,3.0229613507226997e-05,2.9843456481301145e-05,3.8615702592585113e-07,2.317467622470204e-06,0.0,15.29636496644411,13.0,0.07142857142857142,1.0548552291508897,1.0548552291508897,Wuhan
bus_BV11291561,3.0229613507226997e-05,3.00812760039641e-05,1.4833750326289543e-07,0.0009001850321567195,0.004149377593360996,16.26826728939276,4.0,0.0,1.015621114507882,1.015621114507882,Wuhan
bus_BV10549854,3.0229613507226997e-05,3.0107825128049313e-05,1.217883791776835e-07,0.0003390178043228831,0.004149377593360996,17.182417827604166,1.0,0.0,0.9512698225790372,0.9512698225790372,Wuhan
bus_BV10940754,3.0229613507226997e-05,3.0150211936841728e-05,7.940157038526871e-08,0.006399623864928872,0.002074688796680498,6.859378714133642,137.0,0.0,0.863130250167194,0.863130250167194,Wuhan
bus_BV10060070,3.0229613507226997e-05,2.9882413875505725e-05,3.471996317212713e-07,0.001461352259990667,0.004149377593360996,6.665710178886774,209.5,0.0,0.6840663838207375,0.6840663838207375,Wuhan
bus_BV10058480,3.0229613507226997e-05,2.9997858954541904e-05,2.3175455268509247e-07,2.317467622470204e-06,0.0,8.7293910447804,328.0,0.14285714285714285,0.5806707916617756,0.5806707916617756,Wuhan
bus_BV11692835,3.0229613507226997e-05,3.0132119340405653e-05,9.749416682134385e-08,0.0017980525966909688,0.006224066390041493,6.716509996447578,7.5,0.0,0.5434452841820103,0.5434452841820103,Wuhan
bus_BV11339064,3.0229613507226997e-05,3.01529701556993e-05,7.664335152769524e-08,0.0024714532700916836,0.004149377593360996,6.660226457051064,57.5,0.0,0.40655376388322556,0.40655376388322556,Wuhan
bus_BV10058419,3.0229613507226997e-05,3.0229613507226997e-05,0.0,0.0007879515865899522,0.0,8.439712237865603,38.0,0.16666666666666666,0.4047009901235993,0.4047009901235993,Wuhan
bus_BV10974228,3.0229613507226997e-05,3.0223208796672414e-05,6.404710554582107e-09,2.317467622470204e-06,0.0,15.019432024893208,2.0,0.045454545454545456,0.3054467306372389,0.3054467306372389,Wuhan
bus_BV10058710,3.0229613507226997e-05,2.9982017999449274e-05,2.4759550777772265e-07,2.317467622470204e-06,0.0,10.909075139670502,23.0,0.0,0.19432835684332334,0.19432835684332334,Wuhan
bus_BV11199994,3.0229613507226997e-05,3.0081752782772856e-05,1.4786072445414024e-07,0.00011455091318923749,0.002074688796680498,9.456608438228438,57.5,0.0,0.14509631418566227,0.14509631418566227,Wuhan
bus_BV10404737,3.0229613507226997e-05,3.0121699013784276e-05,1.0791449344272063e-07,2.317467622470204e-06,0.0,7.1852956831213435,38.0,0.08333333333333333,0.014686002200615306,0.014686002200615306,Wuhan
bus_BV10058485,3.0229613507226997e-05,3.0133422334550417e-05,9.619117267658004e-08,2.317467622470204e-06,0.0,6.986640182918669,57.5,0.09090909090909091,0.010867808615794589,0.010867808615794589,Wuhan
bus_BV11432331,3.0229613507226997e-05,3.0220409474358194e-05,9.204032868802612e-09,2.317467622470204e-06,0.0,7.564436803722408,137.0,0.1111111111111111,-0.00413293933872616,-0.00413293933872616,Wuhan
bus_BV10447717,3.0229613507226997e-05,3.01634944089846e-05,6.611909824239597e-08,0.0003390178043228831,0.002074688796680498,7.849250330669029,38.0,0.0,-0.0773288485113653,-0.0773288485113653,Wuhan
bus_BV10059127,3.0229613507226997e-05,3.002293042072455e-05,2.066830865024463e-07,2.317467622470204e-06,0.0,8.07512830486387,137.0,0.0,-0.09385045070756849,-0.09385045070756849,Wuhan
bus_BV10651330,3.0229613507226997e-05,3.0221373164896313e-05,8.240342330683565e-09,2.317467622470204e-06,0.0,8.210624188356478,23.0,0.07692307692307693,-0.09465659411031282,-0.09465659411031282,Wuhan
bus_BV11214953,3.0229613507226997e-05,3.0222474265311146e-05,7.139241915850823e-09,0.0003390178043228831,0.0,6.656656026343373,57.5,0.09090909090909091,-0.10539141222167624,-0.10539141222167624,Wuhan
bus_BV10057995,3.0229613507226997e-05,3.0229613507226997e-05,0.0,2.317467622470204e-06,0.0,12.146126775037237,3.0,0.0,-0.11460119604243024,-0.11460119604243024,Wuhan
bus_BV10817015,3.0229613507226997e-05,3.022382946869343e-05,5.7840385335671495e-09,2.317467622470204e-06,0.0,11.933104324537728,13.0,0.0,-0.12175448091347087,-0.12175448091347087,Wuhan
bus_BV10058378,3.0229613507226997e-05,3.006820043790121e-05,1.6141306932578807e-07,2.317467622470204e-06,0.0,8.534456855165605,137.0,0.0,-0.13213844287694604,-0.13213844287694604,Wuhan
bus_BV10931518,3.0229613507226997e-05,3.0111589496255792e-05,1.1802401097120462e-07,0.001124651923290254,0.0,7.07919233924125,87.0,0.0,-0.1323349512734643,-0.1323349512734643,Wuhan
bus_BV10059010,3.0229613507226997e-05,3.0077574210870215e-05,1.5203929635678194e-07,2.317467622470204e-06,0.0,8.205606786310474,38.0,0.0,-0.1731549095843229,-0.1731549095843229,Wuhan
bus_BV10058773,3.0229613507226997e-05,3.0248025246257398e-05,-1.8411739030401732e-08,0.00011455091318923749,0.0,7.280132421085078,23.0,0.07692307692307693,-0.19248099830196994,-0.19248099830196994,Wuhan
bus_BV10057969,3.0229613507226997e-05,3.020258635683944e-05,2.7027150387557737e-08,2.317467622470204e-06,0.0,6.84548227764618,13.0,0.07142857142857142,-0.19283415653947752,-0.19283415653947752,Wuhan
bus_BV10059965,3.0229613507226997e-05,3.0119570273000237e-05,1.1004323422675975e-07,2.317467622470204e-06,0.0,8.80903088959855,23.0,0.0,-0.19483520075408384,-0.19483520075408384,Wuhan
bus_BV10604412,3.0229613507226997e-05,3.0229385082754687e-05,2.2842447231001496e-10,2.317467622470204e-06,0.0,11.038421420260907,38.0,0.0,-0.2006791182203605,-0.2006791182203605,Wuhan
bus_BV10845098,3.0229613507226997e-05,3.0229613507226997e-05,0.0,2.317467622470204e-06,0.0,7.199510179729685,13.0,0.07142857142857142,-0.20946488733135296,-0.20946488733135296,Wuhan
bus_BV10058219,3.0229613507226997e-05,3.0229613507226997e-05,0.0,2.317467622470204e-06,0.0,10.776650785655276,5.0,0.0,-0.22148335743291264,-0.22148335743291264,Wuhan
bus_BV10057944,3.0229613507226997e-05,3.0229613507226997e-05,0.0,2.317467622470204e-06,0.0,6.831846863416586,7.5,0.06666666666666667,-0.2575728878671987,-0.2575728878671987,Wuhan
bus_BV10057973,3.0229613507226997e-05,3.022693531481533e-05,2.6781924116678335e-09,2.317467622470204e-06,0.0,8.800503887430814,23.0,0.0,-0.3713278129695978,-0.3713278129695978,Wuhan
bus_BV10059123,3.0229613507226997e-05,3.015421967368749e-05,7.53938335395059e-08,2.317467622470204e-06,0.0,7.190711178702584,328.0,0.0,-0.37788246019244637,-0.37788246019244637,Wuhan
bus_BV10057980,3.0229613507226997e-05,3.0192725373706967e-05,3.688813352002959e-08,2.317467622470204e-06,0.0,7.926550671728698,57.5,0.0,-0.38351224016467805,-0.38351224016467805,Wuhan
bus_BV10557843,3.0229613507226997e-05,3.020123472960532e-05,2.837877762167814e-08,2.317467622470204e-06,0.0,7.8670170024983594,13.0,0.0,-0.4020940129334369,-0.4020940129334369,Wuhan
bus_BV10057983,3.0229613507226997e-05,3.0168696333347845e-05,6.091717387915165e-08,2.317467622470204e-06,0.0,7.043377135090191,38.0,0.0,-0.413089100285437,-0.413089100285437,Wuhan
bus_BV10417962,3.0229613507226997e-05,3.0228959382912207e-05,6.541243147894984e-10,2.317467622470204e-06,0.0,8.057050054912306,7.5,0.0,-0.43266616089851684,-0.43266616089851684,Wuhan
bus_BV10058537,3.0229613507226997e-05,3.0218477739424244e-05,1.1135767802752212e-08,2.317467622470204e-06,0.0,7.829649078121104,57.5,0.0,-0.43324856694199537,-0.43324856694199537,Wuhan
bus_BV11261683,3.0229613507226997e-05,3.0222537525015803e-05,7.0759822111930715e-09,2.317467622470204e-06,0.0,7.908210590418545,57.5,0.0,-0.43376568929576725,-0.43376568929576725,Wuhan
bus_BV10059305,3.0229613507226997e-05,3.0229613507226997e-05,0.0,2.317467622470204e-06,0.0,7.983728069543331,7.5,0.0,-0.43945988189124896,-0.43945988189124896,Wuhan
bus_BV11166858,3.0229613507226997e-05,3.0228944536273352e-05,6.689709536444725e-10,2.317467622470204e-06,0.0,7.432257130591769,137.0,0.0,-0.48140445325190934,-0.48140445325190934,Wuhan
bus_BV10999365,3.0229613507226997e-05,3.0204768265083645e-05,2.4845242143351604e-08,2.317467622470204e-06,0.0,6.920546605109305,539.5,0.0,-0.4817489872069461,-0.4817489872069461,Wuhan
bus_BV10058621,3.0229613507226997e-05,3.022719355356405e-05,2.4199536629473093e-09,2.317467622470204e-06,0.0,7.07740594076314,13.0,0.0,-0.5062316700316931,-0.5062316700316931,Wuhan
bus_BV09254030,3.0229613507226997e-05,3.0222033175986002e-05,7.580331240994057e-09,2.317467622470204e-06,0.0,6.81234976325576,57.5,0.0,-0.518467323353774,-0.518467323353774,Wuhan
bus_BV10059774,3.0229613507226997e-05,3.0228643180412822e-05,9.703268141746395e-10,2.317467622470204e-06,0.0,6.815594019218242,13.0,0.0,-0.5290390421606745,-0.5290390421606745,Wuhan
bus_BV10974227,3.0229613507226997e-05,3.0227630011155302e-05,1.983496071694137e-09,2.317467622470204e-06,0.0,6.682308713081565,23.0,0.0,-0.5377822071543916,-0.5377822071543916,Wuhan
bus_BV09347275,3.0229613507226997e-05,3.0227706300317437e-05,1.90720690955925e-09,2.317467622470204e-06,0.0,6.68002355926535,137.0,0.0,-0.5380854898143845,-0.5380854898143845,Wuhan
bus_BV10058451,3.0229613507226997e-05,3.02290413885736e-05,5.721186533964688e-10,2.317467622470204e-06,0.0,6.680806665966276,209.5,0.0,-0.5402107880911533,-0.5402107880911533,Wuhan
bus_BV10964587,2.3385698009842343e-05,2.3274754426276395e-05,1.1094358356594791e-07,0.0015186613014204209,0.004081632653061225,7.467084212217357,33.5,0.0,1.737625085510744,1.737625085510744,Hefei
bus_BV11446275,2.3385698009842343e-05,2.1926247377042827e-05,1.459450632799516e-06,0.0002175662130543543,0.0,12.801745604966312,88.5,0.0,1.5608974235516226,1.5608974235516226,Hefei
bus_BV10956500,2.3385698009842343e-05,2.3196822570969167e-05,1.8887543887317667e-07,0.0009765383479345413,0.0020408163265306124,6.586571269292039,587.0,0.0,0.8715310900443669,0.8715310900443669,Hefei
bus_BV10845699,2.3385698009842343e-05,2.3368685507335003e-05,1.7012502507340378e-08,0.0002175662130543543,0.0020408163265306124,10.060243587674565,3.5,0.058823529411764705,0.8505489043169298,0.8505489043169298,Hefei
bus_BV11276871,2.3385698009842343e-05,2.335604593039591e-05,2.9652079446434884e-08,0.001084962938631695,0.0020408163265306124,7.190840473188061,145.0,0.0,0.8456222303118031,0.8456222303118031,Hefei
bus_BV10416038,2.3385698009842343e-05,2.337707230277511e-05,8.625707067234494e-09,7.170316600468851e-07,0.0,21.712593025549214,1.0,0.0,0.7896756872462893,0.7896756872462893,Hefei
bus_BV11547836,2.3385698009842343e-05,2.3382963025642484e-05,2.7349841998589584e-09,7.170316600468851e-07,0.0,11.353281967736866,53.0,0.09090909090909091,0.4980570660612232,0.4980570660612232,Hefei
bus_BV11271879,2.3385698009842343e-05,2.336821554435233e-05,1.7482465490014135e-08,0.000325990803751508,0.0020408163265306124,8.711123769816384,356.0,0.0,0.44560466377377356,0.44560466377377356,Hefei
bus_BV11596329,2.3385698009842343e-05,2.3322512334265905e-05,6.318567557643843e-08,7.170316600468851e-07,0.0,7.595392642517187,145.0,0.1111111111111111,0.3710707240402109,0.3710707240402109,Hefei
bus_BV11120538,2.3385698009842343e-05,2.331861664835733e-05,6.708136148501467e-08,0.0001091416223572006,0.0020408163265306124,8.79481226962821,33.5,0.0,0.3521197548773741,0.3521197548773741,Hefei
bus_BV10412293,2.3385698009842343e-05,2.3354875580478435e-05,3.082242936390794e-08,7.170316600468851e-07,0.0,10.646724437537914,9.0,0.06666666666666667,0.3146276453128505,0.3146276453128505,Hefei
bus_BV10722782,2.3385698009842343e-05,2.339277510671247e-05,-7.077096870125853e-09,7.170316600468851e-07,0.0,8.547573214214115,53.0,0.09090909090909091,0.25752474348421583,0.25752474348421583,Hefei
bus_BV09043574,2.3385698009842343e-05,2.297946229376162e-05,4.062357160807239e-07,0.000325990803751508,0.0,7.594348697357945,356.0,0.0,0.21832275989253913,0.21832275989253913,Hefei
bus_BV10171847,2.3385698009842343e-05,2.3382555931292416e-05,3.1420785499272283e-09,7.170316600468851e-07,0.0,9.15674150810042,15.5,0.07142857142857142,0.1955985022639183,0.1955985022639183,Hefei
bus_BV10171581,2.3385698009842343e-05,2.3375264661475287e-05,1.0433348367056e-08,7.170316600468851e-07,0.0,9.38468771569214,9.0,0.06666666666666667,0.19146819138262677,0.19146819138262677,Hefei
bus_BV10171956,2.3385698009842343e-05,2.3372644798297735e-05,1.3053211544608015e-08,7.170316600468851e-07,0.0,8.785972706827332,15.5,0.07142857142857142,0.1743118617385516,0.1743118617385516,Hefei
bus_BV10845720,2.3385698009842343e-05,2.3163972284528864e-05,2.2172572531347924e-07,0.00043441539444877275,0.0,7.35751720022437,228.0,0.0,0.09937417490058285,0.09937417490058285,Hefei
bus_BV10171768,2.3385698009842343e-05,2.3377202275188278e-05,8.495734654065276e-09,7.170316600468851e-07,0.0,6.765509402045206,33.5,0.08333333333333333,0.07783718380834265,0.07783718380834265,Hefei
bus_BV10171971,2.3385698009842343e-05,2.338183938858394e-05,3.858621258402445e-09,7.170316600468851e-07,0.0,7.300058603829715,15.5,0.07142857142857142,0.04317970574977098,0.04317970574977098,Hefei
bus_BV10648495,2.3385698009842343e-05,2.3385698009842343e-05,0.0,7.170316600468851e-07,0.0,12.190299527328373,2.0,0.0,-0.0035513128348326345,-0.0035513128348326345,Hefei
bus_BV10171767,2.3385698009842343e-05,2.3124711323271753e-05,2.609866865705901e-07,7.170316600468851e-07,0.0,8.69343925786253,53.0,0.0,-0.04739261951348922,-0.04739261951348922,Hefei
bus_BV10410404,2.3385698009842343e-05,2.3300815118431967e-05,8.488289141037614e-08,7.170316600468851e-07,0.0,10.024351937943806,9.0,0.0,-0.10262471229170031,-0.10262471229170031,Hefei
bus_BV10172604,2.3385698009842343e-05,2.3351078803342328e-05,3.461920650001547e-08,7.170316600468851e-07,0.0,10.463141113884955,9.0,0.0,-0.11353101923016098,-0.11353101923016098,Hefei
bus_BV10172006,2.3385698009842343e-05,2.3385398973386227e-05,2.990364561163562e-10,7.170316600468851e-07,0.0,10.787745494872102,9.0,0.0,-0.11891669724872618,-0.11891669724872618,Hefei
bus_BV11614195,2.3385698009842343e-05,2.3343160617102053e-05,4.2537392740289986e-08,7.170316600468851e-07,0.0,10.29514866906047,9.0,0.0,-0.11996498837696122,-0.11996498837696122,Hefei
bus_BV10945635,2.3385698009842343e-05,2.3385698009842343e-05,0.0,0.0001091416223572006,0.0,8.787503262685604,22.5,0.0,-0.2106995509494432,-0.2106995509494432,Hefei
bus_BV10171797,2.3385698009842343e-05,2.3384540850876795e-05,1.157158965548003e-09,7.170316600468851e-07,0.0,9.406651917014004,53.0,0.0,-0.23198885098128363,-0.23198885098128363,Hefei
bus_BV10648909,2.3385698009842343e-05,2.334418562748129e-05,4.151238236105263e-08,7.170316600468851e-07,0.0,8.661367477118036,53.0,0.0,-0.2556362065169296,-0.2556362065169296,Hefei
bus_BV10656830,2.3385698009842343e-05,2.3385569314145107e-05,1.286956972366721e-10,7.170316600468851e-07,0.0,9.101880559959763,9.0,0.0,-0.25808176581473274,-0.25808176581473274,Hefei
bus_BV11272457,2.3385698009842343e-05,2.337336292935148e-05,1.2335080490863279e-08,7.170316600468851e-07,0.0,8.240967032723047,22.5,0.0,-0.3176324177414515,-0.3176324177414515,Hefei
bus_BV10844024,2.3385698009842343e-05,2.33826122178369e-05,3.0857920054440315e-09,7.170316600468851e-07,0.0,8.338755323044222,228.0,0.0,-0.3182339782591514,-0.3182339782591514,Hefei
bus_BV11579381,2.3385698009842343e-05,2.3385698009842343e-05,0.0,0.0001091416223572006,0.0,7.3141903075693655,3.5,0.0,-0.33217938894433946,-0.33217938894433946,Hefei
bus_BV10171704,2.3385698009842343e-05,2.336597104011243e-05,1.9726969729911897e-08,0.0001091416223572006,0.0,6.886917575588312,22.5,0.0,-0.348929697101381,-0.348929697101381,Hefei
bus_BV10171556,2.3385698009842343e-05,2.337618390678329e-05,9.514103059053117e-09,7.170316600468851e-07,0.0,7.762723097406343,15.5,0.0,-0.35970794869082173,-0.35970794869082173,Hefei
bus_BV10173465,2.3385698009842343e-05,2.336980271167948e-05,1.589529816286222e-08,7.170316600468851e-07,0.0,7.620057041776961,88.5,0.0,-0.36549349059719216,-0.36549349059719216,Hefei
bus_BV09008381,2.3385698009842343e-05,2.339867973943112e-05,-1.2981729588775804e-08,7.170316600468851e-07,0.0,7.947533099363036,15.5,0.0,-0.3655433615131732,-0.3655433615131732,Hefei
bus_BV11449241,2.3385698009842343e-05,2.3385698009842343e-05,0.0,7.170316600468851e-07,0.0,7.779157148988269,22.5,0.0,-0.3672655255092874,-0.3672655255092874,Hefei
bus_BV10948623,2.3385698009842343e-05,2.337875585203289e-05,6.942157809454566e-09,7.170316600468851e-07,0.0,7.669618203800183,88.5,0.0,-0.36979412189254096,-0.36979412189254096,Hefei
bus_BV10172343,2.3385698009842343e-05,2.3384317891928277e-05,1.3801179140657358e-09,7.170316600468851e-07,0.0,7.544089248659314,53.0,0.0,-0.38535483416922117,-0.38535483416922117,Hefei
bus_BV10410966,2.3385698009842343e-05,2.3384346444411633e-05,1.3515654307103854e-09,7.170316600468851e-07,0.0,7.53012370586816,33.5,0.0,-0.3865330897171201,-0.3865330897171201,Hefei
bus_BV09411653,2.3385698009842343e-05,2.3385403929649562e-05,2.940801927808225e-10,7.170316600468851e-07,0.0,7.012928220623792,5.0,0.0,-0.43016830868040873,-0.43016830868040873,Hefei
bus_BV10172794,2.3385698009842343e-05,2.3381716022521946e-05,3.9819873203972744e-09,7.170316600468851e-07,0.0,6.888865015746518,145.0,0.0,-0.43694299859598285,-0.43694299859598285,Hefei
bus_BV11619576,2.3385698009842343e-05,2.338458795493169e-05,1.110054910652029e-09,7.170316600468851e-07,0.0,6.883180441612345,22.5,0.0,-0.440102080805146,-0.440102080805146,Hefei
bus_BV11614125,2.3385698009842343e-05,2.3364971018010168e-05,2.0726991832174975e-08,7.170316600468851e-07,0.0,6.5522681969504335,22.5,0.0,-0.44901020421616716,-0.44901020421616716,Hefei
bus_BV10461125,2.3385698009842343e-05,2.3370147961511764e-05,1.5550048330578714e-08,7.170316600468851e-07,0.0,6.574022456075022,22.5,0.0,-0.4520661465314987,-0.4520661465314987,Hefei
bus_BV10648499,2.3385698009842343e-05,2.337421876101638e-05,1.147924882596461e-08,7.170316600468851e-07,0.0,6.599453459152066,88.5,0.0,-0.45378271470908177,-0.45378271470908177,Hefei
bus_BV10172339,2.3385698009842343e-05,2.338443071729886e-05,1.2672925434815724e-09,7.170316600468851e-07,0.0,6.691968952616085,22.5,0.0,-0.4557208438975618,-0.4557208438975618,Hefei
bus_BV10171559,2.3385698009842343e-05,2.3367558637108166e-05,1.813937273417764e-08,7.170316600468851e-07,0.0,6.474053797065435,33.5,0.0,-0.4578832867572545,-0.4578832867572545,Hefei
bus_BV09105974,2.3385698009842343e-05,2.3385684181434815e-05,1.382840752848927e-11,7.170316600468851e-07,0.0,6.5534015883144265,15.5,0.0,-0.46832043095802495,-0.46832043095802495,Hefei
bus_BV11448917,2.3385698009842343e-05,2.3414778744116243e-05,-2.9080734273900024e-08,7.170316600468851e-07,0.0,6.839997390043531,33.5,0.0,-0.47194480522266746,-0.47194480522266746,Hefei
bus_BV10397305,2.5731265745478572e-05,2.542106646030333e-05,3.101992851752408e-07,0.0007302853322757041,0.0,8.832455459838352,124.5,0.0,1.98821243725153,1.98821243725153,nanking
bus_BV10535353,2.5731265745478572e-05,2.570440574216591e-05,2.686000331266313e-08,0.0002091262745312905,0.0020242914979757085,5.893047782816364,236.5,0.0,1.4099216014023714,1.4099216014023714,nanking
bus_BV10053891,2.5731265745478572e-05,2.5701546060802712e-05,2.9719684675860025e-08,6.626514335028588e-07,0.0,22.740936002420085,1.0,0.0,0.8414712648537856,0.8414712648537856,nanking
bus_BV11594387,2.5731265745478572e-05,2.5380722907124093e-05,3.505428383544791e-07,6.626514335028588e-07,0.0,6.390120410886745,838.5,0.0,0.6352882864970262,0.6352882864970262,nanking
bus_BV10053673,2.5731265745478572e-05,2.5730016944042987e-05,1.2488014355854023e-09,6.626514335028588e-07,0.0,13.765671556986737,3.5,0.08333333333333333,0.4618219522158423,0.4618219522158423,nanking
bus_BV10976884,2.5731265745478572e-05,2.563763368514404e-05,9.363206033453236e-08,6.626514335028588e-07,0.0,9.807783126463491,8.0,0.08333333333333333,0.45690382803523255,0.45690382803523255,nanking
bus_BV10877845,2.5731265745478572e-05,2.5727475694603e-05,3.79005087557116e-09,6.626514335028588e-07,0.0,9.478202569108669,63.5,0.1111111111111111,0.2780144964795878,0.2780144964795878,nanking
bus_BV10053887,2.5731265745478572e-05,2.568392935276772e-05,4.733639271085148e-08,6.626514335028588e-07,0.0,7.6245984270707,63.5,0.1111111111111111,0.2765677679500332,0.2765677679500332,nanking
bus_BV10982411,2.5731265745478572e-05,2.567863081285767e-05,5.263493262090333e-08,6.626514335028588e-07,0.0,8.054301351681888,28.5,0.1,0.2761232256800997,0.2761232256800997,nanking
bus_BV10055450,2.5731265745478572e-05,2.571377000031004e-05,1.749574516853199e-08,6.626514335028588e-07,0.0,9.934748521751468,14.0,0.09090909090909091,0.26608483679361616,0.26608483679361616,nanking
bus_BV10475999,2.5731265745478572e-05,2.5622100934706715e-05,1.0916481077185685e-07,6.626514335028588e-07,0.0,11.016788902289335,8.0,0.0,0.23348494910309806,0.23348494910309806,nanking
bus_BV11222816,2.5731265745478572e-05,2.5705844795046325e-05,2.5420950432247455e-08,6.626514335028588e-07,0.0,8.351717396777731,28.5,0.1,0.21455276149766217,0.21455276149766217,nanking
bus_BV10053928,2.5731265745478572e-05,2.5704678928535573e-05,2.658681694299873e-08,0.0002091262745312905,0.0,8.577404526435743,63.5,0.0,0.175298033002005,0.175298033002005,nanking
bus_BV10055338,2.5731265745478572e-05,2.57278694171703e-05,3.3963283082726232e-09,6.626514335028588e-07,0.0,9.853066011262005,3.5,0.07692307692307693,0.15689163444288562,0.15689163444288562,nanking
bus_BV10950793,2.5731265745478572e-05,2.571409215375413e-05,1.7173591724443607e-08,6.626514335028588e-07,0.0,7.108338770360807,63.5,0.1111111111111111,0.1469452453234801,0.1469452453234801,nanking
bus_BV10052514,2.5731265745478572e-05,2.5698933689568102e-05,3.2332055910470225e-08,6.626514335028588e-07,0.0,7.028409183521378,28.5,0.1,0.13964743182610972,0.13964743182610972,nanking
bus_BV11116490,2.5731265745478572e-05,2.5723355229118304e-05,7.910516360267665e-09,6.626514335028588e-07,0.0,7.45528644963816,28.5,0.1,0.09600318041676748,0.09600318041676748,nanking
bus_BV10054810,2.5731265745478572e-05,2.572402214333416e-05,7.243602144412441e-09,6.626514335028588e-07,0.0,7.166770328674734,28.5,0.1,0.07303010493605552,0.07303010493605552,nanking
bus_BV10416342,2.5731265745478572e-05,2.572683451930867e-05,4.431226169903686e-09,6.626514335028588e-07,0.0,6.273901119846835,63.5,0.1111111111111111,0.04746273474270141,0.04746273474270141,nanking
bus_BV10054458,2.5731265745478572e-05,2.5728036487203075e-05,3.229258275496902e-09,6.626514335028588e-07,0.0,6.734326151493362,28.5,0.1,0.02938532462704313,0.02938532462704313,nanking
bus_BV10056737,2.5731265745478572e-05,2.5724464399779082e-05,6.8013456994897505e-09,6.626514335028588e-07,0.0,12.02327839874631,3.5,0.0,-0.006250898158499857,-0.006250898158499857,nanking
bus_BV10053665,2.5731265745478572e-05,2.5710100246426265e-05,2.116549905230704e-08,0.0002091262745312905,0.0,6.083455383129353,63.5,0.0,-0.0222328572292724,-0.0222328572292724,nanking
bus_BV10052760,2.5731265745478572e-05,2.5729060508468835e-05,2.205237009737489e-09,6.626514335028588e-07,0.0,5.9934166741016295,28.5,0.1,-0.027505495827293336,-0.027505495827293336,nanking
bus_BV10396616,2.5731265745478572e-05,2.5751363120334543e-05,-2.009737485597087e-08,6.626514335028588e-07,0.0,12.82806966740862,28.5,0.0,-0.030041874949626193,-0.030041874949626193,nanking
bus_BV10394032,2.5731265745478572e-05,2.57287242326894e-05,2.541512789173186e-09,6.626514335028588e-07,0.0,6.662874890844678,8.0,0.08333333333333333,-0.0496220747463407,-0.0496220747463407,nanking
bus_BV10396789,2.5731265745478572e-05,2.5729194125597006e-05,2.071619881565648e-09,6.626514335028588e-07,0.0,6.044867673348344,14.0,0.09090909090909091,-0.0633011071016989,-0.0633011071016989,nanking
bus_BV11623989,2.5731265745478572e-05,2.5682458968985497e-05,4.8806776493075113e-08,6.626514335028588e-07,0.0,9.257958063649676,14.0,0.0,-0.0785618848026267,-0.0785618848026267,nanking
bus_BV10853580,2.5731265745478572e-05,2.5690346520981248e-05,4.091922449732456e-08,0.0001048944629824522,0.0,6.826757778198526,124.5,0.0,-0.09350769377945145,-0.09350769377945145,nanking
bus_BV10052205,2.5731265745478572e-05,2.570287265385553e-05,2.839309162304106e-08,6.626514335028588e-07,0.0,9.12727850487448,63.5,0.0,-0.1504177393582982,-0.1504177393582982,nanking
bus_BV10054218,2.5731265745478572e-05,2.5709873823816017e-05,2.1391921662555248e-08,6.626514335028588e-07,0.0,8.53731503231641,63.5,0.0,-0.2146186188239172,-0.2146186188239172,nanking
bus_BV11206187,2.5731265745478572e-05,2.5706877072378576e-05,2.43886730999965e-08,6.626514335028588e-07,0.0,7.813182972924814,124.5,0.0,-0.2580066705467146,-0.2580066705467146,nanking
bus_BV10988443,2.5731265745478572e-05,2.5714415035042644e-05,1.685071043592797e-08,6.626514335028588e-07,0.0,8.07021005922355,63.5,0.0,-0.26238828860734137,-0.26238828860734137,nanking
bus_BV10055624,2.5731265745478572e-05,2.573053822305465e-05,7.275224239234115e-10,6.626514335028588e-07,0.0,8.268697022647256,8.0,0.0,-0.29724962871253036,-0.29724962871253036,nanking
bus_BV10052327,2.5731265745478572e-05,2.571524385578817e-05,1.602188969040261e-08,6.626514335028588e-07,0.0,7.263884160442729,63.5,0.0,-0.323429432255516,-0.323429432255516,nanking
bus_BV10055836,2.5731265745478572e-05,2.5689999922019392e-05,4.1265823459180095e-08,6.626514335028588e-07,0.0,6.066881292502547,28.5,0.0,-0.3331543113988875,-0.3331543113988875,nanking
bus_BV10655054,2.5731265745478572e-05,2.5731265745478572e-05,0.0,6.626514335028588e-07,0.0,7.488264585543661,14.0,0.0,-0.3561023739698058,-0.3561023739698058,nanking
bus_BV10053240,2.5731265745478572e-05,2.5727305181306485e-05,3.9605641720874205e-09,6.626514335028588e-07,0.0,7.253229101496847,8.0,0.0,-0.36105564485031016,-0.36105564485031016,nanking
bus_BV10338634,2.5731265745478572e-05,2.572469245685515e-05,6.573288623421068e-09,6.626514335028588e-07,0.0,6.966654036604526,14.0,0.0,-0.37386702456134885,-0.37386702456134885,nanking
bus_BV10055288,2.5731265745478572e-05,2.5727924476056054e-05,3.341269422517954e-09,6.626514335028588e-07,0.0,7.069142501872242,28.5,0.0,-0.376305594505927,-0.376305594505927,nanking
bus_BV10323673,2.5731265745478572e-05,2.573065767636307e-05,6.080691155030936e-10,6.626514335028588e-07,0.0,7.128829473020123,3.5,0.0,-0.3803258030748221,-0.3803258030748221,nanking
bus_BV09082138,2.5731265745478572e-05,2.5724947981882873e-05,6.317763595699218e-09,6.626514335028588e-07,0.0,6.883459517952155,124.5,0.0,-0.38068454381728845,-0.38068454381728845,nanking
bus_BV10053276,2.5731265745478572e-05,2.5713471593863193e-05,1.7794151615379308e-08,6.626514335028588e-07,0.0,6.333709813982794,63.5,0.0,-0.3855097410050774,-0.3855097410050774,nanking
bus_BV10053844,2.5731265745478572e-05,2.5730687097732825e-05,5.786477457470616e-10,6.626514335028588e-07,0.0,6.968773636779162,14.0,0.0,-0.39202968756084244,-0.39202968756084244,nanking
bus_BV10055132,2.5731265745478572e-05,2.5723594567809796e-05,7.671177668776448e-09,6.626514335028588e-07,0.0,6.567872298523766,236.5,0.0,-0.3994488958529958,-0.3994488958529958,nanking
bus_BV10898545,2.5731265745478572e-05,2.5713302659777695e-05,1.7963085700876887e-08,6.626514335028588e-07,0.0,6.056646127422963,28.5,0.0,-0.40509789150893705,-0.40509789150893705,nanking
bus_BV10055635,2.5731265745478572e-05,2.5728142361164762e-05,3.1233843138097565e-09,6.626514335028588e-07,0.0,6.546846387082955,63.5,0.0,-0.4148702417827319,-0.4148702417827319,nanking
bus_BV10393878,2.5731265745478572e-05,2.5730549545434477e-05,7.162000440950021e-10,6.626514335028588e-07,0.0,6.615819385965527,28.5,0.0,-0.4172205033144264,-0.4172205033144264,nanking
bus_BV10055337,2.5731265745478572e-05,2.572648392074504e-05,4.781824733532722e-09,6.626514335028588e-07,0.0,6.176499399649617,14.0,0.0,-0.43667607792907404,-0.43667607792907404,nanking
bus_BV10052332,2.5731265745478572e-05,2.572295338382031e-05,8.31236165826132e-09,6.626514335028588e-07,0.0,5.955427043876458,124.5,0.0,-0.4419300916489408,-0.4419300916489408,nanking
bus_BV11007957,2.5731265745478572e-05,2.5731265745478572e-05,0.0,6.626514335028588e-07,0.0,5.8952012002602086,124.5,0.0,-0.4716984053963913,-0.4716984053963913,nanking
bus_BV10698458,4.908935384649427e-05,4.891434852228596e-05,1.750053242083094e-07,0.0003985554989008877,0.004228329809725159,14.39302928978834,5.0,0.0,2.4259636541520684,2.4259636541520684,Shenzhen
bus_BV11049400,4.908935384649427e-05,4.738328911472914e-05,1.706064731765128e-06,3.2464990327163434e-06,0.0,11.533742212551145,578.5,0.0,1.332494373471662,1.332494373471662,Shenzhen
bus_BV10915430,4.908935384649427e-05,4.903109993634289e-05,5.8253910151379853e-08,0.0002667858322781269,0.0021141649048625794,7.206503432004582,11.5,0.0,0.9853825166299677,0.9853825166299677,Shenzhen
bus_BV10244410,4.908935384649427e-05,4.908935384649427e-05,0.0,0.0002667858322781269,0.0,17.84955696177529,3.0,0.0,0.8651800405214158,0.8651800405214158,Shenzhen
bus_BV10243043,4.908935384649427e-05,4.906132271436938e-05,2.8031132124893576e-08,0.00013501616565547714,0.0,9.960357934720943,127.0,0.07692307692307693,0.7698681715467728,0.7698681715467728,Shenzhen
bus_BV10448711,4.908935384649427e-05,4.9085272668943456e-05,4.081177550814834e-09,0.00013501616565547714,0.0,18.0859062285319,4.0,0.0,0.5695829286984095,0.5695829286984095,Shenzhen
bus_BV10382748,4.908935384649427e-05,4.907985601380257e-05,9.497832691702612e-09,0.00013501616565547714,0.0,6.25509717527571,94.5,0.06666666666666667,0.47257468747143416,0.47257468747143416,Shenzhen
bus_BV10244991,4.908935384649427e-05,4.908653485759383e-05,2.8189889004375836e-09,3.2464990327163434e-06,0.0,21.7009535079187,1.5,0.0,0.4513453879475365,0.4513453879475365,Shenzhen
bus_BV09063181,4.908935384649427e-05,4.907433078553819e-05,1.5023060956084278e-08,3.2464990327163434e-06,0.0,7.769979669058829,326.0,0.09090909090909091,0.44160974479690934,0.44160974479690934,Shenzhen
bus_BV09403774,4.908935384649427e-05,4.908935384649427e-05,0.0,3.2464990327163434e-06,0.0,18.382774726501232,28.5,0.0,0.2703979766712912,0.2703979766712912,Shenzhen
bus_BV10247055,4.908935384649427e-05,4.904923326432085e-05,4.012058217342339e-08,3.2464990327163434e-06,0.0,8.709967888753138,38.5,0.05555555555555555,0.2294388950561986,0.2294388950561986,Shenzhen
bus_BV10570155,4.908935384649427e-05,4.9122196000219854e-05,-3.284215372558266e-08,3.2464990327163434e-06,0.0,11.091415583398037,8.0,0.043478260869565216,0.19946811332413844,0.19946811332413844,Shenzhen
bus_BV10243171,4.908935384649427e-05,4.904477834763066e-05,4.4575498863613e-08,3.2464990327163434e-06,0.0,7.038923516726678,70.5,0.0625,0.1989875982389185,0.1989875982389185,Shenzhen
bus_BV10382406,4.908935384649427e-05,4.906703659928394e-05,2.231724721032778e-08,3.2464990327163434e-06,0.0,16.196974492508534,1.5,0.0,0.17147414218746515,0.17147414218746515,Shenzhen
bus_BV09084757,4.908935384649427e-05,4.9083134692124984e-05,6.219154369286738e-09,3.2464990327163434e-06,0.0,8.343174493487728,19.5,0.05,0.13667004525431217,0.13667004525431217,Shenzhen
bus_BV10243423,4.908935384649427e-05,4.907734969947538e-05,1.2004147018888792e-08,3.2464990327163434e-06,0.0,7.733720844191165,28.5,0.05263157894736842,0.12984626221804604,0.12984626221804604,Shenzhen
bus_BV10387555,4.908935384649427e-05,4.907058334201386e-05,1.8770504480407737e-08,3.2464990327163434e-06,0.0,5.955944835648535,50.5,0.058823529411764705,0.089548283332505,0.089548283332505,Shenzhen
bus_BV10582353,4.908935384649427e-05,4.9077347623273874e-05,1.2006223220397414e-08,3.2464990327163434e-06,0.0,6.379045467081783,11.5,0.045454545454545456,-0.0006752956929415577,-0.0006752956929415577,Shenzhen
bus_BV11088950,4.908935384649427e-05,4.908935384649427e-05,0.0,0.00013501616565547714,0.0,6.3406689337296225,326.0,0.0,-0.06596475560863777,-0.06596475560863777,Shenzhen
bus_BV10243741,4.908935384649427e-05,4.9086418804835806e-05,2.9350416584647348e-09,0.00013501616565547714,0.0,5.975546212970933,19.5,0.0,-0.08315422073422726,-0.08315422073422726,Shenzhen
bus_BV10590220,4.908935384649427e-05,4.906776993539983e-05,2.1583911094442173e-08,3.2464990327163434e-06,0.0,11.061789356412449,28.5,0.0,-0.10551498159014194,-0.10551498159014194,Shenzhen
bus_BV10862260,4.908935384649427e-05,4.9088320296767063e-05,1.0335497272075502e-09,3.2464990327163434e-06,0.0,11.326815221156421,28.5,0.0,-0.10848494208557642,-0.10848494208557642,Shenzhen
bus_BV10922198,4.908935384649427e-05,4.90585945343542e-05,3.0759312140071706e-08,3.2464990327163434e-06,0.0,10.339562030059824,38.5,0.0,-0.13669053318148522,-0.13669053318148522,Shenzhen
bus_BV10853457,4.908935384649427e-05,4.908930913243441e-05,4.471405986087012e-11,3.2464990327163434e-06,0.0,9.285373661358541,6.0,0.0,-0.21918396318547173,-0.21918396318547173,Shenzhen
bus_BV11633702,4.908935384649427e-05,4.908579077310786e-05,3.5630733864126622e-09,3.2464990327163434e-06,0.0,8.984323260161766,70.5,0.0,-0.23243590363942646,-0.23243590363942646,Shenzhen
bus_BV10244181,4.908935384649427e-05,4.9084134170497486e-05,5.219675996784854e-09,3.2464990327163434e-06,0.0,8.733745480808912,28.5,0.0,-0.24453269541279754,-0.24453269541279754,Shenzhen
bus_BV10245131,4.908935384649427e-05,4.9080735700891305e-05,8.618145602965778e-09,3.2464990327163434e-06,0.0,8.347514667534208,28.5,0.0,-0.26246956023478657,-0.26246956023478657,Shenzhen
bus_BV10242921,4.908935384649427e-05,4.907660965065509e-05,1.2744195839182028e-08,3.2464990327163434e-06,0.0,8.100976820315939,758.0,0.0,-0.2722780403267843,-0.2722780403267843,Shenzhen
bus_BV10243631,4.908935384649427e-05,4.906982951047692e-05,1.9524336017347828e-08,3.2464990327163434e-06,0.0,7.881958318441219,15.0,0.0,-0.27837971224008057,-0.27837971224008057,Shenzhen
bus_BV10968097,4.908935384649427e-05,4.905036811292129e-05,3.898573357298199e-08,3.2464990327163434e-06,0.0,7.206437132901141,15.0,0.0,-0.2984156958482424,-0.2984156958482424,Shenzhen
bus_BV09084989,4.908935384649427e-05,4.901541405086217e-05,7.393979563210076e-08,3.2464990327163434e-06,0.0,6.543986757012321,234.0,0.0,-0.3047560328443564,-0.3047560328443564,Shenzhen
bus_BV10242366,4.908935384649427e-05,4.908872564515296e-05,6.282013413082851e-10,3.2464990327163434e-06,0.0,7.529371374702689,8.0,0.0,-0.3132021737729348,-0.3132021737729348,Shenzhen
bus_BV11633634,4.908935384649427e-05,4.908295697489288e-05,6.396871601391523e-09,3.2464990327163434e-06,0.0,7.436715240384533,94.5,0.0,-0.31335128110306837,-0.31335128110306837,Shenzhen
bus_BV10921055,4.908935384649427e-05,4.91149901537689e-05,-2.563630727462577e-08,3.2464990327163434e-06,0.0,7.744697087950449,11.5,0.0,-0.3236388770696438,-0.3236388770696438,Shenzhen
bus_BV10244403,4.908935384649427e-05,4.908905818120093e-05,2.95665293341559e-10,3.2464990327163434e-06,0.0,7.183034079645684,70.5,0.0,-0.3321208100507388,-0.3321208100507388,Shenzhen
bus_BV11320486,4.908935384649427e-05,4.908935384649427e-05,0.0,3.2464990327163434e-06,0.0,6.990250555463293,28.5,0.0,-0.34274430786458787,-0.34274430786458787,Shenzhen
bus_BV11306735,4.908935384649427e-05,4.906556477689852e-05,2.3789069595751876e-08,3.2464990327163434e-06,0.0,6.535256064986704,70.5,0.0,-0.3472824154621257,-0.3472824154621257,Shenzhen
bus_BV10244073,4.908935384649427e-05,4.904358848767541e-05,4.576535881886017e-08,3.2464990327163434e-06,0.0,6.078714235358821,70.5,0.0,-0.3534240016487555,-0.3534240016487555,Shenzhen
bus_BV10382721,4.908935384649427e-05,4.9088183655572766e-05,1.1701909215046705e-09,3.2464990327163434e-06,0.0,6.692572229299445,94.5,0.0,-0.35778394296672067,-0.35778394296672067,Shenzhen
bus_BV10660622,4.908935384649427e-05,4.908556912147519e-05,3.7847250190822085e-09,3.2464990327163434e-06,0.0,6.651040624370455,28.5,0.0,-0.35782660813834666,-0.35782660813834666,Shenzhen
bus_BV10245891,4.908935384649427e-05,4.908483917175203e-05,4.514674742239083e-09,3.2464990327163434e-06,0.0,6.325351522758217,127.0,0.0,-0.3747429620494238,-0.3747429620494238,Shenzhen
bus_BV11325371,4.908935384649427e-05,4.906123727022143e-05,2.811657627283925e-08,3.2464990327163434e-06,0.0,5.952703547387329,70.5,0.0,-0.3750061640508536,-0.3750061640508536,Shenzhen
bus_BV10382788,4.908935384649427e-05,4.9080636495372654e-05,8.717351121616528e-09,3.2464990327163434e-06,0.0,6.221895497242876,70.5,0.0,-0.3767865619390624,-0.3767865619390624,Shenzhen
bus_BV10383044,4.908935384649427e-05,4.908209268150085e-05,7.261164993421483e-09,3.2464990327163434e-06,0.0,6.137068376390716,50.5,0.0,-0.38257309312316845,-0.38257309312316845,Shenzhen
bus_BV10880083,4.908935384649427e-05,4.9088059532276415e-05,1.2943142178558275e-09,3.2464990327163434e-06,0.0,6.226476442315074,8.0,0.0,-0.38276499045164913,-0.38276499045164913,Shenzhen
bus_BV09082074,4.908935384649427e-05,4.908935384649427e-05,0.0,3.2464990327163434e-06,0.0,6.2438881984071966,127.0,0.0,-0.38291330938054124,-0.38291330938054124,Shenzhen
bus_BV10383144,4.908935384649427e-05,4.908769355349607e-05,1.6602929981977062e-09,3.2464990327163434e-06,0.0,6.172763240233408,19.5,0.0,-0.38534890857750886,-0.38534890857750886,Shenzhen
bus_BV10382693,4.908935384649427e-05,4.908506137318264e-05,4.292473311630427e-09,3.2464990327163434e-06,0.0,6.1099807253742995,19.5,0.0,-0.3865204932902159,-0.3865204932902159,Shenzhen
bus_BV10402235,4.908935384649427e-05,4.908817751372947e-05,1.176332764798115e-09,3.2464990327163434e-06,0.0,5.9811481252920355,28.5,0.0,-0.3960674274653198,-0.3960674274653198,Shenzhen
bus_BV09368189,4.908935384649427e-05,4.9081854664112885e-05,7.499182381386039e-09,-0.00012852316759004445,0.0,7.090532807949054,234.0,0.0,-0.6427981604894328,-0.6427981604894328,Shenzhen
bus_BV10845466,1.9084436059398536e-05,1.7577606364277858e-05,1.506829695120678e-06,0.12279321553903177,0.21727748691099477,10.150715646212838,54.5,0.0,4.356105256881453,4.356105256881453,ningbo
bus_BV09277590,1.9084436059398536e-05,1.9027188265609292e-05,5.724779378924423e-08,1.0242304591234763e-05,0.0,10.539444461677975,27.0,0.08333333333333333,0.8047703269213258,0.8047703269213258,ningbo
bus_BV09277524,1.9084436059398536e-05,1.9072151231270325e-05,1.2284828128211452e-08,1.0242304591234763e-05,0.0,9.185441481825674,27.0,0.08333333333333333,0.567357775304032,0.567357775304032,ningbo
bus_BV10654133,1.9084436059398536e-05,1.9076626382036597e-05,7.809677361939304e-09,0.0001714806148137571,0.0,8.411017437463176,27.0,0.08333333333333333,0.45287695779205556,0.45287695779205556,ningbo
bus_BV10194540,1.9084436059398536e-05,1.908119777293768e-05,3.238286460854954e-09,9.086145970249593e-05,0.0,12.34329570693816,2.5,0.0,0.43817131661016656,0.43817131661016656,ningbo
bus_BV10988137,1.9084436059398536e-05,1.9069842399111814e-05,1.4593660286721621e-08,0.00025209976992501826,0.002617801047120419,11.074013705447602,1.0,0.0,0.2836784053714356,0.2836784053714356,ningbo
bus_BV09165358,1.9084436059398536e-05,1.9084015725525678e-05,4.203338728581249e-10,1.0242304591234763e-05,0.0,7.2655565537489775,27.0,0.08333333333333333,0.27818692978625537,0.27818692978625537,ningbo
bus_BV10193640,1.9084436059398536e-05,1.9026712482900884e-05,5.772357649765162e-08,1.0242304591234763e-05,0.0,10.829495178447644,12.0,0.0,0.2676206656110232,0.2676206656110232,ningbo
bus_BV10654141,1.9084436059398536e-05,1.9083203250917155e-05,1.2328084813811987e-09,1.0242304591234763e-05,0.0,7.921502140270729,2.5,0.06666666666666667,0.2580935252275633,0.2580935252275633,ningbo
bus_BV10565481,1.9084436059398536e-05,1.9077714365753526e-05,6.721693645009763e-09,0.0001714806148137571,0.0,6.836327171647865,6.5,0.07692307692307693,0.1790178986261428,0.1790178986261428,ningbo
bus_BV10192194,1.9084436059398536e-05,1.90835570963464e-05,8.789630521360316e-10,1.0242304591234763e-05,0.0,6.730201397031325,6.5,0.07692307692307693,0.15641096510775038,0.15641096510775038,ningbo
bus_BV11689199,1.9084436059398536e-05,1.862141360719034e-05,4.630224522081958e-07,0.0001714806148137571,0.002617801047120419,6.911488457027927,91.0,0.0,0.089495511975182,0.089495511975182,ningbo
bus_BV10192143,1.9084436059398536e-05,1.9084436059398536e-05,0.0,1.0242304591234763e-05,0.0,6.506083481617823,6.5,0.07142857142857142,0.08489994185373856,0.08489994185373856,ningbo
bus_BV10443264,1.9084436059398536e-05,1.89428238018512e-05,1.4161225754733526e-07,0.0008164338557038464,0.005235602094240838,8.60226730862572,283.0,0.0,0.06536166352991933,0.06536166352991933,ningbo
bus_BV10706408,1.9084436059398536e-05,1.9047886621231998e-05,3.654943816653808e-08,1.0242304591234763e-05,0.0,9.558310540114908,27.0,0.0,0.06397379218178621,0.06397379218178621,ningbo
bus_BV11121455,1.9084436059398536e-05,1.9082083802790646e-05,2.3522566078899192e-09,9.086145970249593e-05,0.0,9.33410737897367,162.5,0.0,0.001130450963208171,0.001130450963208171,ningbo
bus_BV10666693,1.9084436059398536e-05,1.9084436059398536e-05,0.0,-7.037685051991538e-05,0.0,9.322104025042517,27.0,0.0,-0.004639155451593907,-0.004639155451593907,ningbo
bus_BV10394977,1.9084436059398536e-05,1.9084436059398536e-05,0.0,1.0242304591234763e-05,0.0,9.133385449139954,162.5,0.0,-0.031058008689853207,-0.031058008689853207,ningbo
bus_BV11351760,1.9084436059398536e-05,1.9091560230393865e-05,-7.124170995329477e-09,9.086145970249593e-05,0.0,9.129472280874442,468.0,0.0,-0.03720286984121902,-0.03720286984121902,ningbo
bus_BV10845472,1.9084436059398536e-05,1.9002749724737267e-05,8.168633466126864e-08,0.0037993425948202875,0.007853403141361256,7.79173276774328,91.0,0.0,-0.05496671131651193,-0.05496671131651193,ningbo
bus_BV10750717,1.9084436059398536e-05,1.900239999427365e-05,8.203606512488578e-08,0.0024288169579289587,0.007853403141361256,7.673268513067406,162.5,0.0,-0.08778226019887463,-0.08778226019887463,ningbo
bus_BV09099394,1.9084436059398536e-05,1.9084436059398536e-05,0.0,1.0242304591234763e-05,0.0,8.664827178650105,283.0,0.0,-0.09898309111000216,-0.09898309111000216,ningbo
bus_BV11380489,1.9084436059398536e-05,1.904041541173248e-05,4.402064766605669e-08,0.005089249076600355,0.007853403141361256,7.588439421215737,91.0,0.0,-0.10386726077617307,-0.10386726077617307,ningbo
bus_BV11578459,1.9084436059398536e-05,1.9084436059398536e-05,0.0,-7.037685051991538e-05,0.0,8.63080127774931,6.5,0.0,-0.10485464420622852,-0.10485464420622852,ningbo
bus_BV10622534,1.9084436059398536e-05,1.903043941360403e-05,5.3996645794506144e-08,0.0001714806148137571,0.002617801047120419,8.128453987664678,54.5,0.0,-0.10822474421866837,-0.10822474421866837,ningbo
bus_BV11457938,1.9084436059398536e-05,1.9060995390810298e-05,2.3440668588238327e-08,0.0001714806148137571,0.002617801047120419,8.294327079717242,27.0,0.0,-0.11212854997258916,-0.11212854997258916,ningbo
bus_BV11359698,1.9084436059398536e-05,1.905098265666931e-05,3.345340272922499e-08,0.002670674423262631,0.005235602094240838,7.751066174952786,54.5,0.0,-0.13537156941186618,-0.13537156941186618,ningbo
bus_BV11171920,1.9084436059398536e-05,1.9084436059398536e-05,0.0,-7.037685051991538e-05,0.0,8.144288002968441,27.0,0.0,-0.17538259423779884,-0.17538259423779884,ningbo
bus_BV11149917,1.9084436059398536e-05,1.9000485444780962e-05,8.395061461757359e-08,1.0242304591234763e-05,0.0,7.588562751739604,162.5,0.0,-0.17821471519101117,-0.17821471519101117,ningbo
bus_BV11375729,1.9084436059398536e-05,1.8917009721206982e-05,1.6742633819155387e-07,1.0242304591234763e-05,0.0,7.0167625149378186,468.0,0.0,-0.1847505008767686,-0.1847505008767686,ningbo
bus_BV09063514,1.9084436059398536e-05,1.908407388295277e-05,3.621764457655311e-10,1.0242304591234763e-05,0.0,7.810107099886236,162.5,0.0,-0.22255727354470967,-0.22255727354470967,ningbo
bus_BV11062841,1.9084436059398536e-05,1.9084232756093566e-05,2.0330330497022155e-10,1.0242304591234763e-05,0.0,7.576829949073821,12.0,0.0,-0.2565198834249306,-0.2565198834249306,ningbo
bus_BV09201467,1.9084436059398536e-05,1.9083523225467174e-05,9.128339313615682e-10,0.0001714806148137571,0.0,7.505780554836951,54.5,0.0,-0.2642927271547845,-0.2642927271547845,ningbo
bus_BV10193160,1.9084436059398536e-05,1.9084197239642065e-05,2.3881975647147826e-10,1.0242304591234763e-05,0.0,7.430137854243636,6.5,0.0,-0.2777527825660019,-0.2777527825660019,ningbo
bus_BV11337751,1.9084436059398536e-05,1.908429435942515e-05,1.4169997338651518e-10,1.0242304591234763e-05,0.0,7.404900334556927,12.0,0.0,-0.2815002045136275,-0.2815002045136275,ningbo
bus_BV10194212,1.9084436059398536e-05,1.909252718228909e-05,-8.091122890554938e-09,1.0242304591234763e-05,0.0,7.216894470760022,468.0,0.0,-0.3162853146497779,-0.3162853146497779,ningbo
bus_BV10467660,1.9084436059398536e-05,1.908215733767079e-05,2.2787217277463136e-09,1.0242304591234763e-05,0.0,7.037076712504593,6.5,0.0,-0.33286742387118257,-0.33286742387118257,ningbo
bus_BV10196256,1.9084436059398536e-05,1.9080922136522642e-05,3.5139228758942673e-09,1.0242304591234763e-05,0.0,6.964775446756519,283.0,0.0,-0.3422188110837593,-0.3422188110837593,ningbo
bus_BV11318103,1.9084436059398536e-05,1.9084436059398536e-05,0.0,1.0242304591234763e-05,0.0,6.983099828184803,54.5,0.0,-0.34277660855053815,-0.34277660855053815,ningbo
bus_BV10192539,1.9084436059398536e-05,1.90757326516425e-05,8.703407756036822e-09,1.0242304591234763e-05,0.0,6.888802034567041,283.0,0.0,-0.34848552146675194,-0.34848552146675194,ningbo
bus_BV10983814,1.9084436059398536e-05,1.9027918923332778e-05,5.651713606575826e-08,1.0242304591234763e-05,0.0,6.580395267067066,27.0,0.0,-0.34945847449164363,-0.34945847449164363,ningbo
bus_BV10502528,1.9084436059398536e-05,1.904490117595878e-05,3.953488343975644e-08,0.0001714806148137571,0.002617801047120419,6.5283369171722745,468.0,0.0,-0.3534158197814037,-0.3534158197814037,ningbo
bus_BV10193156,1.9084436059398536e-05,1.9046113254394344e-05,3.83228050041917e-08,1.0242304591234763e-05,0.0,6.646689492972038,12.0,0.0,-0.35649055108220845,-0.35649055108220845,ningbo
bus_BV09261901,1.9084436059398536e-05,1.9083570655357797e-05,8.654040407394636e-10,1.0242304591234763e-05,0.0,6.819223811400503,27.0,0.0,-0.36574148992079075,-0.36574148992079075,ningbo
bus_BV11492390,1.9084436059398536e-05,1.9084436059398536e-05,0.0,-7.037685051991538e-05,0.0,6.829069136243299,54.5,0.0,-0.36604479262231243,-0.36604479262231243,ningbo
bus_BV10196067,1.9084436059398536e-05,1.9076460806198343e-05,7.97525320019336e-09,1.0242304591234763e-05,0.0,6.444951035202741,162.5,0.0,-0.41349493480388694,-0.41349493480388694,ningbo
bus_BV10392342,1.9084436059398536e-05,1.9079122557290225e-05,5.313502108310775e-09,1.0242304591234763e-05,0.0,6.448155256865694,283.0,0.0,-0.4154651553435194,-0.4154651553435194,ningbo
bus_BV10196602,1.9084436059398536e-05,1.9084369587977632e-05,6.647142090362513e-11,1.0242304591234763e-05,0.0,6.342660106058525,54.5,0.0,-0.43555787911245586,-0.43555787911245586,ningbo
bus_BV11067683,1.9084436059398536e-05,1.9084436059398536e-05,0.0,1.0242304591234763e-05,0.0,6.293899836005769,162.5,0.0,-0.4426872690192686,-0.4426872690192686,ningbo
bus_BV10192388,1.9084436059398536e-05,1.907852594308021e-05,5.910116318325227e-09,1.0242304591234763e-05,0.0,6.232985258202073,27.0,0.0,-0.446111791240326,-0.446111791240326,ningbo
bus_BV10429026,2.261683562786843e-05,2.2601406409481497e-05,1.5429218386932904e-08,0.0003128020295519729,0.002044989775051125,17.99970905194288,5.5,0.0,1.9024787111449433,1.9024787111449433,Tianjin
bus_BV10044453,2.261683562786843e-05,2.2597550220268873e-05,1.9285407599556255e-08,0.0009368269905504212,0.002044989775051125,7.565271447714702,111.0,0.0,1.7166018266737033,1.7166018266737033,Tianjin
bus_BV10898672,2.261683562786843e-05,2.226927118622505e-05,3.475644416433799e-07,0.00010479370921923081,0.0,10.811596385847043,8.0,0.0,1.4148987701635134,1.4148987701635134,Tianjin
bus_BV10746891,2.261683562786843e-05,2.2593515321924088e-05,2.332030594434149e-08,7.895490528042615e-07,0.0,13.884016011083313,20.5,0.06666666666666667,1.0807565737929983,1.0807565737929983,Tianjin
bus_BV11338620,2.261683562786843e-05,2.2605399690997995e-05,1.1435936870434274e-08,0.0008328228303839946,0.0,8.278764356723485,74.0,0.0,0.6128745613222875,0.6128745613222875,Tianjin
bus_BV11031764,2.261683562786843e-05,2.2613251297950753e-05,3.584329917676835e-09,7.895490528042615e-07,0.0,7.454828454762796,45.5,0.07692307692307693,0.5977793133716114,0.5977793133716114,Tianjin
bus_BV11237355,2.261683562786843e-05,2.261141092148182e-05,5.424706386610007e-09,0.00020879786938565736,0.0,7.30935203102758,8.0,0.05555555555555555,0.5451217144370374,0.5451217144370374,Tianjin
bus_BV10584910,2.261683562786843e-05,2.2591334427084615e-05,2.550120078381477e-08,0.00041680618971839944,0.0,10.469972738374164,74.0,0.0,0.4101630861328607,0.4101630861328607,Tianjin
bus_BV10040250,2.261683562786843e-05,2.2539473024793406e-05,7.736260307502369e-08,0.0003128020295519729,0.0,7.857539087673033,74.0,0.0,0.29431309704853187,0.29431309704853187,Tianjin
bus_BV10945271,2.261683562786843e-05,2.259898008188943e-05,1.785554597899842e-08,7.895490528042615e-07,0.0,14.651414882615713,8.0,0.0,0.2839532740140469,0.2839532740140469,Tianjin
bus_BV09010133,2.261683562786843e-05,2.261693122521288e-05,-9.55973444495713e-11,7.895490528042615e-07,0.0,15.192456330423758,2.0,0.0,0.25584243747346586,0.25584243747346586,Tianjin
bus_BV10430423,2.261683562786843e-05,2.2613847547959094e-05,2.9880799093358953e-09,7.895490528042615e-07,0.0,12.954903076393164,1.0,0.0,0.08327437068431386,0.08327437068431386,Tianjin
bus_BV09088597,2.261683562786843e-05,2.26107397694936e-05,6.0958583748297e-09,0.00010479370921923081,0.0,11.11966691545768,74.0,0.0,0.05434637057104999,0.05434637057104999,Tianjin
bus_BV10041389,2.261683562786843e-05,2.2592730310685915e-05,2.4105317182514452e-08,7.895490528042615e-07,0.0,11.315076247801088,3.5,0.0,0.03334772013965194,0.03334772013965194,Tianjin
bus_BV11430091,2.261683562786843e-05,2.2611767400515506e-05,5.068227352923271e-09,7.895490528042615e-07,0.0,12.040104363180491,20.5,0.0,0.016047901071287285,0.016047901071287285,Tianjin
bus_BV10550058,2.261683562786843e-05,2.261683562786843e-05,0.0,7.895490528042615e-07,0.0,11.894293100621692,238.5,0.0,-0.01658539030860804,-0.01658539030860804,Tianjin
bus_BV11472851,2.261683562786843e-05,2.2613287063825227e-05,3.548564043202526e-09,0.00010479370921923081,0.0,9.630205890257521,45.5,0.0,-0.07919771582786861,-0.07919771582786861,Tianjin
bus_BV10040170,2.261683562786843e-05,2.258769642384492e-05,2.913920402351086e-08,7.895490528042615e-07,0.0,9.510219764729477,74.0,0.0,-0.09551276357874636,-0.09551276357874636,Tianjin
bus_BV10043519,2.261683562786843e-05,2.261683562786843e-05,0.0,0.00010479370921923081,0.0,9.017931802227237,238.5,0.0,-0.14424727547323749,-0.14424727547323749,Tianjin
bus_BV10691119,2.261683562786843e-05,2.261683562786843e-05,0.0,7.895490528042615e-07,0.0,10.350787317854707,13.5,0.0,-0.14426035068787077,-0.14426035068787077,Tianjin
bus_BV10040922,2.261683562786843e-05,2.2611582578898596e-05,5.253048969833788e-09,7.895490528042615e-07,0.0,10.038038941230324,20.5,0.0,-0.14880777378456683,-0.14880777378456683,Tianjin
bus_BV10040506,2.261683562786843e-05,2.2604169669023862e-05,1.2665958844567521e-08,7.895490528042615e-07,0.0,9.642426225526947,45.5,0.0,-0.1514425634289074,-0.1514425634289074,Tianjin
bus_BV10770627,2.261683562786843e-05,2.2647925620445304e-05,-3.108999257687403e-08,7.895490528042615e-07,0.0,11.460093189923663,3.5,0.0,-0.17869690441715574,-0.17869690441715574,Tianjin
bus_BV10945281,2.261683562786843e-05,2.2605256029452875e-05,1.1579598415554284e-08,7.895490528042615e-07,0.0,9.264020870528993,45.5,0.0,-0.18715289578999555,-0.18715289578999555,Tianjin
bus_BV10945279,2.261683562786843e-05,2.259998592653044e-05,1.684970133798835e-08,7.895490528042615e-07,0.0,8.735344541527525,74.0,0.0,-0.20949211949109586,-0.20949211949109586,Tianjin
bus_BV11044244,2.261683562786843e-05,2.2612743362698812e-05,4.0922651696173845e-09,0.00010479370921923081,0.0,7.754691019222481,45.5,0.0,-0.23212873687971974,-0.23212873687971974,Tianjin
bus_BV11296533,2.261683562786843e-05,2.259771789034442e-05,1.9117737524009123e-08,7.895490528042615e-07,0.0,8.258389180042563,20.5,0.0,-0.23973862751373143,-0.23973862751373143,Tianjin
bus_BV10416839,2.261683562786843e-05,2.260630669742381e-05,1.0528930444621e-08,7.895490528042615e-07,0.0,8.668143990245804,13.5,0.0,-0.24070705479685034,-0.24070705479685034,Tianjin
bus_BV10842311,2.261683562786843e-05,2.2616739401451275e-05,9.622641715427904e-11,7.895490528042615e-07,0.0,9.111091408765068,74.0,0.0,-0.2464143267060525,-0.2464143267060525,Tianjin
bus_BV11150272,2.261683562786843e-05,2.2614977370346443e-05,1.8582575219861929e-09,7.895490528042615e-07,0.0,8.948089848664138,74.0,0.0,-0.25274525267166326,-0.25274525267166326,Tianjin
bus_BV10041575,2.261683562786843e-05,2.2582590997963602e-05,3.4244629904827306e-08,7.895490528042615e-07,0.0,7.322798617649322,74.0,0.0,-0.25572766509623296,-0.25572766509623296,Tianjin
bus_BV10744717,2.261683562786843e-05,2.2613481890693356e-05,3.3537371750732832e-09,7.895490528042615e-07,0.0,8.768967876644513,238.5,0.0,-0.2614915624922148,-0.2614915624922148,Tianjin
bus_BV11430043,2.261683562786843e-05,2.2604132512059393e-05,1.2703115809037033e-08,7.895490528042615e-07,0.0,8.181329539991475,74.0,0.0,-0.27215002652854203,-0.27215002652854203,Tianjin
bus_BV10785222,2.261683562786843e-05,2.261413448536565e-05,2.701142502778539e-09,7.895490528042615e-07,0.0,8.585272900527814,20.5,0.0,-0.279335263159118,-0.279335263159118,Tianjin
bus_BV11372100,2.261683562786843e-05,2.2612114272300294e-05,4.721355568135276e-09,0.00010479370921923081,0.0,7.147460264708179,45.5,0.0,-0.2798038508192007,-0.2798038508192007,Tianjin
bus_BV11028566,2.261683562786843e-05,2.2610023532446024e-05,6.8120954224060355e-09,7.895490528042615e-07,0.0,8.21937189935315,74.0,0.0,-0.2929151547165514,-0.2929151547165514,Tianjin
bus_BV10042434,2.261683562786843e-05,2.2604707986126067e-05,1.2127641742362607e-08,7.895490528042615e-07,0.0,7.917458939828623,10.5,0.0,-0.2963126197013776,-0.2963126197013776,Tianjin
bus_BV09032623,2.261683562786843e-05,2.2606333886089444e-05,1.0501741778985295e-08,7.895490528042615e-07,0.0,7.987056350394902,156.5,0.0,-0.29715529074974695,-0.29715529074974695,Tianjin
bus_BV10403986,2.261683562786843e-05,2.258882074783793e-05,2.801488003050014e-08,7.895490528042615e-07,0.0,6.855225517984041,373.5,0.0,-0.3196909639522239,-0.3196909639522239,Tianjin
bus_BV10430616,2.261683562786843e-05,2.2608673652820417e-05,8.161975048012374e-09,7.895490528042615e-07,0.0,7.737929763308428,20.5,0.0,-0.3272596333644587,-0.3272596333644587,Tianjin
bus_BV10416883,2.261683562786843e-05,2.260415737619776e-05,1.2678251670670404e-08,7.895490528042615e-07,0.0,7.227017309314568,111.0,0.0,-0.351189285900636,-0.351189285900636,Tianjin
bus_BV10950062,2.261683562786843e-05,2.260861239265011e-05,8.223235218319234e-09,7.895490528042615e-07,0.0,7.31979325794005,373.5,0.0,-0.36159818779271735,-0.36159818779271735,Tianjin
bus_BV10547637,2.261683562786843e-05,2.2606355482022067e-05,1.0480145846362542e-08,7.895490528042615e-07,0.0,7.193121997892551,74.0,0.0,-0.362915225039932,-0.362915225039932,Tianjin
bus_BV10043859,2.261683562786843e-05,2.2614706808287348e-05,2.1288195810815265e-09,7.895490528042615e-07,0.0,7.510159715725191,238.5,0.0,-0.3705890351265444,-0.3705890351265444,Tianjin
bus_BV10833053,2.261683562786843e-05,2.2616606016597637e-05,2.2961127079258303e-10,7.895490528042615e-07,0.0,7.499084901620024,13.5,0.0,-0.3792140819902594,-0.3792140819902594,Tianjin
bus_BV10043356,2.261683562786843e-05,2.260801293216662e-05,8.822695701809656e-09,7.895490528042615e-07,0.0,7.057262017720552,45.5,0.0,-0.3808808840763706,-0.3808808840763706,Tianjin
bus_BV10551320,2.261683562786843e-05,2.2611556268909635e-05,5.279358958794344e-09,7.895490528042615e-07,0.0,7.023733897032117,30.0,0.0,-0.3980367985420257,-0.3980367985420257,Tianjin
bus_BV10904605,2.261683562786843e-05,2.2616374688824704e-05,4.60939043725651e-10,7.895490528042615e-07,0.0,7.167082994412656,10.5,0.0,-0.4057374851393928,-0.4057374851393928,Tianjin
bus_BV10550080,2.261683562786843e-05,2.261217045363257e-05,4.665174235860789e-09,7.895490528042615e-07,0.0,6.951318965385245,30.0,0.0,-0.40651978304422454,-0.40651978304422454,Tianjin
bus_BV10043569,2.261683562786843e-05,2.261683562786843e-05,0.0,7.895490528042615e-07,0.0,6.822068712617668,5.5,0.0,-0.43614717945346165,-0.43614717945346165,Tianjin
bus_BV10880616,2.094175467837277e-05,2.0893309033472015e-05,4.844564490075624e-08,0.003558656542402061,0.004081632653061225,6.485613750856351,39.5,0.0,2.2990109206931675,2.2990109206931675,Shaoxing
bus_BV09165468,2.094175467837277e-05,2.0936789747519463e-05,4.9649308533073464e-09,1.409686015585443e-06,0.0,10.054937411042008,69.5,0.1,1.5214898082882706,1.5214898082882706,Shaoxing
bus_BV10200196,2.094175467837277e-05,2.0914397642134813e-05,2.735703623795818e-08,0.0011595830811181873,0.0020408163265306124,8.698877639880982,111.5,0.0,1.0585899427592598,1.0585899427592598,Shaoxing
bus_BV10626993,2.094175467837277e-05,2.076477780759268e-05,1.7697687078009142e-07,1.409686015585443e-06,0.0,9.226299571290305,354.0,0.0,0.9936859246202124,0.9936859246202124,Shaoxing
bus_BV10560174,2.094175467837277e-05,2.0850905787191378e-05,9.084889118139258e-08,0.002317756476220789,0.0,7.35307138237801,69.5,0.0,0.9787412306470212,0.9787412306470212,Shaoxing
bus_BV11207062,2.094175467837277e-05,2.0831837779397408e-05,1.099168989753632e-07,1.409686015585443e-06,0.0,7.883511259884072,39.5,0.0,0.4219899500930109,0.4219899500930109,Shaoxing
bus_BV10765395,2.094175467837277e-05,2.0923936749231104e-05,1.781792914166646e-08,1.409686015585443e-06,0.0,11.725303828556642,39.5,0.0,0.3895471488472216,0.3895471488472216,Shaoxing
bus_BV10378128,2.094175467837277e-05,2.0853957549530615e-05,8.779712884215572e-08,1.409686015585443e-06,0.0,8.394566005998325,199.5,0.0,0.3597040995501678,0.3597040995501678,Shaoxing
bus_BV10198828,2.094175467837277e-05,2.0941473821637533e-05,2.808567352379735e-10,1.409686015585443e-06,0.0,12.227629544197027,1.5,0.0,0.35302625171357344,0.35302625171357344,Shaoxing
bus_BV10198825,2.094175467837277e-05,2.0930985127002794e-05,1.0769551369976523e-08,1.409686015585443e-06,0.0,11.572573650827453,1.5,0.0,0.3279236631197132,0.3279236631197132,Shaoxing
bus_BV11262356,2.094175467837277e-05,2.0939119342555356e-05,2.635335817414476e-09,0.0013250364232756384,0.0,7.87243066832503,39.5,0.0,0.21258705510310022,0.21258705510310022,Shaoxing
bus_BV11392282,2.094175467837277e-05,2.0922483672557033e-05,1.9271005815737336e-08,1.409686015585443e-06,0.0,10.151100026835234,15.0,0.0,0.18968785670491384,0.18968785670491384,Shaoxing
bus_BV10959918,2.094175467837277e-05,2.087648208647366e-05,6.527259189910962e-08,1.409686015585443e-06,0.0,7.5491767114385135,199.5,0.0,0.11547260603736308,0.11547260603736308,Shaoxing
bus_BV11428658,2.094175467837277e-05,2.0940173392963967e-05,1.5812854088033998e-09,1.409686015585443e-06,0.0,10.139450857243977,7.5,0.0,0.08422955970002853,0.08422955970002853,Shaoxing
bus_BV10728372,2.094175467837277e-05,2.0916154927047778e-05,2.5599751324992845e-08,1.409686015585443e-06,0.0,9.01089547976503,199.5,0.0,0.07592350845066219,0.07592350845066219,Shaoxing
bus_BV10198907,2.094175467837277e-05,2.093157934577059e-05,1.0175332602181355e-08,1.409686015585443e-06,0.0,9.407704916409516,3.5,0.0,0.03784475771168756,0.03784475771168756,Shaoxing
bus_BV10656898,2.094175467837277e-05,2.0931800901535497e-05,9.953776837273373e-09,1.409686015585443e-06,0.0,9.22356795513169,111.5,0.0,0.01216695580338837,0.01216695580338837,Shaoxing
bus_BV10728385,2.094175467837277e-05,2.0922273142689846e-05,1.948153568292457e-08,1.409686015585443e-06,0.0,8.466568224278287,15.0,0.0,-0.03207599855984229,-0.03207599855984229,Shaoxing
bus_BV10881649,2.094175467837277e-05,2.093411335509515e-05,7.641323277620782e-09,1.409686015585443e-06,0.0,8.962688620047253,6.0,0.0,-0.03595283595352389,-0.03595283595352389,Shaoxing
bus_BV11252686,2.094175467837277e-05,2.0913035251253344e-05,2.8719427119427087e-08,1.409686015585443e-06,0.0,7.702235501865899,39.5,0.0,-0.07899249593064281,-0.07899249593064281,Shaoxing
bus_BV10198853,2.094175467837277e-05,2.0899936695386922e-05,4.181798298584849e-08,1.409686015585443e-06,0.0,6.954914090941881,199.5,0.0,-0.10097799772555362,-0.10097799772555362,Shaoxing
bus_BV10990410,2.094175467837277e-05,2.0940275538580484e-05,1.4791397922872334e-09,1.409686015585443e-06,0.0,8.694807526282828,111.5,0.0,-0.10761431176101706,-0.10761431176101706,Shaoxing
bus_BV11206594,2.094175467837277e-05,2.0939416004198216e-05,2.3386741745551342e-09,1.409686015585443e-06,0.0,8.567059696875562,5.0,0.0,-0.11947650863736921,-0.11947650863736921,Shaoxing
bus_BV10390681,2.094175467837277e-05,2.0911960143656737e-05,2.9794534716034207e-08,1.409686015585443e-06,0.0,6.861581196433102,39.5,0.0,-0.1839638526499669,-0.1839638526499669,Shaoxing
bus_BV10665403,2.094175467837277e-05,2.094175467837277e-05,0.0,1.409686015585443e-06,0.0,8.092341099474151,39.5,0.0,-0.19605865973505787,-0.19605865973505787,Shaoxing
bus_BV11063307,2.094175467837277e-05,2.091530617900974e-05,2.644849936303084e-08,1.409686015585443e-06,0.0,6.750219696416971,39.5,0.0,-0.2183619257426367,-0.2183619257426367,Shaoxing
bus_BV10912998,2.094175467837277e-05,2.094175467837277e-05,0.0,8.413635709436651e-05,0.0,7.680261680753276,39.5,0.0,-0.22421798885705058,-0.22421798885705058,Shaoxing
bus_BV10884626,2.094175467837277e-05,2.0937867938447445e-05,3.8867399253262604e-09,1.409686015585443e-06,0.0,7.595852704354588,111.5,0.0,-0.2389522692671281,-0.2389522692671281,Shaoxing
bus_BV10198833,2.094175467837277e-05,2.0910283082698245e-05,3.1471595674526236e-08,1.409686015585443e-06,0.0,6.37020031298681,354.0,0.0,-0.23916181989808144,-0.23916181989808144,Shaoxing
bus_BV10945299,2.094175467837277e-05,2.094175467837277e-05,0.0,0.0002495896992518176,0.0,7.138048227778527,632.5,0.0,-0.24321233750724047,-0.24321233750724047,Shaoxing
bus_BV11063352,2.094175467837277e-05,2.0935634891700176e-05,6.119786672595216e-09,1.409686015585443e-06,0.0,7.320199600349237,15.0,0.0,-0.26232583005957016,-0.26232583005957016,Shaoxing
bus_BV10198696,2.094175467837277e-05,2.0960505072929063e-05,-1.8750394556292255e-08,1.409686015585443e-06,0.0,8.195117742040335,3.5,0.0,-0.292599918146686,-0.292599918146686,Shaoxing
bus_BV11063342,2.094175467837277e-05,2.0938086171739403e-05,3.6685066333675754e-09,8.413635709436651e-05,0.0,6.9963919789796725,39.5,0.0,-0.2931993736331153,-0.2931993736331153,Shaoxing
bus_BV11207061,2.094175467837277e-05,2.094175467837277e-05,0.0,1.409686015585443e-06,0.0,7.354580999370343,15.0,0.0,-0.29372433507252016,-0.29372433507252016,Shaoxing
bus_BV11069769,2.094175467837277e-05,2.094028376553521e-05,1.4709128375591473e-09,1.409686015585443e-06,0.0,7.283451611583398,7.5,0.0,-0.29449983620227627,-0.29449983620227627,Shaoxing
bus_BV10198801,2.094175467837277e-05,2.0934554377446787e-05,7.200300925983553e-09,1.409686015585443e-06,0.0,6.930027632174439,39.5,0.0,-0.3076299677003679,-0.3076299677003679,Shaoxing
bus_BV10714032,2.094175467837277e-05,2.094175467837277e-05,0.0,1.409686015585443e-06,0.0,7.1640567523827245,111.5,0.0,-0.3189461914016833,-0.3189461914016833,Shaoxing
bus_BV10521299,2.094175467837277e-05,2.093578274296095e-05,5.971935411819767e-09,1.409686015585443e-06,0.0,6.634828833515592,15.0,0.0,-0.35392466961811064,-0.35392466961811064,Shaoxing
bus_BV10666216,2.094175467837277e-05,2.0941417600651187e-05,3.370777215835029e-10,1.409686015585443e-06,0.0,6.740664676204176,15.0,0.0,-0.37301528138879964,-0.37301528138879964,Shaoxing
bus_BV10544966,2.094175467837277e-05,2.0930408229504716e-05,1.1346448868054755e-08,1.409686015585443e-06,0.0,6.217210675773384,111.5,0.0,-0.3776375818050639,-0.3776375818050639,Shaoxing
bus_BV10460782,2.094175467837277e-05,2.0934935080725148e-05,6.819597647623099e-09,1.409686015585443e-06,0.0,6.397309522418897,39.5,0.0,-0.3803883045478844,-0.3803883045478844,Shaoxing
bus_BV10578995,2.094175467837277e-05,2.0936066684134842e-05,5.687994237929089e-09,1.409686015585443e-06,0.0,6.232313623563761,39.5,0.0,-0.40887815378531767,-0.40887815378531767,Shaoxing
bus_BV11195788,2.094175467837277e-05,2.094175467837277e-05,0.0,1.409686015585443e-06,0.0,6.4093019252659404,15.0,0.0,-0.41886165158202965,-0.41886165158202965,Shaoxing
bus_BV11207048,2.094175467837277e-05,2.093825062711372e-05,3.50405125905108e-09,1.409686015585443e-06,0.0,6.23456267744696,111.5,0.0,-0.4214097349835512,-0.4214097349835512,Shaoxing
bus_BV09007284,2.094175467837277e-05,2.0939272966733253e-05,2.4817116395181528e-09,1.409686015585443e-06,0.0,6.275210224825728,111.5,0.0,-0.4220343707649235,-0.4220343707649235,Shaoxing
bus_BV11341461,2.094175467837277e-05,2.0941511414689282e-05,2.432636834890289e-10,1.409686015585443e-06,0.0,6.355285627269471,39.5,0.0,-0.4245833781820774,-0.4245833781820774,Shaoxing
bus_BV11207160,2.094175467837277e-05,2.0939105131183267e-05,2.6495471895041783e-09,1.409686015585443e-06,0.0,6.234183657688849,111.5,0.0,-0.4264795929283085,-0.4264795929283085,Shaoxing
bus_BV10200007,2.094175467837277e-05,2.094128745155477e-05,4.672268180023218e-10,1.409686015585443e-06,0.0,6.279658882341557,39.5,0.0,-0.43327930362781397,-0.43327930362781397,Shaoxing
bus_BV10831501,2.094175467837277e-05,2.094175467837277e-05,0.0,1.409686015585443e-06,0.0,6.2566419328890825,111.5,0.0,-0.43907098690715735,-0.43907098690715735,Shaoxing
bus_BV10688824,2.094175467837277e-05,2.0959094962703496e-05,-1.7340284330725543e-08,1.409686015585443e-06,0.0,6.791616512368143,111.5,0.0,-0.4701137752803919,-0.4701137752803919,Shaoxing
bus_BV10525622,3.3646285932122966e-05,3.3646285932122966e-05,0.0,0.0002846026976520699,0.0,20.20842500845039,11.0,0.0,1.69042312614443,1.69042312614443,Guangzhou
bus_BV10014913,3.3646285932122966e-05,3.360735477328174e-05,3.893115884122432e-08,0.0006637136823928191,0.0,7.427024651954502,96.5,0.0,1.4128603705824532,1.4128603705824532,Guangzhou
bus_BV11375043,3.3646285932122966e-05,3.347673539394356e-05,1.6955053817940748e-07,9.504720528163979e-05,0.0,7.254651935931724,96.5,0.0,1.379574832354247,1.379574832354247,Guangzhou
bus_BV11688440,3.3646285932122966e-05,3.362978908701157e-05,1.6496845111393368e-08,9.504720528163979e-05,0.0,7.622516409752099,141.5,0.09090909090909091,0.9635386493749769,0.9635386493749769,Guangzhou
bus_BV11111615,3.3646285932122966e-05,3.363290330495046e-05,1.3382627172507926e-08,9.504720528163979e-05,0.0,10.206303960406645,20.0,0.058823529411764705,0.8885480282745228,0.8885480282745228,Guangzhou
bus_BV10013862,3.3646285932122966e-05,3.363273896844786e-05,1.3546963675104906e-08,2.6945909648024013e-07,0.0,7.71417908656435,96.5,0.08333333333333333,0.6612088616741953,0.6612088616741953,Guangzhou
bus_BV11689355,3.3646285932122966e-05,3.363454668001837e-05,1.1739252104596616e-08,0.00018982495146679934,0.0,11.741491489079275,6.0,0.0,0.6282142581934067,0.6282142581934067,Guangzhou
bus_BV09005187,3.3646285932122966e-05,3.363779307193466e-05,8.49286018830722e-09,2.6945909648024013e-07,0.0,9.160724304008546,4.0,0.045454545454545456,0.37677058612150705,0.37677058612150705,Guangzhou
bus_BV11689033,3.3646285932122966e-05,3.364304080429289e-05,3.245127830075491e-09,0.0002846026976520699,0.0,8.385288395800561,268.0,0.0,0.3708597970398806,0.3708597970398806,Guangzhou
bus_BV09360551,3.3646285932122966e-05,3.3646285932122966e-05,0.0,2.6945909648024013e-07,0.0,9.526864613554444,4.0,0.047619047619047616,0.3625474456188247,0.3625474456188247,Guangzhou
bus_BV11687972,3.3646285932122966e-05,3.363195532846737e-05,1.4330603655593509e-08,2.6945909648024013e-07,0.0,6.568253460180897,46.0,0.06666666666666667,0.36055622413643096,0.36055622413643096,Guangzhou
bus_BV11688358,3.3646285932122966e-05,3.363053665096879e-05,1.5749281154176994e-08,9.504720528163979e-05,0.0,10.064747344118283,11.0,0.0,0.26927053641992515,0.26927053641992515,Guangzhou
bus_BV10014194,3.3646285932122966e-05,3.364573116672798e-05,5.547653949856133e-10,2.6945909648024013e-07,0.0,6.522356848895973,46.0,0.06666666666666667,0.22713316730521504,0.22713316730521504,Guangzhou
bus_BV09003001,3.3646285932122966e-05,3.3646285932122966e-05,0.0,0.00018982495146679934,0.0,8.650202179805103,15.5,0.0,0.1660718171080911,0.1660718171080911,Guangzhou
bus_BV11688340,3.3646285932122966e-05,3.357680673954169e-05,6.94791925812745e-08,2.6945909648024013e-07,0.0,6.482727343878319,96.5,0.0,0.15545637463105688,0.15545637463105688,Guangzhou
bus_BV10018425,3.3646285932122966e-05,3.363747067620258e-05,8.815255920386624e-09,0.00018982495146679934,0.0,7.006776645386994,1162.5,0.0,0.06047966865259098,0.06047966865259098,Guangzhou
bus_BV11689291,3.3646285932122966e-05,3.3610981535256046e-05,3.5304396866920186e-08,2.6945909648024013e-07,0.0,8.416585867212037,29.5,0.0,0.058236022910657895,0.058236022910657895,Guangzhou
bus_BV11687930,3.3646285932122966e-05,3.364403069837674e-05,2.255233746224685e-09,2.6945909648024013e-07,0.0,11.098511902549618,4.0,0.0,0.05689088933938065,0.05689088933938065,Guangzhou
bus_BV10405865,3.3646285932122966e-05,3.3644976266818436e-05,1.3096653045296318e-09,0.00018982495146679934,0.0,6.72906536334655,29.5,0.0,-0.04106364058591371,-0.04106364058591371,Guangzhou
bus_BV11358289,3.3646285932122966e-05,3.3640239333709924e-05,6.046598413041507e-09,2.6945909648024013e-07,0.0,9.613236850114085,141.5,0.0,-0.07739342139285663,-0.07739342139285663,Guangzhou
bus_BV10014059,3.3646285932122966e-05,3.364599105174621e-05,2.948803767558925e-10,2.6945909648024013e-07,0.0,10.034720015347888,1.5,0.0,-0.08279524766055198,-0.08279524766055198,Guangzhou
bus_BV11688391,3.3646285932122966e-05,3.364572820280647e-05,5.577293164929281e-10,2.6945909648024013e-07,0.0,9.96563574985304,1.5,0.0,-0.08823628713442136,-0.08823628713442136,Guangzhou
bus_BV09005210,3.3646285932122966e-05,3.3603333651653774e-05,4.2952280469191835e-08,2.6945909648024013e-07,0.0,6.412710890222315,96.5,0.0,-0.09936827424794548,-0.09936827424794548,Guangzhou
bus_BV11431045,3.3646285932122966e-05,3.361199281724419e-05,3.4293114878777245e-08,2.6945909648024013e-07,0.0,6.964856078692179,541.5,0.0,-0.11690702737617255,-0.11690702737617255,Guangzhou
bus_BV11687875,3.3646285932122966e-05,3.364039267225958e-05,5.893259863386214e-09,2.6945909648024013e-07,0.0,9.014656782334193,7.5,0.0,-0.14715563610702057,-0.14715563610702057,Guangzhou
bus_BV11091393,3.3646285932122966e-05,3.3644028982431396e-05,2.256949691569756e-09,2.6945909648024013e-07,0.0,9.02043673422651,7.5,0.0,-0.1803314396102306,-0.1803314396102306,Guangzhou
bus_BV09000545,3.3646285932122966e-05,3.364390459426507e-05,2.3813378578950114e-09,2.6945909648024013e-07,0.0,8.758497412925653,29.5,0.0,-0.2090776675884145,-0.2090776675884145,Guangzhou
bus_BV10016229,3.3646285932122966e-05,3.364339157638826e-05,2.894355734704907e-09,2.6945909648024013e-07,0.0,8.609917416683764,11.0,0.0,-0.22126633233176957,-0.22126633233176957,Guangzhou
bus_BV10014367,3.3646285932122966e-05,3.36355878255685e-05,1.0698106554465512e-08,2.6945909648024013e-07,0.0,7.69579900354411,29.5,0.0,-0.2530109396411374,-0.2530109396411374,Guangzhou
bus_BV11688474,3.3646285932122966e-05,3.363913259322643e-05,7.153338896534022e-09,2.6945909648024013e-07,0.0,7.4073412213955745,15.5,0.0,-0.31892586618820085,-0.31892586618820085,Guangzhou
bus_BV10018366,3.3646285932122966e-05,3.3646285932122966e-05,0.0,2.6945909648024013e-07,0.0,7.836607461821266,141.5,0.0,-0.3364811586177729,-0.3364811586177729,Guangzhou
bus_BV11386251,3.3646285932122966e-05,3.3642534393068744e-05,3.751539054221479e-09,2.6945909648024013e-07,0.0,7.480494182468162,96.5,0.0,-0.3422280921044634,-0.3422280921044634,Guangzhou
bus_BV11687903,3.3646285932122966e-05,3.3644045193654386e-05,2.2407384685793966e-09,2.6945909648024013e-07,0.0,7.450996240680928,65.5,0.0,-0.3596535641488542,-0.3596535641488542,Guangzhou
bus_BV11688483,3.3646285932122966e-05,3.364620822670909e-05,7.770541387398062e-11,2.6945909648024013e-07,0.0,7.626598434736927,11.0,0.0,-0.35973327373117586,-0.35973327373117586,Guangzhou
bus_BV11688456,3.3646285932122966e-05,3.3632550187539075e-05,1.3735744583890763e-08,2.6945909648024013e-07,0.0,6.4313345933331,46.0,0.0,-0.3691003343383161,-0.3691003343383161,Guangzhou
bus_BV11688545,3.3646285932122966e-05,3.363304207911559e-05,1.3243853007374989e-08,2.6945909648024013e-07,0.0,6.37553427605988,20.0,0.0,-0.3800476619923952,-0.3800476619923952,Guangzhou
bus_BV11009137,3.3646285932122966e-05,3.364119592571844e-05,5.0900064045282414e-09,2.6945909648024013e-07,0.0,7.0046099414887015,46.0,0.0,-0.3841018739227142,-0.3841018739227142,Guangzhou
bus_BV09239569,3.3646285932122966e-05,3.363419948141701e-05,1.2086450705954565e-08,2.6945909648024013e-07,0.0,6.372428335543322,46.0,0.0,-0.39117180594799855,-0.39117180594799855,Guangzhou
bus_BV11687857,3.3646285932122966e-05,3.3643077509433465e-05,3.2084226895005754e-09,2.6945909648024013e-07,0.0,6.951837106532441,189.0,0.0,-0.4076345821293615,-0.4076345821293615,Guangzhou
bus_BV09364556,3.3646285932122966e-05,3.364623793239253e-05,4.799973043817171e-11,2.6945909648024013e-07,0.0,7.194665670896757,15.5,0.0,-0.4093202157344139,-0.4093202157344139,Guangzhou
bus_BV11102072,3.3646285932122966e-05,3.3643751517077135e-05,2.53441504583082e-09,2.6945909648024013e-07,0.0,6.987589921236466,20.0,0.0,-0.40982455317052763,-0.40982455317052763,Guangzhou
bus_BV11171452,3.3646285932122966e-05,3.3645490022730076e-05,7.959093928898171e-10,2.6945909648024013e-07,0.0,7.113744147580823,11.0,0.0,-0.41159916420309217,-0.41159916420309217,Guangzhou
bus_BV10015271,3.3646285932122966e-05,3.364598208347922e-05,3.038486437486449e-10,2.6945909648024013e-07,0.0,7.101242760171056,46.0,0.0,-0.4176049510989508,-0.4176049510989508,Guangzhou
bus_BV10014668,3.3646285932122966e-05,3.3641720459176095e-05,4.5654729468710595e-09,2.6945909648024013e-07,0.0,6.717022318231781,20.0,0.0,-0.42181435511164966,-0.42181435511164966,Guangzhou
bus_BV11688125,3.3646285932122966e-05,3.364551910193107e-05,7.668301918946937e-10,2.6945909648024013e-07,0.0,7.01948471020945,20.0,0.0,-0.42263063930114636,-0.42263063930114636,Guangzhou
bus_BV10013753,3.3646285932122966e-05,3.364493778214607e-05,1.3481499768944845e-09,2.6945909648024013e-07,0.0,6.801759812868635,29.5,0.0,-0.44207751479032237,-0.44207751479032237,Guangzhou
bus_BV10014021,3.3646285932122966e-05,3.3646285932122966e-05,0.0,2.6945909648024013e-07,0.0,6.672559366884742,96.5,0.0,-0.4693718212806823,-0.4693718212806823,Guangzhou
bus_BV11688435,3.3646285932122966e-05,3.3646285932122966e-05,0.0,2.6945909648024013e-07,0.0,6.403986798300209,15.5,0.0,-0.5000327422233213,-0.5000327422233213,Guangzhou
bus_BV09276323,3.3646285932122966e-05,3.364593539810941e-05,3.505340135588316e-10,2.6945909648024013e-07,0.0,6.295712824745854,46.0,0.0,-0.50913187290755,-0.50913187290755,Guangzhou
bus_BV10014235,3.3646285932122966e-05,3.36780616894025e-05,-3.1775757279533894e-08,9.504720528163979e-05,0.0,7.116306079134447,268.0,0.0,-0.5095486992624519,-0.5095486992624519,Guangzhou
bus_BV11081933,2.5721569124324877e-05,2.5705153980942772e-05,1.6415143382104974e-08,7.466473195516521e-05,0.002008032128514056,7.512146612794365,9.5,0.0,1.3118545469112994,1.3118545469112994,Suzhou
bus_BV09083383,2.5721569124324877e-05,2.5716125531200773e-05,5.443593124103917e-09,0.0008928127423679655,0.0,7.01925012057806,22.0,0.0,0.9838463047808031,0.9838463047808031,Suzhou
bus_BV10133347,2.5721569124324877e-05,2.566948958987866e-05,5.207953444621736e-08,2.876400994056283e-07,0.0,6.970859680991173,97.0,0.125,0.688373970669582,0.688373970669582,Suzhou
bus_BV10898628,2.5721569124324877e-05,2.5721432747057416e-05,1.3637726746032757e-10,0.00014904182381081377,0.0,8.509395931904912,45.5,0.1,0.6324978422969261,0.6324978422969261,Suzhou
bus_BV09028593,2.5721569124324877e-05,2.5721569124324877e-05,0.0,2.876400994056283e-07,0.0,13.767289127702025,9.5,0.0,0.5954895574523389,0.5954895574523389,Suzhou
bus_BV10129860,2.5721569124324877e-05,2.5602052662857873e-05,1.1951646146700375e-07,2.876400994056283e-07,0.0,7.246429404073078,186.5,0.0,0.45416717171662346,0.45416717171662346,Suzhou
bus_BV10130683,2.5721569124324877e-05,2.562337335145159e-05,9.81957728732864e-08,2.876400994056283e-07,0.0,7.985116620053208,737.5,0.0,0.41547956021159527,0.41547956021159527,Suzhou
bus_BV10129925,2.5721569124324877e-05,2.5721417673275845e-05,1.5145104903196527e-10,2.876400994056283e-07,0.0,6.6443526774093655,186.5,0.125,0.27424242277140126,0.27424242277140126,Suzhou
bus_BV11097964,2.5721569124324877e-05,2.568474137917921e-05,3.682774514566803e-08,2.876400994056283e-07,0.0,9.760332671790467,45.5,0.0,0.2513030353611776,0.2513030353611776,Suzhou
bus_BV10964387,2.5721569124324877e-05,2.5721269271284964e-05,2.998530399130582e-10,2.876400994056283e-07,0.0,7.400209628287943,9.5,0.09090909090909091,0.18458253117131784,0.18458253117131784,Suzhou
bus_BV11317787,2.5721569124324877e-05,2.5720236523134125e-05,1.332601190752122e-09,0.00022341891566657335,0.0,8.56847760449218,45.5,0.0,0.1638582201891622,0.1638582201891622,Suzhou
bus_BV10324935,2.5721569124324877e-05,2.5714743549767047e-05,6.8255745578299596e-09,0.00014904182381081377,0.0,9.05732414920033,9.5,0.0,0.16223257045309813,0.16223257045309813,Suzhou
bus_BV11084136,2.5721569124324877e-05,2.5680480205642257e-05,4.1088918682619774e-08,2.876400994056283e-07,0.0,8.953925577837808,186.5,0.0,0.15989079157939687,0.15989079157939687,Suzhou
bus_BV10612414,2.5721569124324877e-05,2.5643507383482246e-05,7.806174084263077e-08,2.876400994056283e-07,0.0,6.914755260939059,737.5,0.0,0.11287325981173685,0.11287325981173685,Suzhou
bus_BV11470569,2.5721569124324877e-05,2.5721569124324877e-05,0.0,2.876400994056283e-07,0.0,6.9025922145082435,22.0,0.09090909090909091,0.10758414309893638,0.10758414309893638,Suzhou
bus_BV10426941,2.5721569124324877e-05,2.5717627333258523e-05,3.941791066353761e-09,2.876400994056283e-07,0.0,7.473467084252587,3.0,0.07142857142857142,0.10437276180622507,0.10437276180622507,Suzhou
bus_BV10884814,2.5721569124324877e-05,2.57056914235526e-05,1.5877700772276495e-08,2.876400994056283e-07,0.0,9.750663412042792,5.0,0.0,0.10259392921079552,0.10259392921079552,Suzhou
bus_BV10130695,2.5721569124324877e-05,2.565204633705733e-05,6.952278726754605e-08,2.876400994056283e-07,0.0,7.143991976642471,737.5,0.0,0.08735440149627147,0.08735440149627147,Suzhou
bus_BV11606004,2.5721569124324877e-05,2.5702272033014888e-05,1.929709130998918e-08,2.876400994056283e-07,0.0,9.464949943002217,22.0,0.0,0.08362866990870102,0.08362866990870102,Suzhou
bus_BV09362590,2.5721569124324877e-05,2.5721569124324877e-05,0.0,2.876400994056283e-07,0.0,10.075760949767348,97.0,0.0,0.039919336281421886,0.039919336281421886,Suzhou
bus_BV10615058,2.5721569124324877e-05,2.5652982419318664e-05,6.8586705006213e-08,2.876400994056283e-07,0.0,6.626971545076256,2743.5,0.0,0.0029639495879004436,0.0029639495879004436,Suzhou
bus_BV10134448,2.5721569124324877e-05,2.5719304145595105e-05,2.2649787297720093e-09,2.876400994056283e-07,0.0,9.675548496086916,3.0,0.0,-0.0043920142839523335,-0.0043920142839523335,Suzhou
bus_BV10133048,2.5721569124324877e-05,2.5718184731429345e-05,3.384392895531478e-09,2.876400994056283e-07,0.0,9.542406506149263,22.0,0.0,-0.01656156153228623,-0.01656156153228623,Suzhou
bus_BV10989510,2.5721569124324877e-05,2.5677900811979255e-05,4.3668312345621985e-08,2.876400994056283e-07,0.0,7.598659773160512,97.0,0.0,-0.025944891310439123,-0.025944891310439123,Suzhou
bus_BV11378823,2.5721569124324877e-05,2.5711735874515493e-05,9.833249809384142e-09,2.876400994056283e-07,0.0,9.090516758107114,22.0,0.0,-0.039242590582969014,-0.039242590582969014,Suzhou
bus_BV10129729,2.5721569124324877e-05,2.5719643526868104e-05,1.9255974567721856e-09,2.876400994056283e-07,0.0,9.418482638369358,3.0,0.0,-0.045465540437391816,-0.045465540437391816,Suzhou
bus_BV10768680,2.5721569124324877e-05,2.566316711601149e-05,5.840200831338591e-08,2.876400994056283e-07,0.0,6.740879594381852,186.5,0.0,-0.05147934076742655,-0.05147934076742655,Suzhou
bus_BV11380276,2.5721569124324877e-05,2.5720942114723868e-05,6.270096010084979e-10,2.876400994056283e-07,0.0,9.37012336688563,45.5,0.0,-0.06187107646664065,-0.06187107646664065,Suzhou
bus_BV10612808,2.5721569124324877e-05,2.5707146730284715e-05,1.442239404016201e-08,7.466473195516521e-05,0.0,7.857054991726181,45.5,0.0,-0.0788152740682949,-0.0788152740682949,Suzhou
bus_BV10398576,2.5721569124324877e-05,2.5720308140180782e-05,1.2609841440949375e-09,7.466473195516521e-05,0.0,8.44453931757684,22.0,0.0,-0.0829087001547402,-0.0829087001547402,Suzhou
bus_BV10135608,2.5721569124324877e-05,2.571617049589709e-05,5.398628427786878e-09,7.466473195516521e-05,0.0,8.02474134183365,1.0,0.0,-0.11700503489223396,-0.11700503489223396,Suzhou
bus_BV10618457,2.5721569124324877e-05,2.5718530462362275e-05,3.0386619626014536e-09,2.876400994056283e-07,0.0,8.864962120095868,22.0,0.0,-0.120946143611045,-0.120946143611045,Suzhou
bus_BV10398065,2.5721569124324877e-05,2.572156300167679e-05,6.122648086903703e-12,7.466473195516521e-05,0.0,7.965594584742793,9.5,0.0,-0.16380944747962772,-0.16380944747962772,Suzhou
bus_BV10130674,2.5721569124324877e-05,2.5692170583793927e-05,2.939854053094935e-08,2.876400994056283e-07,0.0,7.3137141029240125,362.0,0.0,-0.16912837065184733,-0.16912837065184733,Suzhou
bus_BV10550103,2.5721569124324877e-05,2.5688896919068386e-05,3.267220525649046e-08,2.876400994056283e-07,0.0,7.137395300858172,737.5,0.0,-0.1726541530575752,-0.1726541530575752,Suzhou
bus_BV10133098,2.5721569124324877e-05,2.571978083184479e-05,1.7882924800881263e-09,7.466473195516521e-05,0.0,7.530586547374809,45.5,0.0,-0.21675106075616318,-0.21675106075616318,Suzhou
bus_BV10134631,2.5721569124324877e-05,2.5710910063552942e-05,1.0659060771934896e-08,2.876400994056283e-07,0.0,7.8578593597563575,45.5,0.0,-0.2189514674999174,-0.2189514674999174,Suzhou
bus_BV10133317,2.5721569124324877e-05,2.5717911230102873e-05,3.6578942220035285e-09,7.466473195516521e-05,0.0,7.060965981103237,45.5,0.0,-0.27428727257212976,-0.27428727257212976,Suzhou
bus_BV10130050,2.5721569124324877e-05,2.5721489647626163e-05,7.947669871397403e-11,2.876400994056283e-07,0.0,7.924442639000276,9.5,0.0,-0.2832926632296018,-0.2832926632296018,Suzhou
bus_BV10129630,2.5721569124324877e-05,2.5719412756333e-05,2.156367991875969e-09,7.466473195516521e-05,0.0,6.718312003113897,97.0,0.0,-0.3364101970968748,-0.3364101970968748,Suzhou
bus_BV10401586,2.5721569124324877e-05,2.572156578283726e-05,3.3414876158470268e-12,2.876400994056283e-07,0.0,7.388331750833573,22.0,0.0,-0.3645117992038387,-0.3645117992038387,Suzhou
bus_BV11427468,2.5721569124324877e-05,2.5707227031577003e-05,1.4342092747874003e-08,2.876400994056283e-07,0.0,6.650215695060555,45.5,0.0,-0.3748129443265761,-0.3748129443265761,Suzhou
bus_BV10133262,2.5721569124324877e-05,2.5719626232260955e-05,1.9428920639214323e-09,2.876400994056283e-07,0.0,7.154953916955189,22.0,0.0,-0.38600212791782995,-0.38600212791782995,Suzhou
bus_BV10332634,2.5721569124324877e-05,2.5721569124324877e-05,0.0,2.876400994056283e-07,0.0,7.052078817334897,9.5,0.0,-0.41514091792633356,-0.41514091792633356,Suzhou
bus_BV11692902,2.5721569124324877e-05,2.572139382278106e-05,1.7530154381600362e-10,2.876400994056283e-07,0.0,6.929860084032683,97.0,0.0,-0.432302518018135,-0.432302518018135,Suzhou
bus_BV11157361,2.5721569124324877e-05,2.5719870863770334e-05,1.6982605545426866e-09,2.876400994056283e-07,0.0,6.762154772628455,362.0,0.0,-0.4468373601850736,-0.4468373601850736,Suzhou
bus_BV10131030,2.5721569124324877e-05,2.572104302105038e-05,5.261032744977197e-10,2.876400994056283e-07,0.0,6.798606551752272,22.0,0.0,-0.44959028609994944,-0.44959028609994944,Suzhou
bus_BV10130134,2.5721569124324877e-05,2.5721569124324877e-05,0.0,2.876400994056283e-07,0.0,6.663933885990063,45.5,0.0,-0.4735562285943037,-0.4735562285943037,Suzhou
bus_BV11605648,2.5721569124324877e-05,2.5721438220410653e-05,1.3090391422402952e-10,2.876400994056283e-07,0.0,6.624211322387324,45.5,0.0,-0.47861432426662276,-0.47861432426662276,Suzhou
bus_BV10129972,2.5721569124324877e-05,2.574789346524844e-05,-2.6324340923563916e-08,2.876400994056283e-07,0.0,6.934775857065137,9.5,0.0,-0.6178236697768893,-0.6178236697768893,Suzhou
bus_BV09064313,3.4794045404179595e-05,3.4363620315056506e-05,4.3042508912308913e-07,0.0006397957732640069,0.0022988505747126436,8.856711664388882,28.5,0.0625,3.0506160875732475,3.0506160875732475,Chengdu
bus_BV10063435,3.4794045404179595e-05,3.4751614542866166e-05,4.243086131342828e-08,0.00035719014941215654,0.0022988505747126436,15.471682659075011,1.5,0.045454545454545456,1.9959081710022115,1.9959081710022115,Chengdu
bus_BV10759178,3.4794045404179595e-05,3.4750245372722626e-05,4.3800031456968467e-08,0.00028653874344919394,0.0022988505747126436,11.41636500970196,8.0,0.05263157894736842,1.5665317576375737,1.5665317576375737,Chengdu
bus_BV10750208,3.4794045404179595e-05,3.4768663748177606e-05,2.5381656001988997e-08,0.00021588733748612032,0.0,13.90651593746413,13.5,0.058823529411764705,0.8225714302280575,0.8225714302280575,Chengdu
bus_BV10344996,3.4794045404179595e-05,3.477042538697837e-05,2.3620017201225545e-08,0.00035719014941215654,0.0,7.94142586808443,116.0,0.09090909090909091,0.7154249310367788,0.7154249310367788,Chengdu
bus_BV10065923,3.4794045404179595e-05,3.478064331392349e-05,1.3402090256104976e-08,0.00021588733748612032,0.0,14.722090244514906,5.5,0.0,0.48465810766952033,0.48465810766952033,Chengdu
bus_BV10062724,3.4794045404179595e-05,3.4794045404179595e-05,0.0,3.933119597232526e-06,0.0,18.24954383883025,28.5,0.0,0.4218734978328402,0.4218734978328402,Chengdu
bus_BV10061400,3.4794045404179595e-05,3.449341659511652e-05,3.0062880906307424e-07,3.933119597232526e-06,0.0,8.431307830750804,79.5,0.0,0.3776444293123349,0.3776444293123349,Chengdu
bus_BV11294785,3.4794045404179595e-05,3.476630387665287e-05,2.7741527526724198e-08,0.00014523593152315772,0.0,10.292675045413775,13.5,0.05555555555555555,0.36860203085286236,0.36860203085286236,Chengdu
bus_BV11339990,3.4794045404179595e-05,3.4763081632800284e-05,3.096377137931086e-08,3.933119597232526e-06,0.0,11.802069994502505,8.0,0.05263157894736842,0.26610140340664407,0.26610140340664407,Chengdu
bus_BV10061406,3.4794045404179595e-05,3.475773344863207e-05,3.6311955547525733e-08,3.933119597232526e-06,0.0,9.967349344049799,44.0,0.06666666666666667,0.2060527769764956,0.2060527769764956,Chengdu
bus_BV10464455,3.4794045404179595e-05,3.474236271580087e-05,5.1682688378725113e-08,3.933119597232526e-06,0.0,10.007890299484483,13.5,0.05555555555555555,0.18124904636236308,0.18124904636236308,Chengdu
bus_BV10061325,3.4794045404179595e-05,3.4793174909182614e-05,8.704949969808333e-10,3.933119597232526e-06,0.0,9.018274848837958,116.0,0.08333333333333333,0.12872053004495987,0.12872053004495987,Chengdu
bus_BV10062836,3.4794045404179595e-05,3.474640168302219e-05,4.764372115740738e-08,3.933119597232526e-06,0.0,9.049678438885138,13.5,0.05555555555555555,0.08372238031738014,0.08372238031738014,Chengdu
bus_BV11321606,3.4794045404179595e-05,3.478793115243752e-05,6.114251742072815e-09,7.458452556019513e-05,0.0,8.081442313766386,44.0,0.06666666666666667,0.06626459737686946,0.06626459737686946,Chengdu
bus_BV09015235,3.4794045404179595e-05,3.4773432671374044e-05,2.0612732805550655e-08,3.933119597232526e-06,0.0,13.389486075194943,13.5,0.0,0.04198435489257091,0.04198435489257091,Chengdu
bus_BV10062896,3.4794045404179595e-05,3.476031876108239e-05,3.3726643097205895e-08,3.933119597232526e-06,0.0,8.776560560939581,20.0,0.058823529411764705,0.04126873101463879,0.04126873101463879,Chengdu
bus_BV11320706,3.4794045404179595e-05,3.478969325893588e-05,4.352145243712404e-09,3.933119597232526e-06,0.0,7.80659917711338,116.0,0.08333333333333333,0.029381027025112527,0.029381027025112527,Chengdu
bus_BV10060985,3.4794045404179595e-05,3.479153726592238e-05,2.5081382572177103e-09,3.933119597232526e-06,0.0,9.131897898534582,28.5,0.0625,0.009691893177668998,0.009691893177668998,Chengdu
bus_BV11491670,3.4794045404179595e-05,3.4791053196533705e-05,2.9922076458897416e-09,3.933119597232526e-06,0.0,7.6870617204921405,60.5,0.07142857142857142,-0.06164968953948469,-0.06164968953948469,Chengdu
bus_BV10415862,3.4794045404179595e-05,3.4784609365808685e-05,9.43603837090973e-09,3.933119597232526e-06,0.0,7.697229068351069,28.5,0.06666666666666667,-0.07332966203913305,-0.07332966203913305,Chengdu
bus_BV10537296,3.4794045404179595e-05,3.4792323127892866e-05,1.7222762867285298e-09,3.933119597232526e-06,0.0,12.549905793108277,44.0,0.0,-0.08633699564728681,-0.08633699564728681,Chengdu
bus_BV10060961,3.4794045404179595e-05,3.479393065740125e-05,1.1474677834294586e-10,0.00021588733748612032,0.0,8.353868584441877,20.0,0.0,-0.12564526731116432,-0.12564526731116432,Chengdu
bus_BV10061163,3.4794045404179595e-05,3.4780236003135575e-05,1.380940104401976e-08,3.933119597232526e-06,0.0,11.09404771348907,8.0,0.0,-0.18362447256810976,-0.18362447256810976,Chengdu
bus_BV10061835,3.4794045404179595e-05,3.4792168052260965e-05,1.8773519186297176e-09,3.933119597232526e-06,0.0,10.863379738850563,3.5,0.0,-0.23770683034462226,-0.23770683034462226,Chengdu
bus_BV10062123,3.4794045404179595e-05,3.478309887202592e-05,1.0946532153676336e-08,7.458452556019513e-05,0.0,8.806548140662215,60.5,0.0,-0.2832274567344035,-0.2832274567344035,Chengdu
bus_BV09066830,3.4794045404179595e-05,3.4765152025532384e-05,2.8893378647210425e-08,3.933119597232526e-06,0.0,9.412080331398673,60.5,0.0,-0.29289519130825326,-0.29289519130825326,Chengdu
bus_BV10061133,3.4794045404179595e-05,3.478800589276717e-05,6.039511412424888e-09,3.933119597232526e-06,0.0,10.076378152753733,3.5,0.0,-0.2969214388910214,-0.2969214388910214,Chengdu
bus_BV10062819,3.4794045404179595e-05,3.478902687034441e-05,5.018533835183115e-09,3.933119597232526e-06,0.0,9.91190999667828,13.5,0.0,-0.31457615664977057,-0.31457615664977057,Chengdu
bus_BV11485881,3.4794045404179595e-05,3.478931644391445e-05,4.728960265145191e-09,3.933119597232526e-06,0.0,9.56190928473041,44.0,0.0,-0.3468880760280673,-0.3468880760280673,Chengdu
bus_BV10061294,3.4794045404179595e-05,3.478388161922051e-05,1.0163784959087195e-08,3.933119597232526e-06,0.0,9.36371280471881,13.5,0.0,-0.34955089729135447,-0.34955089729135447,Chengdu
bus_BV11321543,3.4794045404179595e-05,3.479294766232707e-05,1.0977418525234556e-09,7.458452556019513e-05,0.0,8.318388257655823,28.5,0.0,-0.354668981157641,-0.354668981157641,Chengdu
bus_BV09042752,3.4794045404179595e-05,3.47639347357786e-05,3.011066840099565e-08,3.933119597232526e-06,0.0,8.53215105551214,116.0,0.0,-0.36869766415853666,-0.36869766415853666,Chengdu
bus_BV11216303,3.4794045404179595e-05,3.47869208926318e-05,7.124511547795668e-09,3.933119597232526e-06,0.0,9.077360209456678,28.5,0.0,-0.38381240618461193,-0.38381240618461193,Chengdu
bus_BV10064278,3.4794045404179595e-05,3.4794045404179595e-05,0.0,7.458452556019513e-05,0.0,7.961770463917362,28.5,0.0,-0.3898332998367231,-0.3898332998367231,Chengdu
bus_BV10061326,3.4794045404179595e-05,3.478546067591336e-05,8.584728266237583e-09,3.933119597232526e-06,0.0,8.948496341362299,116.0,0.0,-0.3913337024277457,-0.3913337024277457,Chengdu
bus_BV10751496,3.4794045404179595e-05,3.4746125042073574e-05,4.792036210602053e-08,3.933119597232526e-06,0.0,7.646321594016017,173.5,0.0,-0.39869710374059353,-0.39869710374059353,Chengdu
bus_BV10537297,3.4794045404179595e-05,3.478709804880998e-05,6.947355369613659e-09,3.933119597232526e-06,0.0,8.827799607106172,60.5,0.0,-0.40676986609170884,-0.40676986609170884,Chengdu
bus_BV10061123,3.4794045404179595e-05,3.4791226483582064e-05,2.818920597530308e-09,3.933119597232526e-06,0.0,8.780845400494385,60.5,0.0,-0.42252478563561136,-0.42252478563561136,Chengdu
bus_BV11001642,3.4794045404179595e-05,3.478781471725507e-05,6.2306869245252095e-09,3.933119597232526e-06,0.0,8.610541237237017,28.5,0.0,-0.42832640952934353,-0.42832640952934353,Chengdu
bus_BV10061693,3.4794045404179595e-05,3.4810712867459975e-05,-1.66674632803802e-08,3.933119597232526e-06,0.0,9.31016468235122,1.5,0.0,-0.4292966852469957,-0.4292966852469957,Chengdu
bus_BV10344756,3.4794045404179595e-05,3.477998404345888e-05,1.4061360720714095e-08,3.933119597232526e-06,0.0,8.285432577435685,44.0,0.0,-0.43572211403607264,-0.43572211403607264,Chengdu
bus_BV09108921,3.4794045404179595e-05,3.4792710910275894e-05,1.3344939037011113e-09,3.933119597232526e-06,0.0,8.643262312587057,5.5,0.0,-0.4390537761125646,-0.4390537761125646,Chengdu
bus_BV11304289,3.4794045404179595e-05,3.4782329343387773e-05,1.1716060791821278e-08,3.933119597232526e-06,0.0,8.287095277863088,173.5,0.0,-0.4421216797652304,-0.4421216797652304,Chengdu
bus_BV10061173,3.4794045404179595e-05,3.476659619902499e-05,2.7449205154605138e-08,3.933119597232526e-06,0.0,7.646624327020728,579.5,0.0,-0.45583533411725463,-0.45583533411725463,Chengdu
bus_BV11689370,3.4794045404179595e-05,3.478445259832597e-05,9.592805853626178e-09,3.933119597232526e-06,0.0,8.068963984895596,79.5,0.0,-0.4676846715320244,-0.4676846715320244,Chengdu
bus_BV10348380,3.4794045404179595e-05,3.478664507839651e-05,7.400325783084012e-09,3.933119597232526e-06,0.0,8.02513879749522,20.0,0.0,-0.4777518184516981,-0.4777518184516981,Chengdu
bus_BV09031142,3.4794045404179595e-05,3.4784172918469255e-05,9.872485710340183e-09,3.933119597232526e-06,0.0,7.805913429972345,173.5,0.0,-0.49058064187479333,-0.49058064187479333,Chengdu
bus_BV09339534,3.4794045404179595e-05,3.4793525732177834e-05,5.196720017605931e-10,3.933119597232526e-06,0.0,7.87309145012958,13.5,0.0,-0.5106516299254522,-0.5106516299254522,Chengdu
bus_BV10062479,3.4794045404179595e-05,3.47866939771221e-05,7.351427057493431e-09,3.933119597232526e-06,0.0,7.640021418150619,28.5,0.0,-0.512552479562859,-0.512552479562859,Chengdu
bus_BV10844476,2.4026185757667098e-05,2.384465115480872e-05,1.8153460285837792e-07,0.002464664006146977,0.01037344398340249,8.955785131294027,290.5,0.0,3.55192589185793,3.55192589185793,Hangzhou
bus_BV09062684,2.4026185757667098e-05,2.394814317308256e-05,7.804258458453853e-08,0.00026016423308072856,0.0,10.107888986443816,31.5,0.0625,1.0573376337722107,1.0573376337722107,Hangzhou
bus_BV10383571,2.4026185757667098e-05,2.4007172346756193e-05,1.901341091090547e-08,8.113186024116814e-07,0.0,19.394175918029255,1.0,0.0,0.7665082074432926,0.7665082074432926,Hangzhou
bus_BV10181431,2.4026185757667098e-05,2.384558987742463e-05,1.80595880242469e-07,8.113186024116814e-07,0.0,7.4616914189994565,628.0,0.0,0.5816970731862429,0.5816970731862429,Hangzhou
bus_BV10181603,2.4026185757667098e-05,2.401779692187665e-05,8.388835790446958e-09,8.113186024116814e-07,0.0,9.437601160053037,31.5,0.06666666666666667,0.517076106029922,0.517076106029922,Hangzhou
bus_BV09208763,2.4026185757667098e-05,2.4023758220274645e-05,2.4275373924528257e-09,8.113186024116814e-07,0.0,9.710686970356038,49.0,0.06666666666666667,0.5091600110302413,0.5091600110302413,Hangzhou
bus_BV10183694,2.4026185757667098e-05,2.4022629662515722e-05,3.556095151375729e-09,8.113186024116814e-07,0.0,7.925691808586095,102.5,0.07692307692307693,0.4632913472881597,0.4632913472881597,Hangzhou
bus_BV10180736,2.4026185757667098e-05,2.4016517317833632e-05,9.668439833465658e-09,6.56495472219909e-05,0.0,15.621406983001473,6.0,0.0,0.42132864399567205,0.42132864399567205,Hangzhou
bus_BV10181063,2.4026185757667098e-05,2.4004346288575163e-05,2.183946909193555e-08,8.113186024116814e-07,0.0,9.669314057068945,6.0,0.047619047619047616,0.41388178756951705,0.41388178756951705,Hangzhou
bus_BV10389490,2.4026185757667098e-05,2.39733053508274e-05,5.2880406839698725e-08,6.56495472219909e-05,0.002074688796680498,7.85654552764046,31.5,0.0,0.24997770353827353,0.24997770353827353,Hangzhou
bus_BV11148787,2.4026185757667098e-05,2.405039861610675e-05,-2.42128584396503e-08,8.113186024116814e-07,0.0,15.58820623118378,9.0,0.0,0.1990299322880028,0.1990299322880028,Hangzhou
bus_BV10181321,2.4026185757667098e-05,2.400130217212502e-05,2.4883585542079516e-08,8.113186024116814e-07,0.0,10.799171368491724,147.0,0.0,0.04031812841545965,0.04031812841545965,Hangzhou
bus_BV10183395,2.4026185757667098e-05,2.401999762830795e-05,6.1881293591467014e-09,8.113186024116814e-07,0.0,11.21034168478958,16.5,0.0,-0.023760052873342263,-0.023760052873342263,Hangzhou
bus_BV10184121,2.4026185757667098e-05,2.402038845043606e-05,5.797307231038067e-09,8.113186024116814e-07,0.0,11.157235078614317,31.5,0.0,-0.030538911913052642,-0.030538911913052642,Hangzhou
bus_BV10181363,2.4026185757667098e-05,2.4016820033859998e-05,9.365723807100142e-09,8.113186024116814e-07,0.0,10.888164075532213,49.0,0.0,-0.035109736827364416,-0.035109736827364416,Hangzhou
bus_BV10181183,2.4026185757667098e-05,2.4025551734301158e-05,6.340233659401584e-10,8.113186024116814e-07,0.0,11.161505327596709,21.5,0.0,-0.05787003247364701,-0.05787003247364701,Hangzhou
bus_BV10180590,2.4026185757667098e-05,2.4023000012206738e-05,3.185745460360383e-09,8.113186024116814e-07,0.0,10.992613128746862,6.0,0.0,-0.059065468545918126,-0.059065468545918126,Hangzhou
bus_BV10180734,2.4026185757667098e-05,2.402176515018112e-05,4.42060748597945e-09,8.113186024116814e-07,0.0,10.768238877793538,16.5,0.0,-0.07221853815884102,-0.07221853815884102,Hangzhou
bus_BV10181692,2.4026185757667098e-05,2.4016935290462366e-05,9.250467204732158e-09,8.113186024116814e-07,0.0,10.148449504058178,147.0,0.0,-0.10093763337790687,-0.10093763337790687,Hangzhou
bus_BV10180532,2.4026185757667098e-05,2.4023978448552452e-05,2.2073091146458006e-09,8.113186024116814e-07,0.0,10.168197868202208,2.0,0.0,-0.13699219198974724,-0.13699219198974724,Hangzhou
bus_BV10180669,2.4026185757667098e-05,2.401797894541742e-05,8.20681224967897e-09,6.56495472219909e-05,0.0,9.307901403368401,31.5,0.0,-0.14308073651590753,-0.14308073651590753,Hangzhou
bus_BV10186046,2.4026185757667098e-05,2.4019166603998404e-05,7.019153668693989e-09,8.113186024116814e-07,0.0,9.66238766052511,70.5,0.0,-0.15576014948331662,-0.15576014948331662,Hangzhou
bus_BV10943967,2.4026185757667098e-05,2.4026065776355893e-05,1.1998131120558356e-10,8.113186024116814e-07,0.0,9.736430194813725,31.5,0.0,-0.18625574975970005,-0.18625574975970005,Hangzhou
bus_BV10180654,2.4026185757667098e-05,2.4015851072707585e-05,1.0334684959513587e-08,8.113186024116814e-07,0.0,9.043456547419556,49.0,0.0,-0.1925298766646527,-0.1925298766646527,Hangzhou
bus_BV10182818,2.4026185757667098e-05,2.401803983500206e-05,8.145922665038079e-09,8.113186024116814e-07,0.0,9.15102914116452,49.0,0.0,-0.19479231937476943,-0.19479231937476943,Hangzhou
bus_BV09010740,2.4026185757667098e-05,2.4025665850951336e-05,5.199067157625708e-10,8.113186024116814e-07,0.0,9.570213834751959,6.0,0.0,-0.198762414893062,-0.198762414893062,Hangzhou
bus_BV10182792,2.4026185757667098e-05,2.3999073070898977e-05,2.7112686768121437e-08,8.113186024116814e-07,0.0,7.762036802620708,12.0,0.0,-0.2154579434048896,-0.2154579434048896,Hangzhou
bus_BV10183642,2.4026185757667098e-05,2.401349724226045e-05,1.2688515406647657e-08,6.56495472219909e-05,0.0,7.921244199474006,12.0,0.0,-0.24127122222728098,-0.24127122222728098,Hangzhou
bus_BV09009899,2.4026185757667098e-05,2.4019366215499283e-05,6.819542167815475e-09,8.113186024116814e-07,0.0,8.673558547191996,31.5,0.0,-0.24400136253418403,-0.24400136253418403,Hangzhou
bus_BV10180577,2.4026185757667098e-05,2.4025794403663607e-05,3.91354003491265e-10,8.113186024116814e-07,0.0,9.032768682728502,12.0,0.0,-0.24683063934327115,-0.24683063934327115,Hangzhou
bus_BV10944260,2.4026185757667098e-05,2.4015914144834533e-05,1.0271612832565277e-08,8.113186024116814e-07,0.0,8.42361701945419,3.0,0.0,-0.24751017546016896,-0.24751017546016896,Hangzhou
bus_BV11315946,2.4026185757667098e-05,2.4026185757667098e-05,0.0,6.56495472219909e-05,0.0,8.608538147419354,6.0,0.0,-0.2487729243520394,-0.2487729243520394,Hangzhou
bus_BV10184436,2.4026185757667098e-05,2.4003630472664995e-05,2.2555285002103084e-08,8.113186024116814e-07,0.0,7.5382828002873525,204.0,0.0,-0.2596391733519752,-0.2596391733519752,Hangzhou
bus_BV10184378,2.4026185757667098e-05,2.40236631847587e-05,2.522572908398484e-09,8.113186024116814e-07,0.0,8.7573354876294,147.0,0.0,-0.25967470957273847,-0.25967470957273847,Hangzhou
bus_BV10509231,2.4026185757667098e-05,2.400533750690939e-05,2.084825075770674e-08,8.113186024116814e-07,0.0,7.615067267979469,422.5,0.0,-0.2620306558301665,-0.2620306558301665,Hangzhou
bus_BV10338221,2.4026185757667098e-05,2.4026185757667098e-05,0.0,8.113186024116814e-07,0.0,8.86478912630508,21.5,0.0,-0.2637389558680423,-0.2637389558680423,Hangzhou
bus_BV10184571,2.4026185757667098e-05,2.4025471728870418e-05,7.140287966805555e-10,6.56495472219909e-05,0.0,8.128494681458498,102.5,0.0,-0.28725939601933004,-0.28725939601933004,Hangzhou
bus_BV10838153,2.4026185757667098e-05,2.4018600367202593e-05,7.585390464504699e-09,8.113186024116814e-07,0.0,8.03543692504656,102.5,0.0,-0.2961451069845518,-0.2961451069845518,Hangzhou
bus_BV09264164,2.4026185757667098e-05,2.402289140021944e-05,3.2943574476571253e-09,8.113186024116814e-07,0.0,8.290503393388441,70.5,0.0,-0.29668660247639195,-0.29668660247639195,Hangzhou
bus_BV10181460,2.4026185757667098e-05,2.4026160114466e-05,2.5643201097432216e-11,8.113186024116814e-07,0.0,8.47535117922865,21.5,0.0,-0.2979321764817602,-0.2979321764817602,Hangzhou
bus_BV10180688,2.4026185757667098e-05,2.401049942633085e-05,1.5686331336248557e-08,8.113186024116814e-07,0.0,7.464584973166855,12.0,0.0,-0.302996635780334,-0.302996635780334,Hangzhou
bus_BV10183824,2.4026185757667098e-05,2.4013194253010963e-05,1.2991504656134818e-08,8.113186024116814e-07,0.0,7.394109103033112,290.5,0.0,-0.32367058427737144,-0.32367058427737144,Hangzhou
bus_BV10180643,2.4026185757667098e-05,2.401678615818845e-05,9.399599478648359e-09,8.113186024116814e-07,0.0,7.516249028070785,31.5,0.0,-0.3321784870056904,-0.3321784870056904,Hangzhou
bus_BV11600877,2.4026185757667098e-05,2.4023877969084482e-05,2.3077885826162025e-09,6.56495472219909e-05,0.0,7.419382920681817,21.5,0.0,-0.34121846807064904,-0.34121846807064904,Hangzhou
bus_BV10183673,2.4026185757667098e-05,2.4026185757667098e-05,0.0,8.113186024116814e-07,0.0,7.945929661215019,31.5,0.0,-0.34474083899831265,-0.34474083899831265,Hangzhou
bus_BV11070627,2.4026185757667098e-05,2.4021007194412135e-05,5.17856325496266e-09,8.113186024116814e-07,0.0,7.517310338470091,102.5,0.0,-0.3547361378366478,-0.3547361378366478,Hangzhou
bus_BV10180528,2.4026185757667098e-05,2.4060569666617e-05,-3.43839089499014e-08,6.56495472219909e-05,0.0,9.293912925479725,12.0,0.0,-0.3728671006691924,-0.3728671006691924,Hangzhou
bus_BV10646921,2.4026185757667098e-05,2.4026120922341066e-05,6.483532603211804e-11,8.113186024116814e-07,0.0,7.611437749088379,70.5,0.0,-0.37387998681190643,-0.37387998681190643,Hangzhou
bus_BV10187127,2.4026185757667098e-05,2.4026185757667098e-05,0.0,8.113186024116814e-07,0.0,7.5032433904406854,204.0,0.0,-0.38376576384372757,-0.38376576384372757,Hangzhou
bus_BV10426889,2.4026185757667098e-05,2.402513170375874e-05,1.0540539083580907e-09,8.113186024116814e-07,0.0,7.404052230957812,204.0,0.0,-0.38685360636307503,-0.38685360636307503,Hangzhou
bus_BV10001933,2.1437451245584954e-05,2.1418137087464492e-05,1.9314158120461506e-08,0.0001791828642816462,0.002004008016032064,10.620931465077565,102.5,0.0,1.6089826055249163,1.6089826055249163,Beijing
bus_BV10418062,2.1437451245584954e-05,2.1434184929664567e-05,3.2663159203863467e-09,0.000835820877653104,0.0,10.591687940980886,15.5,0.05555555555555555,1.3856125860261845,1.3856125860261845,Beijing
bus_BV10002226,2.1437451245584954e-05,2.1372835218300735e-05,6.461602728421851e-08,0.00011948849942966522,0.0,9.189388448654832,70.5,0.07142857142857142,1.219003296056864,1.219003296056864,Beijing
bus_BV10006169,2.1437451245584954e-05,2.1409183279557693e-05,2.8267966027260334e-08,9.976972570324705e-08,0.0,10.709334312088865,52.0,0.06666666666666667,0.5894499905495587,0.5894499905495587,Beijing
bus_BV10002284,2.1437451245584954e-05,2.1409800836242516e-05,2.7650409342437382e-08,0.0004179603236894591,0.0,9.601235387492414,152.5,0.0,0.5864609737730228,0.5864609737730228,Beijing
bus_BV10006453,2.1437451245584954e-05,2.1395134178438665e-05,4.231706714628828e-08,9.976972570324705e-08,0.0,15.171759812293153,26.0,0.0,0.5463064517272248,0.5463064517272248,Beijing
bus_BV10322789,2.1437451245584954e-05,2.141858234008704e-05,1.8868905497912338e-08,0.0001791828642816462,0.0,8.57468870637428,15.5,0.058823529411764705,0.515647177220371,0.515647177220371,Beijing
bus_BV10000786,2.1437451245584954e-05,2.1431739661816485e-05,5.711583768468935e-09,5.979413457768423e-05,0.0,13.04272211523423,38.0,0.0625,0.48279533404261904,0.48279533404261904,Beijing
bus_BV10883822,2.1437451245584954e-05,2.143353314263026e-05,3.918102954694112e-09,5.979413457768423e-05,0.0,20.748901374905444,1.0,0.0,0.46842621768781134,0.46842621768781134,Beijing
bus_BV10000343,2.1437451245584954e-05,2.143613188241721e-05,1.3193631677425204e-09,5.979413457768423e-05,0.0,21.04797292214695,2.0,0.0,0.4518200172241653,0.4518200172241653,Beijing
bus_BV10006901,2.1437451245584954e-05,2.1382412455602197e-05,5.503878998275674e-08,9.976972570324705e-08,0.0,8.844214935067743,443.5,0.0,0.29885604015689327,0.29885604015689327,Beijing
bus_BV10346096,2.1437451245584954e-05,2.1431036275997714e-05,6.414969587239513e-09,0.00011948849942966522,0.0,8.381506157769207,15.5,0.058823529411764705,0.23691397786054222,0.23691397786054222,Beijing
bus_BV10008612,2.1437451245584954e-05,2.1430404622087093e-05,7.046623497860058e-09,9.976972570324705e-08,0.0,8.11311952210609,26.0,0.0625,0.07928448354462486,0.07928448354462486,Beijing
bus_BV11493613,2.1437451245584954e-05,2.14151004829247e-05,2.235076266025445e-08,9.976972570324705e-08,0.0,11.856298963656208,6.5,0.0,0.03929680748189812,0.03929680748189812,Beijing
bus_BV10001189,2.1437451245584954e-05,2.1432490149286004e-05,4.96109629894955e-09,9.976972570324705e-08,0.0,15.486071862634837,3.5,0.0,0.03825314136925581,0.03825314136925581,Beijing
bus_BV10000300,2.1437451245584954e-05,2.143509908342452e-05,2.3521621604332007e-09,9.976972570324705e-08,0.0,8.469942467344808,26.0,0.058823529411764705,0.006896355233674545,0.006896355233674545,Beijing
bus_BV11494365,2.1437451245584954e-05,2.141843929826796e-05,1.9011947316994012e-08,9.976972570324705e-08,0.0,11.959991764399039,307.0,0.0,-0.0010020354808927823,-0.0010020354808927823,Beijing
bus_BV10000437,2.1437451245584954e-05,2.1435362345644612e-05,2.088899940341267e-09,0.00011948849942966522,0.0,12.588739489969928,15.5,0.0,-0.019856768029442126,-0.019856768029442126,Beijing
bus_BV10801206,2.1437451245584954e-05,2.1436819282383407e-05,6.319632015468841e-10,9.976972570324705e-08,0.0,7.9414250962658395,38.0,0.0625,-0.023210766054697383,-0.023210766054697383,Beijing
bus_BV11266827,2.1437451245584954e-05,2.1437451245584954e-05,0.0,9.976972570324705e-08,0.0,15.285057302990253,443.5,0.0,-0.0456283439314004,-0.0456283439314004,Beijing
bus_BV10001388,2.1437451245584954e-05,2.1435130346894188e-05,2.3208986907657036e-09,9.976972570324705e-08,0.0,14.597411285185103,26.0,0.0,-0.05922426652432749,-0.05922426652432749,Beijing
bus_BV10000212,2.1437451245584954e-05,2.143673192552401e-05,7.193200609436408e-10,9.976972570324705e-08,0.0,14.522070791107017,5.0,0.0,-0.08700970918236686,-0.08700970918236686,Beijing
bus_BV10883823,2.1437451245584954e-05,2.1439807085258244e-05,-2.3558396732901543e-09,9.976972570324705e-08,0.0,8.743004677305834,9.0,0.05263157894736842,-0.09186565129052215,-0.09186565129052215,Beijing
bus_BV10002657,2.1437451245584954e-05,2.143716500019982e-05,2.8624538513211226e-10,9.976972570324705e-08,0.0,14.503929759285162,52.0,0.0,-0.09437219841051767,-0.09437219841051767,Beijing
bus_BV11493641,2.1437451245584954e-05,2.142573527616262e-05,1.1715969422333212e-08,0.00011948849942966522,0.0,9.428874714233162,38.0,0.0,-0.09703874170701339,-0.09703874170701339,Beijing
bus_BV10000337,2.1437451245584954e-05,2.141033920575192e-05,2.7112039833033472e-08,9.976972570324705e-08,0.0,8.83118274701003,219.0,0.0,-0.09772064805389333,-0.09772064805389333,Beijing
bus_BV10001147,2.1437451245584954e-05,2.1436989881519455e-05,4.6136406549879814e-10,9.976972570324705e-08,0.0,13.669855982030507,9.0,0.0,-0.14826947148486583,-0.14826947148486583,Beijing
bus_BV11628288,2.1437451245584954e-05,2.1432063053268913e-05,5.3881923160410455e-09,9.976972570324705e-08,0.0,12.59625292833527,9.0,0.0,-0.15103027538936137,-0.15103027538936137,Beijing
bus_BV10830966,2.1437451245584954e-05,2.1417745604739928e-05,1.9705640845025607e-08,9.976972570324705e-08,0.0,9.44997764145581,102.5,0.0,-0.1608354182099769,-0.1608354182099769,Beijing
bus_BV10495434,2.1437451245584954e-05,2.1433010520487526e-05,4.440725097427147e-09,5.979413457768423e-05,0.0,11.235929886173126,3.5,0.0,-0.16719030573439408,-0.16719030573439408,Beijing
bus_BV10005930,2.1437451245584954e-05,2.141530729127071e-05,2.2143954314242614e-08,9.976972570324705e-08,0.0,8.76045382027147,38.0,0.0,-0.17289461240156406,-0.17289461240156406,Beijing
bus_BV10007675,2.1437451245584954e-05,2.143739694459746e-05,5.430098749391755e-11,5.979413457768423e-05,0.0,11.758064586387086,26.0,0.0,-0.19404853916017784,-0.19404853916017784,Beijing
bus_BV10002041,2.1437451245584954e-05,2.1433025998517246e-05,4.425247067707695e-09,9.976972570324705e-08,0.0,11.290110365823075,102.5,0.0,-0.25296195056956083,-0.25296195056956083,Beijing
bus_BV10000201,2.1437451245584954e-05,2.1430258441721653e-05,7.192803863300166e-09,9.976972570324705e-08,0.0,10.707646030318232,15.5,0.0,-0.25311947738565177,-0.25311947738565177,Beijing
bus_BV10000124,2.1437451245584954e-05,2.1436846903545187e-05,6.043420397668401e-10,0.00011948849942966522,0.0,9.114629677877856,15.5,0.0,-0.27572119084710356,-0.27572119084710356,Beijing
bus_BV10000273,2.1437451245584954e-05,2.1437420778545303e-05,3.046703965096974e-11,9.976972570324705e-08,0.0,11.845407506369204,26.0,0.0,-0.27769699125551073,-0.27769699125551073,Beijing
bus_BV10001786,2.1437451245584954e-05,2.1434275472602457e-05,3.175772982496407e-09,5.979413457768423e-05,0.0,9.724906788698274,102.5,0.0,-0.28724986770912486,-0.28724986770912486,Beijing
bus_BV10001135,2.1437451245584954e-05,2.143559959210242e-05,1.8516534825341237e-09,9.976972570324705e-08,0.0,10.635667324016389,26.0,0.0,-0.33366389784240424,-0.33366389784240424,Beijing
bus_BV10002200,2.1437451245584954e-05,2.1429425924481388e-05,8.025321103565468e-09,9.976972570324705e-08,0.0,9.113321433418307,6.5,0.0,-0.3490905682546813,-0.3490905682546813,Beijing
bus_BV10001570,2.1437451245584954e-05,2.1436264891948914e-05,1.1863536360396125e-09,5.979413457768423e-05,0.0,9.007898344968753,15.5,0.0,-0.363903672930859,-0.363903672930859,Beijing
bus_BV10004465,2.1437451245584954e-05,2.143672846340339e-05,7.227821815620442e-10,9.976972570324705e-08,0.0,10.335947351460606,26.0,0.0,-0.3699182709294163,-0.3699182709294163,Beijing
bus_BV10011188,2.1437451245584954e-05,2.1433667527238017e-05,3.783718346936528e-09,9.976972570324705e-08,0.0,9.41042877266957,52.0,0.0,-0.3891073611383091,-0.3891073611383091,Beijing
bus_BV09019500,2.1437451245584954e-05,2.143488963898896e-05,2.5616065959931805e-09,9.976972570324705e-08,0.0,9.44236953367769,38.0,0.0,-0.4042645255877243,-0.4042645255877243,Beijing
bus_BV10002776,2.1437451245584954e-05,2.1437451245584954e-05,0.0,9.976972570324705e-08,0.0,9.727326736655654,38.0,0.0,-0.4212986313008612,-0.4212986313008612,Beijing
bus_BV10375906,2.1437451245584954e-05,2.1437121130117355e-05,3.301154675985007e-10,9.976972570324705e-08,0.0,9.531360863060295,26.0,0.0,-0.4298673597505597,-0.4298673597505597,Beijing
bus_BV10006222,2.1437451245584954e-05,2.1433411850545573e-05,4.039395039380419e-09,9.976972570324705e-08,0.0,8.595145918422803,102.5,0.0,-0.4405930457448429,-0.4405930457448429,Beijing
bus_BV10001120,2.1437451245584954e-05,2.1436743047376215e-05,7.08198208738709e-10,9.976972570324705e-08,0.0,8.218515736428724,52.0,0.0,-0.5132509837699412,-0.5132509837699412,Beijing
bus_BV10375911,2.1437451245584954e-05,2.143675466149684e-05,6.965840881136042e-10,9.976972570324705e-08,0.0,8.11682451693583,38.0,0.0,-0.5202892803937877,-0.5202892803937877,Beijing
bus_BV10001194,2.1437451245584954e-05,2.1436626799354942e-05,8.244462300118079e-10,9.976972570324705e-08,0.0,7.943427125660153,70.5,0.0,-0.5301982500275024,-0.5301982500275024,Beijing
bus_BV09366699,2.1437451245584954e-05,2.143703296158648e-05,4.1828399847520376e-10,9.976972570324705e-08,0.0,8.022439952479967,38.0,0.0,-0.5306123789963694,-0.5306123789963694,Beijing
bus_BV10026905,2.9852612892073866e-05,2.9625188136670022e-05,2.2742475540384313e-07,0.000514673991237502,0.006085192697768763,10.361849796357578,125.0,0.0,2.223601621218824,2.223601621218824,Shanghai
bus_BV11187411,2.9852612892073866e-05,2.9823827153180394e-05,2.878573889347172e-08,0.001828584302577041,0.002028397565922921,8.616711848124897,77.0,0.0,1.3602552804430932,1.3602552804430932,Shanghai
bus_BV10026790,2.9852612892073866e-05,2.9815760168453573e-05,3.6852723620292544e-08,0.0010859393439938136,0.002028397565922921,10.791218310620103,22.5,0.0,1.0066475904149754,1.0066475904149754,Shanghai
bus_BV10025013,2.9852612892073866e-05,2.978639589249779e-05,6.621699957607625e-08,5.351737567549364e-07,0.0,32.43270768496823,1.0,0.0,0.9884796086746579,0.9884796086746579,Shanghai
bus_BV10430171,2.9852612892073866e-05,2.9754468184406845e-05,9.814470766702027e-08,5.351737567549364e-07,0.0,15.81747451451713,194.5,0.1,0.9069450608393057,0.9069450608393057,Shanghai
bus_BV10342666,2.9852612892073866e-05,2.975917390478646e-05,9.34389872874058e-08,0.00011478824430799506,0.0,25.521206052477353,3.0,0.0,0.8444120491983519,0.8444120491983519,Shanghai
bus_BV10026096,2.9852612892073866e-05,2.962850588157371e-05,2.2410701050015508e-07,5.351737567549364e-07,0.0,13.32886665944932,14.0,0.0,0.7036022914820922,0.7036022914820922,Shanghai
bus_BV10025630,2.9852612892073866e-05,2.9839057624590433e-05,1.3555267483432838e-08,0.00040042092068615087,0.0,9.891177642992913,77.0,0.08333333333333333,0.4671389643620745,0.4671389643620745,Shanghai
bus_BV10026178,2.9852612892073866e-05,2.980133445986195e-05,5.127843221191446e-08,5.7661709032319486e-05,0.0,7.976954423771876,125.0,0.09090909090909091,0.34229561920585916,0.34229561920585916,Shanghai
bus_BV10424709,2.9852612892073866e-05,2.975000545096111e-05,1.0260744111275689e-07,0.0003432943854105863,0.0,10.636505676449966,49.5,0.0,0.3308916705127495,0.3308916705127495,Shanghai
bus_BV10026128,2.9852612892073866e-05,2.982452057248121e-05,2.8092319592654954e-08,5.351737567549364e-07,0.0,9.535385172815031,77.0,0.08333333333333333,0.24456923092738242,0.24456923092738242,Shanghai
bus_BV10383682,2.9852612892073866e-05,2.9846153024733877e-05,6.45986733998808e-09,5.351737567549364e-07,0.0,7.660437772893487,194.5,0.1,0.16847009951835512,0.16847009951835512,Shanghai
bus_BV11452742,2.9852612892073866e-05,2.9849144408719315e-05,3.468483354550383e-09,5.351737567549364e-07,0.0,7.949221793470772,125.0,0.09090909090909091,0.11817346446567278,0.11817346446567278,Shanghai
bus_BV10338456,2.9852612892073866e-05,2.984575984931784e-05,6.853042756023924e-09,5.351737567549364e-07,0.0,7.6383934026479015,125.0,0.09090909090909091,0.11670052315194623,0.11670052315194623,Shanghai
bus_BV10028878,2.9852612892073866e-05,2.9734060306404178e-05,1.185525856696874e-07,5.351737567549364e-07,0.0,9.37745804202967,77.0,0.0,0.1088294605884844,0.1088294605884844,Shanghai
bus_BV11655120,2.9852612892073866e-05,2.9870699206675906e-05,-1.808631460204052e-08,5.351737567549364e-07,0.0,7.708246649833401,125.0,0.09090909090909091,0.023290446407170984,0.023290446407170984,Shanghai
bus_BV10024773,2.9852612892073866e-05,2.9851974573310344e-05,6.383187635213461e-10,5.351737567549364e-07,0.0,8.478535438438513,22.5,0.06666666666666667,-0.007302142310918025,-0.007302142310918025,Shanghai
bus_BV10029791,2.9852612892073866e-05,2.985065077128737e-05,1.9621207864954626e-09,5.351737567549364e-07,0.0,8.401061293085824,14.0,0.0625,-0.029759504196793685,-0.029759504196793685,Shanghai
bus_BV10387424,2.9852612892073866e-05,2.9852612892073866e-05,0.0,5.351737567549364e-07,0.0,14.700079788131516,316.0,0.0,-0.10087672192064334,-0.10087672192064334,Shanghai
bus_BV10407080,2.9852612892073866e-05,2.9797967762470363e-05,5.4645129603502493e-08,5.351737567549364e-07,0.0,9.802051038286905,34.0,0.0,-0.11900340028685105,-0.11900340028685105,Shanghai
bus_BV10028403,2.9852612892073866e-05,2.9838301263577793e-05,1.4311628496072737e-08,5.7661709032319486e-05,0.0,11.510857717877917,10.0,0.0,-0.15767932336977308,-0.15767932336977308,Shanghai
bus_BV10025484,2.9852612892073866e-05,2.9841357510370488e-05,1.125538170337789e-08,5.7661709032319486e-05,0.0,10.930443814686232,7.0,0.0,-0.19678164938968323,-0.19678164938968323,Shanghai
bus_BV10028219,2.9852612892073866e-05,2.981739684590693e-05,3.521604616693418e-08,5.351737567549364e-07,0.0,9.499596759448838,194.5,0.0,-0.20853175435178511,-0.20853175435178511,Shanghai
bus_BV10024583,2.9852612892073866e-05,2.985255932586032e-05,5.356621354433381e-11,5.7661709032319486e-05,0.0,11.423387541674467,3.0,0.0,-0.217065056583298,-0.217065056583298,Shanghai
bus_BV10024942,2.9852612892073866e-05,2.9831420937353377e-05,2.1191954720488912e-08,5.7661709032319486e-05,0.0,9.67523621057835,14.0,0.0,-0.21719557067021183,-0.21719557067021183,Shanghai
bus_BV09207725,2.9852612892073866e-05,2.9801894455717156e-05,5.071843635670904e-08,5.351737567549364e-07,0.0,7.907241341946646,521.0,0.0,-0.22319769287059288,-0.22319769287059288,Shanghai
bus_BV10025346,2.9852612892073866e-05,2.9856115756577135e-05,-3.5028645032691367e-09,5.351737567549364e-07,0.0,12.09562209447357,5.0,0.0,-0.23674923456549918,-0.23674923456549918,Shanghai
bus_BV10025422,2.9852612892073866e-05,2.985254760065878e-05,6.529141508658108e-11,5.351737567549364e-07,0.0,11.324081262080046,14.0,0.0,-0.2591430490203404,-0.2591430490203404,Shanghai
bus_BV10031680,2.9852612892073866e-05,2.9833133309243714e-05,1.9479582830151824e-08,5.7661709032319486e-05,0.0,8.627427840193196,125.0,0.0,-0.27303411762443786,-0.27303411762443786,Shanghai
bus_BV10382937,2.9852612892073866e-05,2.9846339730702814e-05,6.2731613710518826e-09,5.7661709032319486e-05,0.0,9.700727807667702,7.0,0.0,-0.2738388601255598,-0.2738388601255598,Shanghai
bus_BV10029854,2.9852612892073866e-05,2.9852130788384776e-05,4.821036890894866e-10,5.351737567549364e-07,0.0,10.460695169656377,194.5,0.0,-0.29806721924905916,-0.29806721924905916,Shanghai
bus_BV10024763,2.9852612892073866e-05,2.9834604672648706e-05,1.800821942515965e-08,5.351737567549364e-07,0.0,9.011296625281698,49.5,0.0,-0.29817464602705035,-0.29817464602705035,Shanghai
bus_BV10025200,2.9852612892073866e-05,2.984664917308825e-05,5.963718985616348e-09,5.351737567549364e-07,0.0,9.94115526232791,14.0,0.0,-0.3012098787571267,-0.3012098787571267,Shanghai
bus_BV10026090,2.9852612892073866e-05,2.984117705921965e-05,1.1435832854215757e-08,5.351737567549364e-07,0.0,9.374791393343546,77.0,0.0,-0.30658798686492367,-0.30658798686492367,Shanghai
bus_BV10024874,2.9852612892073866e-05,2.9851667493081596e-05,9.453989922694522e-10,5.351737567549364e-07,0.0,10.016665853707297,3.0,0.0,-0.31712034521591415,-0.31712034521591415,Shanghai
bus_BV09368720,2.9852612892073866e-05,2.987040122768092e-05,-1.7788335607053053e-08,5.351737567549364e-07,0.0,10.920743636560072,14.0,0.0,-0.34730031111872545,-0.34730031111872545,Shanghai
bus_BV10026539,2.9852612892073866e-05,2.9887378778487556e-05,-3.476588641369025e-08,5.351737567549364e-07,0.0,11.957733678503937,194.5,0.0,-0.3644306693400035,-0.3644306693400035,Shanghai
bus_BV10025092,2.9852612892073866e-05,2.984643379131526e-05,6.17910075860698e-09,5.351737567549364e-07,0.0,8.5757182053251,22.5,0.0,-0.36448871760848406,-0.36448871760848406,Shanghai
bus_BV10381328,2.9852612892073866e-05,2.984565580793793e-05,6.957084135935938e-09,5.351737567549364e-07,0.0,8.4634359842767,49.5,0.0,-0.366744665253876,-0.366744665253876,Shanghai
bus_BV11547620,2.9852612892073866e-05,2.9838300205026915e-05,1.431268704695017e-08,5.351737567549364e-07,0.0,7.777237782331851,49.5,0.0,-0.37044727769655655,-0.37044727769655655,Shanghai
bus_BV10025795,2.9852612892073866e-05,2.9852612892073866e-05,0.0,5.7661709032319486e-05,0.0,8.145701980542135,7.0,0.0,-0.37117592606372835,-0.37117592606372835,Shanghai
bus_BV10024660,2.9852612892073866e-05,2.9845731886503327e-05,6.881005570538853e-09,5.351737567549364e-07,0.0,8.34276938074428,22.5,0.0,-0.3727055030306721,-0.3727055030306721,Shanghai
bus_BV10025907,2.9852612892073866e-05,2.9852612892073866e-05,0.0,5.351737567549364e-07,0.0,8.746006523869704,49.5,0.0,-0.3804492646507407,-0.3804492646507407,Shanghai
bus_BV10024589,2.9852612892073866e-05,2.9852174180145623e-05,4.3871192824260696e-10,5.351737567549364e-07,0.0,8.160091124741665,316.0,0.0,-0.4062599384790255,-0.4062599384790255,Shanghai
bus_BV10027953,2.9852612892073866e-05,2.9852466305114898e-05,1.4658695896794258e-10,5.351737567549364e-07,0.0,8.179141764784744,77.0,0.0,-0.4064979888716104,-0.4064979888716104,Shanghai
bus_BV10029706,2.9852612892073866e-05,2.9851974573310344e-05,6.383187635213461e-10,5.351737567549364e-07,0.0,8.022820171329908,34.0,0.0,-0.4119315970032598,-0.4119315970032598,Shanghai
bus_BV10026738,2.9852612892073866e-05,2.9852293723459564e-05,3.191686143012135e-10,5.351737567549364e-07,0.0,7.702082712612096,77.0,0.0,-0.4282291191359651,-0.4282291191359651,Shanghai
bus_BV10027757,2.9852612892073866e-05,2.9851233831307306e-05,1.3790607665592665e-09,5.351737567549364e-07,0.0,7.60712692309811,34.0,0.0,-0.42857854514449406,-0.42857854514449406,Shanghai
bus_BV10029675,2.9852612892073866e-05,2.985247206132562e-05,1.4083074824719358e-10,5.351737567549364e-07,0.0,7.701477706545233,125.0,0.0,-0.4289489439777432,-0.4289489439777432,Shanghai
bus_BV10029143,2.9852612892073866e-05,2.9879497377093318e-05,-2.6884485019452168e-08,5.351737567549364e-07,0.0,9.169481510511932,9.0,0.0,-0.4647963606356494,-0.4647963606356494,Shanghai
